SMITH,2501922.00
JOHNSON,2014470.00
WILLIAMS,1738413.00
JONES,1544427.00
BROWN,1544427.00
DAVIS,1193760.00
MILLER,1054488.00
WILSON,843093.00
MOORE,775944.00
TAYLOR,773457.00
ANDERSON,773457.00
THOMAS,773457.00
JACKSON,770970.00
WHITE,693873.00
HARRIS,683925.00
MARTIN,678951.00
THOMPSON,669003.00
GARCIA,631698.00
MARTINEZ,581958.00
ROBINSON,579471.00
CLARK,574497.00
RODRIGUEZ,569523.00
LEWIS,562062.00
LEE,547140.00
WALKER,544653.00
HALL,497400.00
ALLEN,494913.00
YOUNG,479991.00
HERNANDEZ,477504.00
KING,472530.00
WRIGHT,470043.00
LOPEZ,465069.00
HILL,465069.00
SCOTT,460095.00
GREEN,455121.00
ADAMS,432738.00
BAKER,425277.00
GONZALEZ,412842.00
NELSON,402894.00
CARTER,402894.00
MITCHELL,397920.00
PEREZ,385485.00
ROBERTS,380511.00
TURNER,378024.00
PHILLIPS,370563.00
CAMPBELL,370563.00
PARKER,363102.00
EVANS,350667.00
EDWARDS,340719.00
COLLINS,333258.00
STEWART,330771.00
SANCHEZ,323310.00
MORRIS,310875.00
ROGERS,305901.00
REED,303414.00
COOK,298440.00
MORGAN,293466.00
BELL,290979.00
MURPHY,290979.00
BAILEY,286005.00
RIVERA,281031.00
COOPER,281031.00
RICHARDSON,278544.00
COX,273570.00
HOWARD,273570.00
WARD,268596.00
TORRES,268596.00
PETERSON,266109.00
GRAY,263622.00
RAMIREZ,261135.00
JAMES,261135.00
WATSON,256161.00
BROOKS,256161.00
KELLY,253674.00
SANDERS,248700.00
PRICE,246213.00
BENNETT,246213.00
WOOD,243726.00
BARNES,241239.00
ROSS,238752.00
HENDERSON,236265.00
COLEMAN,236265.00
JENKINS,236265.00
PERRY,233778.00
POWELL,231291.00
LONG,228804.00
PATTERSON,228804.00
HUGHES,228804.00
FLORES,228804.00
WASHINGTON,228804.00
BUTLER,226317.00
SIMMONS,226317.00
FOSTER,226317.00
GONZALES,216369.00
BRYANT,216369.00
ALEXANDER,211395.00
RUSSELL,211395.00
GRIFFIN,208908.00
DIAZ,208908.00
HAYES,206421.00
MYERS,206421.00
FORD,203934.00
HAMILTON,203934.00
GRAHAM,203934.00
SULLIVAN,201447.00
WALLACE,201447.00
WOODS,198960.00
COLE,198960.00
WEST,198960.00
JORDAN,193986.00
OWENS,193986.00
REYNOLDS,193986.00
FISHER,191499.00
ELLIS,191499.00
HARRISON,189012.00
GIBSON,186525.00
MCDONALD,186525.00
CRUZ,186525.00
MARSHALL,186525.00
ORTIZ,186525.00
GOMEZ,186525.00
MURRAY,184038.00
FREEMAN,184038.00
WELLS,181551.00
WEBB,179064.00
SIMPSON,174090.00
STEVENS,174090.00
TUCKER,174090.00
PORTER,171603.00
HUNTER,171603.00
HICKS,171603.00
CRAWFORD,169116.00
HENRY,169116.00
BOYD,169116.00
MASON,169116.00
MORALES,166629.00
KENNEDY,166629.00
WARREN,166629.00
DIXON,164142.00
RAMOS,164142.00
REYES,164142.00
BURNS,161655.00
GORDON,161655.00
SHAW,161655.00
HOLMES,161655.00
RICE,159168.00
ROBERTSON,159168.00
HUNT,156681.00
BLACK,156681.00
DANIELS,154194.00
PALMER,154194.00
MILLS,151707.00
NICHOLS,149220.00
GRANT,149220.00
KNIGHT,149220.00
FERGUSON,146733.00
ROSE,146733.00
STONE,146733.00
HAWKINS,146733.00
DUNN,144246.00
PERKINS,144246.00
HUDSON,144246.00
SPENCER,141759.00
GARDNER,141759.00
STEPHENS,141759.00
PAYNE,141759.00
PIERCE,139272.00
BERRY,139272.00
MATTHEWS,139272.00
ARNOLD,139272.00
WAGNER,136785.00
WILLIS,136785.00
RAY,136785.00
WATKINS,136785.00
OLSON,136785.00
CARROLL,136785.00
DUNCAN,136785.00
SNYDER,136785.00
HART,134298.00
CUNNINGHAM,134298.00
BRADLEY,134298.00
LANE,134298.00
ANDREWS,134298.00
RUIZ,134298.00
HARPER,134298.00
FOX,131811.00
RILEY,131811.00
ARMSTRONG,131811.00
CARPENTER,131811.00
WEAVER,131811.00
GREENE,131811.00
LAWRENCE,129324.00
ELLIOTT,129324.00
CHAVEZ,129324.00
SIMS,129324.00
AUSTIN,129324.00
PETERS,129324.00
KELLEY,129324.00
FRANKLIN,126837.00
LAWSON,126837.00
FIELDS,126837.00
GUTIERREZ,126837.00
RYAN,126837.00
SCHMIDT,126837.00
CARR,126837.00
VASQUEZ,126837.00
CASTILLO,126837.00
WHEELER,126837.00
CHAPMAN,124350.00
OLIVER,124350.00
MONTGOMERY,121863.00
RICHARDS,121863.00
WILLIAMSON,121863.00
JOHNSTON,121863.00
BANKS,119376.00
MEYER,119376.00
BISHOP,119376.00
MCCOY,119376.00
HOWELL,119376.00
ALVAREZ,119376.00
MORRISON,119376.00
HANSEN,116889.00
FERNANDEZ,116889.00
GARZA,116889.00
HARVEY,116889.00
LITTLE,114402.00
BURTON,114402.00
STANLEY,114402.00
NGUYEN,114402.00
GEORGE,114402.00
JACOBS,114402.00
REID,114402.00
KIM,111915.00
FULLER,111915.00
LYNCH,111915.00
DEAN,111915.00
GILBERT,111915.00
GARRETT,111915.00
ROMERO,111915.00
WELCH,109428.00
LARSON,109428.00
FRAZIER,109428.00
BURKE,109428.00
HANSON,106941.00
DAY,106941.00
MENDOZA,106941.00
MORENO,106941.00
BOWMAN,106941.00
MEDINA,104454.00
FOWLER,104454.00
BREWER,104454.00
HOFFMAN,104454.00
CARLSON,104454.00
SILVA,104454.00
PEARSON,104454.00
HOLLAND,104454.00
DOUGLAS,101967.00
FLEMING,101967.00
JENSEN,101967.00
VARGAS,101967.00
BYRD,101967.00
DAVIDSON,101967.00
HOPKINS,101967.00
MAY,99480.00
TERRY,99480.00
HERRERA,99480.00
WADE,99480.00
SOTO,99480.00
WALTERS,99480.00
CURTIS,99480.00
NEAL,96993.00
CALDWELL,96993.00
LOWE,96993.00
JENNINGS,96993.00
BARNETT,96993.00
GRAVES,96993.00
JIMENEZ,96993.00
HORTON,96993.00
SHELTON,96993.00
BARRETT,96993.00
OBRIEN,96993.00
CASTRO,96993.00
SUTTON,94506.00
GREGORY,94506.00
MCKINNEY,94506.00
LUCAS,94506.00
MILES,94506.00
CRAIG,94506.00
RODRIQUEZ,92019.00
CHAMBERS,92019.00
HOLT,92019.00
LAMBERT,92019.00
FLETCHER,92019.00
WATTS,92019.00
BATES,92019.00
HALE,92019.00
RHODES,92019.00
PENA,92019.00
BECK,92019.00
NEWMAN,89532.00
HAYNES,89532.00
MCDANIEL,89532.00
MENDEZ,89532.00
BUSH,89532.00
VAUGHN,89532.00
PARKS,87045.00
DAWSON,87045.00
SANTIAGO,87045.00
NORRIS,87045.00
HARDY,87045.00
LOVE,87045.00
STEELE,87045.00
CURRY,87045.00
POWERS,87045.00
SCHULTZ,87045.00
BARKER,87045.00
GUZMAN,84558.00
PAGE,84558.00
MUNOZ,84558.00
BALL,84558.00
KELLER,84558.00
CHANDLER,84558.00
WEBER,84558.00
LEONARD,84558.00
WALSH,82071.00
LYONS,82071.00
RAMSEY,82071.00
WOLFE,82071.00
SCHNEIDER,82071.00
MULLINS,82071.00
BENSON,82071.00
SHARP,82071.00
BOWEN,82071.00
DANIEL,82071.00
BARBER,79584.00
CUMMINGS,79584.00
HINES,79584.00
BALDWIN,79584.00
GRIFFITH,79584.00
VALDEZ,79584.00
HUBBARD,79584.00
SALAZAR,79584.00
REEVES,79584.00
WARNER,77097.00
STEVENSON,77097.00
BURGESS,77097.00
SANTOS,77097.00
TATE,77097.00
CROSS,77097.00
GARNER,77097.00
MANN,77097.00
MACK,77097.00
MOSS,77097.00
THORNTON,77097.00
DENNIS,77097.00
MCGEE,77097.00
FARMER,74610.00
DELGADO,74610.00
AGUILAR,74610.00
VEGA,74610.00
GLOVER,74610.00
MANNING,74610.00
COHEN,74610.00
HARMON,74610.00
RODGERS,74610.00
ROBBINS,74610.00
NEWTON,74610.00
TODD,74610.00
BLAIR,74610.00
HIGGINS,74610.00
INGRAM,74610.00
REESE,74610.00
CANNON,74610.00
STRICKLAND,74610.00
TOWNSEND,74610.00
POTTER,74610.00
GOODWIN,74610.00
WALTON,74610.00
ROWE,72123.00
HAMPTON,72123.00
ORTEGA,72123.00
PATTON,72123.00
SWANSON,72123.00
JOSEPH,72123.00
FRANCIS,72123.00
GOODMAN,72123.00
MALDONADO,72123.00
YATES,72123.00
BECKER,72123.00
ERICKSON,72123.00
HODGES,72123.00
RIOS,72123.00
CONNER,72123.00
ADKINS,72123.00
WEBSTER,69636.00
NORMAN,69636.00
MALONE,69636.00
HAMMOND,69636.00
FLOWERS,69636.00
COBB,69636.00
MOODY,69636.00
QUINN,69636.00
BLAKE,69636.00
MAXWELL,69636.00
POPE,69636.00
FLOYD,67149.00
OSBORNE,67149.00
PAUL,67149.00
MCCARTHY,67149.00
GUERRERO,67149.00
LINDSEY,67149.00
ESTRADA,67149.00
SANDOVAL,67149.00
GIBBS,67149.00
TYLER,67149.00
GROSS,67149.00
FITZGERALD,67149.00
STOKES,67149.00
DOYLE,67149.00
SHERMAN,67149.00
SAUNDERS,67149.00
WISE,67149.00
COLON,67149.00
GILL,67149.00
ALVARADO,67149.00
GREER,64662.00
PADILLA,64662.00
SIMON,64662.00
WATERS,64662.00
NUNEZ,64662.00
BALLARD,64662.00
SCHWARTZ,64662.00
MCBRIDE,64662.00
HOUSTON,64662.00
CHRISTENSEN,64662.00
KLEIN,64662.00
PRATT,64662.00
BRIGGS,64662.00
PARSONS,64662.00
MCLAUGHLIN,64662.00
ZIMMERMAN,64662.00
FRENCH,64662.00
BUCHANAN,64662.00
MORAN,64662.00
COPELAND,62175.00
ROY,62175.00
PITTMAN,62175.00
BRADY,62175.00
MCCORMICK,62175.00
HOLLOWAY,62175.00
BROCK,62175.00
POOLE,62175.00
FRANK,62175.00
LOGAN,62175.00
OWEN,62175.00
BASS,62175.00
MARSH,62175.00
DRAKE,62175.00
WONG,62175.00
JEFFERSON,62175.00
PARK,62175.00
MORTON,62175.00
ABBOTT,62175.00
SPARKS,62175.00
PATRICK,59688.00
NORTON,59688.00
HUFF,59688.00
CLAYTON,59688.00
MASSEY,59688.00
LLOYD,59688.00
FIGUEROA,59688.00
CARSON,59688.00
BOWERS,59688.00
ROBERSON,59688.00
BARTON,59688.00
TRAN,59688.00
LAMB,59688.00
HARRINGTON,59688.00
CASEY,59688.00
BOONE,59688.00
CORTEZ,59688.00
CLARKE,59688.00
MATHIS,59688.00
SINGLETON,59688.00
WILKINS,59688.00
CAIN,59688.00
BRYAN,59688.00
UNDERWOOD,59688.00
HOGAN,59688.00
MCKENZIE,57201.00
COLLIER,57201.00
LUNA,57201.00
PHELPS,57201.00
MCGUIRE,57201.00
ALLISON,57201.00
BRIDGES,57201.00
WILKERSON,57201.00
NASH,57201.00
SUMMERS,57201.00
ATKINS,57201.00
WILCOX,57201.00
PITTS,57201.00
CONLEY,57201.00
MARQUEZ,57201.00
BURNETT,57201.00
RICHARD,57201.00
COCHRAN,57201.00
CHASE,57201.00
DAVENPORT,57201.00
HOOD,57201.00
GATES,57201.00
CLAY,57201.00
AYALA,57201.00
SAWYER,57201.00
ROMAN,57201.00
VAZQUEZ,57201.00
DICKERSON,57201.00
HODGE,54714.00
ACOSTA,54714.00
FLYNN,54714.00
ESPINOZA,54714.00
NICHOLSON,54714.00
MONROE,54714.00
WOLF,54714.00
MORROW,54714.00
KIRK,54714.00
RANDALL,54714.00
ANTHONY,54714.00
WHITAKER,54714.00
OCONNOR,54714.00
SKINNER,54714.00
WARE,54714.00
MOLINA,54714.00
KIRBY,54714.00
HUFFMAN,54714.00
BRADFORD,54714.00
CHARLES,54714.00
GILMORE,54714.00
DOMINGUEZ,54714.00
ONEAL,54714.00
BRUCE,54714.00
LANG,52227.00
COMBS,52227.00
KRAMER,52227.00
HEATH,52227.00
HANCOCK,52227.00
GALLAGHER,52227.00
GAINES,52227.00
SHAFFER,52227.00
SHORT,52227.00
WIGGINS,52227.00
MATHEWS,52227.00
MCCLAIN,52227.00
FISCHER,52227.00
WALL,52227.00
SMALL,52227.00
MELTON,52227.00
HENSLEY,52227.00
BOND,52227.00
DYER,52227.00
CAMERON,52227.00
GRIMES,52227.00
CONTRERAS,52227.00
CHRISTIAN,52227.00
WYATT,52227.00
BAXTER,52227.00
SNOW,52227.00
MOSLEY,52227.00
SHEPHERD,52227.00
LARSEN,52227.00
HOOVER,52227.00
BEASLEY,49740.00
GLENN,49740.00
PETERSEN,49740.00
WHITEHEAD,49740.00
MEYERS,49740.00
KEITH,49740.00
GARRISON,49740.00
VINCENT,49740.00
SHIELDS,49740.00
HORN,49740.00
SAVAGE,49740.00
OLSEN,49740.00
SCHROEDER,49740.00
HARTMAN,49740.00
WOODARD,49740.00
MUELLER,49740.00
KEMP,49740.00
DELEON,49740.00
BOOTH,49740.00
PATEL,49740.00
CALHOUN,49740.00
WILEY,49740.00
EATON,49740.00
CLINE,49740.00
NAVARRO,49740.00
HARRELL,49740.00
LESTER,49740.00
HUMPHREY,49740.00
PARRISH,49740.00
DURAN,49740.00
HUTCHINSON,49740.00
HESS,49740.00
DORSEY,49740.00
BULLOCK,49740.00
ROBLES,49740.00
BEARD,47253.00
DALTON,47253.00
AVILA,47253.00
VANCE,47253.00
RICH,47253.00
BLACKWELL,47253.00
YORK,47253.00
JOHNS,47253.00
BLANKENSHIP,47253.00
TREVINO,47253.00
SALINAS,47253.00
CAMPOS,47253.00
PRUITT,47253.00
MOSES,47253.00
CALLAHAN,47253.00
GOLDEN,47253.00
MONTOYA,47253.00
HARDIN,47253.00
GUERRA,47253.00
MCDOWELL,47253.00
CAREY,47253.00
STAFFORD,47253.00
GALLEGOS,47253.00
HENSON,47253.00
WILKINSON,47253.00
BOOKER,47253.00
MERRITT,47253.00
MIRANDA,47253.00
ATKINSON,47253.00
ORR,47253.00
DECKER,47253.00
HOBBS,47253.00
PRESTON,47253.00
TANNER,47253.00
KNOX,47253.00
PACHECO,47253.00
STEPHENSON,44766.00
GLASS,44766.00
ROJAS,44766.00
SERRANO,44766.00
MARKS,44766.00
HICKMAN,44766.00
ENGLISH,44766.00
SWEENEY,44766.00
STRONG,44766.00
PRINCE,44766.00
MCCLURE,44766.00
CONWAY,44766.00
WALTER,44766.00
ROTH,44766.00
MAYNARD,44766.00
FARRELL,44766.00
LOWERY,44766.00
HURST,44766.00
NIXON,44766.00
WEISS,44766.00
TRUJILLO,44766.00
ELLISON,44766.00
SLOAN,44766.00
JUAREZ,44766.00
WINTERS,44766.00
MCLEAN,44766.00
RANDOLPH,44766.00
LEON,44766.00
BOYER,44766.00
VILLARREAL,44766.00
MCCALL,44766.00
GENTRY,44766.00
CARRILLO,42279.00
KENT,42279.00
AYERS,42279.00
LARA,42279.00
SHANNON,42279.00
SEXTON,42279.00
PACE,42279.00
HULL,42279.00
LEBLANC,42279.00
BROWNING,42279.00
VELASQUEZ,42279.00
LEACH,42279.00
CHANG,42279.00
HOUSE,42279.00
SELLERS,42279.00
HERRING,42279.00
NOBLE,42279.00
FOLEY,42279.00
BARTLETT,42279.00
MERCADO,42279.00
LANDRY,42279.00
DURHAM,42279.00
WALLS,42279.00
BARR,42279.00
MCKEE,42279.00
BAUER,42279.00
RIVERS,42279.00
EVERETT,42279.00
BRADSHAW,42279.00
PUGH,42279.00
VELEZ,42279.00
RUSH,42279.00
ESTES,42279.00
DODSON,42279.00
MORSE,42279.00
SHEPPARD,42279.00
WEEKS,42279.00
CAMACHO,42279.00
BEAN,42279.00
BARRON,42279.00
LIVINGSTON,42279.00
MIDDLETON,39792.00
SPEARS,39792.00
BRANCH,39792.00
BLEVINS,39792.00
CHEN,39792.00
KERR,39792.00
MCCONNELL,39792.00
HATFIELD,39792.00
HARDING,39792.00
ASHLEY,39792.00
SOLIS,39792.00
HERMAN,39792.00
FROST,39792.00
GILES,39792.00
BLACKBURN,39792.00
WILLIAM,39792.00
PENNINGTON,39792.00
WOODWARD,39792.00
FINLEY,39792.00
MCINTOSH,39792.00
KOCH,39792.00
BEST,39792.00
SOLOMON,39792.00
MCCULLOUGH,39792.00
DUDLEY,39792.00
NOLAN,39792.00
BLANCHARD,39792.00
RIVAS,39792.00
BRENNAN,39792.00
MEJIA,39792.00
KANE,39792.00
BENTON,39792.00
JOYCE,39792.00
BUCKLEY,39792.00
HALEY,39792.00
VALENTINE,39792.00
MADDOX,39792.00
RUSSO,39792.00
MCKNIGHT,39792.00
BUCK,39792.00
MOON,39792.00
MCMILLAN,39792.00
CROSBY,39792.00
BERG,39792.00
DOTSON,39792.00
MAYS,39792.00
ROACH,39792.00
CHURCH,39792.00
CHAN,39792.00
RICHMOND,39792.00
MEADOWS,39792.00
FAULKNER,39792.00
ONEILL,39792.00
KNAPP,39792.00
KLINE,37305.00
BARRY,37305.00
OCHOA,37305.00
JACOBSON,37305.00
GAY,37305.00
AVERY,37305.00
HENDRICKS,37305.00
HORNE,37305.00
SHEPARD,37305.00
HEBERT,37305.00
CHERRY,37305.00
CARDENAS,37305.00
MCINTYRE,37305.00
WHITNEY,37305.00
WALLER,37305.00
HOLMAN,37305.00
DONALDSON,37305.00
CANTU,37305.00
TERRELL,37305.00
MORIN,37305.00
GILLESPIE,37305.00
FUENTES,37305.00
TILLMAN,37305.00
SANFORD,37305.00
BENTLEY,37305.00
PECK,37305.00
KEY,37305.00
SALAS,37305.00
ROLLINS,37305.00
GAMBLE,37305.00
DICKSON,37305.00
BATTLE,37305.00
SANTANA,37305.00
CABRERA,37305.00
CERVANTES,37305.00
HOWE,37305.00
HINTON,37305.00
HURLEY,37305.00
SPENCE,37305.00
ZAMORA,37305.00
YANG,37305.00
MCNEIL,37305.00
SUAREZ,37305.00
CASE,37305.00
PETTY,37305.00
GOULD,37305.00
MCFARLAND,37305.00
SAMPSON,37305.00
CARVER,37305.00
BRAY,37305.00
ROSARIO,37305.00
MACDONALD,37305.00
STOUT,37305.00
HESTER,37305.00
MELENDEZ,37305.00
DILLON,37305.00
FARLEY,37305.00
HOPPER,37305.00
GALLOWAY,37305.00
POTTS,37305.00
BERNARD,37305.00
JOYNER,34818.00
STEIN,34818.00
AGUIRRE,34818.00
OSBORN,34818.00
MERCER,34818.00
BENDER,34818.00
FRANCO,34818.00
ROWLAND,34818.00
SYKES,34818.00
BENJAMIN,34818.00
TRAVIS,34818.00
PICKETT,34818.00
CRANE,34818.00
SEARS,34818.00
MAYO,34818.00
DUNLAP,34818.00
HAYDEN,34818.00
WILDER,34818.00
MCKAY,34818.00
COFFEY,34818.00
MCCARTY,34818.00
EWING,34818.00
COOLEY,34818.00
VAUGHAN,34818.00
BONNER,34818.00
COTTON,34818.00
HOLDER,34818.00
STARK,34818.00
FERRELL,34818.00
CANTRELL,34818.00
FULTON,34818.00
LYNN,34818.00
LOTT,34818.00
CALDERON,34818.00
ROSA,34818.00
POLLARD,34818.00
HOOPER,34818.00
BURCH,34818.00
MULLEN,34818.00
FRY,34818.00
RIDDLE,34818.00
LEVY,34818.00
DAVID,34818.00
DUKE,34818.00
ODONNELL,34818.00
GUY,34818.00
MICHAEL,34818.00
BRITT,34818.00
FREDERICK,34818.00
DAUGHERTY,34818.00
BERGER,34818.00
DILLARD,34818.00
ALSTON,34818.00
JARVIS,34818.00
FRYE,34818.00
RIGGS,34818.00
CHANEY,34818.00
ODOM,32331.00
DUFFY,32331.00
FITZPATRICK,32331.00
VALENZUELA,32331.00
MERRILL,32331.00
MAYER,32331.00
ALFORD,32331.00
MCPHERSON,32331.00
ACEVEDO,32331.00
DONOVAN,32331.00
BARRERA,32331.00
ALBERT,32331.00
COTE,32331.00
REILLY,32331.00
COMPTON,32331.00
RAYMOND,32331.00
MOONEY,32331.00
MCGOWAN,32331.00
CRAFT,32331.00
CLEVELAND,32331.00
CLEMONS,32331.00
WYNN,32331.00
NIELSEN,32331.00
BAIRD,32331.00
STANTON,32331.00
SNIDER,32331.00
ROSALES,32331.00
BRIGHT,32331.00
WITT,32331.00
STUART,32331.00
HAYS,32331.00
HOLDEN,32331.00
RUTLEDGE,32331.00
KINNEY,32331.00
CLEMENTS,32331.00
CASTANEDA,32331.00
SLATER,32331.00
HAHN,32331.00
EMERSON,32331.00
CONRAD,32331.00
BURKS,32331.00
DELANEY,32331.00
PATE,32331.00
LANCASTER,32331.00
SWEET,32331.00
JUSTICE,32331.00
TYSON,32331.00
SHARPE,32331.00
WHITFIELD,32331.00
TALLEY,32331.00
MACIAS,32331.00
IRWIN,32331.00
BURRIS,32331.00
RATLIFF,32331.00
MCCRAY,32331.00
MADDEN,32331.00
KAUFMAN,32331.00
BEACH,32331.00
GOFF,32331.00
CASH,32331.00
BOLTON,32331.00
MCFADDEN,32331.00
LEVINE,32331.00
GOOD,32331.00
BYERS,32331.00
KIRKLAND,32331.00
KIDD,32331.00
WORKMAN,32331.00
CARNEY,32331.00
DALE,32331.00
MCLEOD,32331.00
HOLCOMB,32331.00
ENGLAND,32331.00
FINCH,32331.00
HEAD,29844.00
BURT,29844.00
HENDRIX,29844.00
SOSA,29844.00
HANEY,29844.00
FRANKS,29844.00
SARGENT,29844.00
NIEVES,29844.00
DOWNS,29844.00
RASMUSSEN,29844.00
BIRD,29844.00
HEWITT,29844.00
LINDSAY,29844.00
LE,29844.00
FOREMAN,29844.00
VALENCIA,29844.00
ONEIL,29844.00
DELACRUZ,29844.00
VINSON,29844.00
DEJESUS,29844.00
HYDE,29844.00
FORBES,29844.00
GILLIAM,29844.00
GUTHRIE,29844.00
WOOTEN,29844.00
HUBER,29844.00
BARLOW,29844.00
BOYLE,29844.00
MCMAHON,29844.00
BUCKNER,29844.00
ROCHA,29844.00
PUCKETT,29844.00
LANGLEY,29844.00
KNOWLES,29844.00
COOKE,29844.00
VELAZQUEZ,29844.00
WHITLEY,29844.00
NOEL,29844.00
VANG,29844.00
SHEA,29844.00
ROUSE,29844.00
HARTLEY,29844.00
MAYFIELD,29844.00
ELDER,29844.00
RANKIN,29844.00
HANNA,29844.00
COWAN,29844.00
LUCERO,29844.00
ARROYO,29844.00
SLAUGHTER,29844.00
HAAS,29844.00
OCONNELL,29844.00
MINOR,29844.00
KENDRICK,29844.00
SHIRLEY,29844.00
KENDALL,29844.00
BOUCHER,29844.00
ARCHER,29844.00
BOGGS,29844.00
ODELL,29844.00
DOUGHERTY,29844.00
ANDERSEN,29844.00
NEWELL,29844.00
CROWE,29844.00
WANG,29844.00
FRIEDMAN,29844.00
BLAND,29844.00
SWAIN,29844.00
HOLLEY,29844.00
FELIX,29844.00
PEARCE,29844.00
CHILDS,29844.00
YARBROUGH,29844.00
GALVAN,29844.00
PROCTOR,29844.00
MEEKS,29844.00
LOZANO,29844.00
MORA,29844.00
RANGEL,29844.00
BACON,29844.00
VILLANUEVA,29844.00
SCHAEFER,29844.00
ROSADO,29844.00
HELMS,29844.00
BOYCE,29844.00
GOSS,29844.00
STINSON,27357.00
SMART,27357.00
LAKE,27357.00
IBARRA,27357.00
HUTCHINS,27357.00
COVINGTON,27357.00
REYNA,27357.00
GREGG,27357.00
WERNER,27357.00
CROWLEY,27357.00
HATCHER,27357.00
MACKEY,27357.00
BUNCH,27357.00
WOMACK,27357.00
POLK,27357.00
JAMISON,27357.00
DODD,27357.00
CHILDRESS,27357.00
CHILDERS,27357.00
CAMP,27357.00
VILLA,27357.00
DYE,27357.00
SPRINGER,27357.00
MAHONEY,27357.00
DAILEY,27357.00
BELCHER,27357.00
LOCKHART,27357.00
GRIGGS,27357.00
COSTA,27357.00
CONNOR,27357.00
BRANDT,27357.00
WINTER,27357.00
WALDEN,27357.00
MOSER,27357.00
TRACY,27357.00
TATUM,27357.00
MCCANN,27357.00
AKERS,27357.00
LUTZ,27357.00
PRYOR,27357.00
LAW,27357.00
OROZCO,27357.00
MCALLISTER,27357.00
LUGO,27357.00
DAVIES,27357.00
SHOEMAKER,27357.00
MADISON,27357.00
RUTHERFORD,27357.00
NEWSOME,27357.00
MAGEE,27357.00
CHAMBERLAIN,27357.00
BLANTON,27357.00
SIMMS,27357.00
GODFREY,27357.00
FLANAGAN,27357.00
CRUM,27357.00
CORDOVA,27357.00
ESCOBAR,27357.00
DOWNING,27357.00
SINCLAIR,27357.00
DONAHUE,27357.00
KRUEGER,27357.00
MCGINNIS,27357.00
GORE,27357.00
FARRIS,27357.00
WEBBER,27357.00
CORBETT,27357.00
ANDRADE,27357.00
STARR,27357.00
LYON,27357.00
YODER,27357.00
HASTINGS,27357.00
MCGRATH,27357.00
SPIVEY,27357.00
KRAUSE,27357.00
HARDEN,27357.00
CRABTREE,27357.00
KIRKPATRICK,27357.00
HOLLIS,27357.00
BRANDON,27357.00
ARRINGTON,27357.00
ERVIN,27357.00
CLIFTON,27357.00
RITTER,27357.00
MCGHEE,27357.00
BOLDEN,27357.00
MALONEY,27357.00
GAGNON,27357.00
DUNBAR,27357.00
PONCE,27357.00
PIKE,27357.00
MAYES,27357.00
HEARD,27357.00
BEATTY,27357.00
MOBLEY,27357.00
KIMBALL,27357.00
BUTTS,27357.00
MONTES,27357.00
HERBERT,27357.00
GRADY,27357.00
ELDRIDGE,27357.00
BRAUN,27357.00
HAMM,27357.00
GIBBONS,27357.00
SEYMOUR,27357.00
MOYER,27357.00
MANLEY,27357.00
HERRON,27357.00
PLUMMER,27357.00
ELMORE,27357.00
CRAMER,27357.00
GARY,27357.00
RUCKER,27357.00
HILTON,27357.00
BLUE,27357.00
PIERSON,27357.00
FONTENOT,27357.00
FIELD,27357.00
RUBIO,27357.00
GRACE,27357.00
GOLDSTEIN,27357.00
ELKINS,27357.00
WILLS,24870.00
NOVAK,24870.00
JOHN,24870.00
HICKEY,24870.00
WORLEY,24870.00
GORMAN,24870.00
KATZ,24870.00
DICKINSON,24870.00
BROUSSARD,24870.00
FRITZ,24870.00
WOODRUFF,24870.00
CROW,24870.00
CHRISTOPHER,24870.00
BRITTON,24870.00
FORREST,24870.00
NANCE,24870.00
LEHMAN,24870.00
BINGHAM,24870.00
ZUNIGA,24870.00
WHALEY,24870.00
SHAFER,24870.00
COFFMAN,24870.00
STEWARD,24870.00
DELAROSA,24870.00
NIX,24870.00
NEELY,24870.00
NUMBERS,24870.00
MATA,24870.00
MANUEL,24870.00
DAVILA,24870.00
MCCABE,24870.00
KESSLER,24870.00
EMERY,24870.00
BOWLING,24870.00
HINKLE,24870.00
WELSH,24870.00
PAGAN,24870.00
GOLDBERG,24870.00
GOINS,24870.00
CROUCH,24870.00
CUEVAS,24870.00
QUINONES,24870.00
MCDERMOTT,24870.00
HENDRICKSON,24870.00
SAMUELS,24870.00
DENTON,24870.00
BERGERON,24870.00
LAM,24870.00
IVEY,24870.00
LOCKE,24870.00
HAINES,24870.00
THURMAN,24870.00
SNELL,24870.00
HOSKINS,24870.00
BYRNE,24870.00
MILTON,24870.00
WINSTON,24870.00
ARTHUR,24870.00
ARIAS,24870.00
STANFORD,24870.00
ROE,24870.00
CORBIN,24870.00
BELTRAN,24870.00
CHAPPELL,24870.00
HURT,24870.00
DOWNEY,24870.00
DOOLEY,24870.00
TUTTLE,24870.00
COUCH,24870.00
PAYTON,24870.00
MCELROY,24870.00
CROCKETT,24870.00
GROVES,24870.00
CLEMENT,24870.00
LESLIE,24870.00
CARTWRIGHT,24870.00
DICKEY,24870.00
MCGILL,24870.00
DUBOIS,24870.00
MUNIZ,24870.00
ERWIN,24870.00
SELF,24870.00
TOLBERT,24870.00
DEMPSEY,24870.00
CISNEROS,24870.00
SEWELL,24870.00
LATHAM,24870.00
GARLAND,24870.00
VIGIL,24870.00
TAPIA,24870.00
STERLING,24870.00
RAINEY,24870.00
NORWOOD,24870.00
LACY,24870.00
STROUD,24870.00
MEADE,24870.00
AMOS,24870.00
TIPTON,24870.00
LORD,24870.00
KUHN,24870.00
HILLIARD,24870.00
BONILLA,24870.00
TEAGUE,24870.00
COURTNEY,24870.00
GUNN,24870.00
HO,24870.00
GREENWOOD,24870.00
CORREA,24870.00
REECE,24870.00
WESTON,24870.00
POE,24870.00
TRENT,24870.00
PINEDA,24870.00
PHIPPS,24870.00
FREY,24870.00
KAISER,24870.00
AMES,24870.00
PAIGE,24870.00
GUNTER,24870.00
SCHMITT,24870.00
MILLIGAN,24870.00
ESPINOSA,24870.00
CARLTON,24870.00
BOWDEN,24870.00
VICKERS,24870.00
LOWRY,24870.00
PRITCHARD,24870.00
COSTELLO,24870.00
PIPER,22383.00
MCCLELLAN,22383.00
LOVELL,22383.00
DREW,22383.00
SHEEHAN,22383.00
QUICK,22383.00
HATCH,22383.00
DOBSON,22383.00
SINGH,22383.00
JEFFRIES,22383.00
HOLLINGSWORTH,22383.00
SORENSEN,22383.00
MEZA,22383.00
FINK,22383.00
DONNELLY,22383.00
BURRELL,22383.00
BRUNO,22383.00
TOMLINSON,22383.00
COLBERT,22383.00
BILLINGS,22383.00
RITCHIE,22383.00
HELTON,22383.00
SUTHERLAND,22383.00
PEOPLES,22383.00
MCQUEEN,22383.00
GASTON,22383.00
THOMASON,22383.00
MCKINLEY,22383.00
GIVENS,22383.00
CROCKER,22383.00
VOGEL,22383.00
ROBISON,22383.00
DUNHAM,22383.00
COKER,22383.00
SWARTZ,22383.00
KEYS,22383.00
LILLY,22383.00
LADNER,22383.00
HANNAH,22383.00
WILLARD,22383.00
RICHTER,22383.00
HARGROVE,22383.00
EDMONDS,22383.00
BRANTLEY,22383.00
ALBRIGHT,22383.00
MURDOCK,22383.00
BOSWELL,22383.00
MULLER,22383.00
QUINTERO,22383.00
PADGETT,22383.00
KENNEY,22383.00
DALY,22383.00
CONNOLLY,22383.00
PIERRE,22383.00
INMAN,22383.00
QUINTANA,22383.00
LUND,22383.00
BARNARD,22383.00
VILLEGAS,22383.00
SIMONS,22383.00
LAND,22383.00
HUGGINS,22383.00
TIDWELL,22383.00
SANDERSON,22383.00
BULLARD,22383.00
MCCLENDON,22383.00
DUARTE,22383.00
DRAPER,22383.00
MEREDITH,22383.00
MARRERO,22383.00
DWYER,22383.00
ABRAMS,22383.00
STOVER,22383.00
GOODE,22383.00
FRASER,22383.00
CREWS,22383.00
BERNAL,22383.00
SMILEY,22383.00
GODWIN,22383.00
FISH,22383.00
CONKLIN,22383.00
MCNEAL,22383.00
BACA,22383.00
ESPARZA,22383.00
CROWDER,22383.00
BOWER,22383.00
NICHOLAS,22383.00
CHUNG,22383.00
BREWSTER,22383.00
MCNEILL,22383.00
DICK,22383.00
RODRIGUES,22383.00
LEAL,22383.00
COATES,22383.00
RAINES,22383.00
MCCAIN,22383.00
MCCORD,22383.00
MINER,22383.00
HOLBROOK,22383.00
SWIFT,22383.00
DUKES,22383.00
CARLISLE,22383.00
ALDRIDGE,22383.00
ACKERMAN,22383.00
STARKS,22383.00
RICKS,22383.00
HOLLIDAY,22383.00
FERRIS,22383.00
HAIRSTON,22383.00
SHEFFIELD,22383.00
LANGE,22383.00
FOUNTAIN,22383.00
MARINO,22383.00
DOSS,22383.00
BETTS,22383.00
KAPLAN,22383.00
CARMICHAEL,22383.00
BLOOM,22383.00
RUFFIN,22383.00
PENN,22383.00
KERN,22383.00
BOWLES,22383.00
SIZEMORE,22383.00
LARKIN,22383.00
DUPREE,22383.00
JEWELL,22383.00
SILVER,22383.00
SEALS,22383.00
METCALF,22383.00
HUTCHISON,22383.00
HENLEY,22383.00
FARR,22383.00
CASTLE,22383.00
MCCAULEY,22383.00
HANKINS,22383.00
GUSTAFSON,22383.00
DEAL,22383.00
CURRAN,22383.00
ASH,22383.00
WADDELL,22383.00
RAMEY,22383.00
CATES,22383.00
POLLOCK,22383.00
MAJOR,22383.00
IRVIN,22383.00
CUMMINS,22383.00
MESSER,22383.00
HELLER,22383.00
DEWITT,22383.00
LIN,22383.00
FUNK,22383.00
CORNETT,22383.00
PALACIOS,22383.00
GALINDO,22383.00
CANO,22383.00
HATHAWAY,22383.00
SINGER,19896.00
PHAM,19896.00
ENRIQUEZ,19896.00
AARON,19896.00
SALGADO,19896.00
PELLETIER,19896.00
PAINTER,19896.00
WISEMAN,19896.00
BLOUNT,19896.00
HAND,19896.00
FELICIANO,19896.00
TEMPLE,19896.00
HOUSER,19896.00
DOHERTY,19896.00
MEAD,19896.00
MCGRAW,19896.00
TONEY,19896.00
SWAN,19896.00
MELVIN,19896.00
CAPPS,19896.00
BLANCO,19896.00
BLACKMON,19896.00
WESLEY,19896.00
THOMSON,19896.00
MCMANUS,19896.00
FAIR,19896.00
BURKETT,19896.00
POST,19896.00
GLEASON,19896.00
RUDOLPH,19896.00
OTT,19896.00
DICKENS,19896.00
CORMIER,19896.00
VOSS,19896.00
RUSHING,19896.00
ROSENBERG,19896.00
HURD,19896.00
DUMAS,19896.00
BENITEZ,19896.00
ARELLANO,19896.00
STORY,19896.00
MARIN,19896.00
CAUDILL,19896.00
BRAGG,19896.00
JARAMILLO,19896.00
HUERTA,19896.00
GIPSON,19896.00
COLVIN,19896.00
BIGGS,19896.00
VELA,19896.00
PLATT,19896.00
CASSIDY,19896.00
TOMPKINS,19896.00
MCCOLLUM,19896.00
KAY,19896.00
GABRIEL,19896.00
DOLAN,19896.00
DALEY,19896.00
CRUMP,19896.00
STREET,19896.00
SNEED,19896.00
KILGORE,19896.00
GROVE,19896.00
GRIMM,19896.00
DAVISON,19896.00
BRUNSON,19896.00
PRATER,19896.00
MARCUM,19896.00
DEVINE,19896.00
KYLE,19896.00
DODGE,19896.00
STRATTON,19896.00
ROSAS,19896.00
CHOI,19896.00
TRIPP,19896.00
LEDBETTER,19896.00
LAY,19896.00
HIGHTOWER,19896.00
HAYWOOD,19896.00
FELDMAN,19896.00
EPPS,19896.00
YEAGER,19896.00
POSEY,19896.00
SYLVESTER,19896.00
SCRUGGS,19896.00
COPE,19896.00
STUBBS,19896.00
RICHEY,19896.00
OVERTON,19896.00
TROTTER,19896.00
SPRAGUE,19896.00
CORDERO,19896.00
BUTCHER,19896.00
BURGER,19896.00
STILES,19896.00
BURGOS,19896.00
WOODSON,19896.00
HORNER,19896.00
BASSETT,19896.00
PURCELL,19896.00
HASKINS,19896.00
GEE,19896.00
AKINS,19896.00
ABRAHAM,19896.00
HOYT,19896.00
ZIEGLER,19896.00
SPAULDING,19896.00
HADLEY,19896.00
GRUBBS,19896.00
SUMNER,19896.00
MURILLO,19896.00
ZAVALA,19896.00
SHOOK,19896.00
LOCKWOOD,19896.00
JARRETT,19896.00
DRISCOLL,19896.00
DAHL,19896.00
THORPE,19896.00
SHERIDAN,19896.00
REDMOND,19896.00
PUTNAM,19896.00
MCWILLIAMS,19896.00
MCRAE,19896.00
CORNELL,19896.00
FELTON,19896.00
ROMANO,19896.00
JOINER,19896.00
SADLER,19896.00
HEDRICK,19896.00
HAGER,19896.00
HAGEN,19896.00
FITCH,19896.00
COULTER,19896.00
THACKER,19896.00
MANSFIELD,19896.00
LANGSTON,19896.00
GUIDRY,19896.00
FERREIRA,19896.00
CORLEY,19896.00
CONN,19896.00
ROSSI,19896.00
LACKEY,19896.00
CODY,19896.00
BAEZ,19896.00
SAENZ,19896.00
MCNAMARA,19896.00
DARNELL,19896.00
MICHEL,19896.00
MCMULLEN,19896.00
MCKENNA,19896.00
MCDONOUGH,19896.00
LINK,19896.00
ENGEL,19896.00
BROWNE,19896.00
ROPER,19896.00
PEACOCK,19896.00
EUBANKS,19896.00
DRUMMOND,19896.00
STRINGER,19896.00
PRITCHETT,19896.00
PARHAM,19896.00
MIMS,19896.00
LANDERS,19896.00
HAM,19896.00
GRAYSON,19896.00
STACY,19896.00
SCHAFER,19896.00
EGAN,19896.00
TIMMONS,19896.00
OHARA,19896.00
KEEN,19896.00
HAMLIN,19896.00
FINN,19896.00
CORTES,19896.00
MCNAIR,19896.00
LOUIS,19896.00
CLIFFORD,19896.00
NADEAU,19896.00
MOSELEY,19896.00
MICHAUD,19896.00
ROSEN,19896.00
OAKES,19896.00
KURTZ,19896.00
JEFFERS,19896.00
CALLOWAY,19896.00
BEAL,19896.00
BAUTISTA,19896.00
WINN,19896.00
SUGGS,19896.00
STERN,19896.00
STAPLETON,19896.00
LYLES,19896.00
LAIRD,19896.00
MONTANO,19896.00
DIAMOND,19896.00
DAWKINS,19896.00
ROLAND,19896.00
HAGAN,19896.00
GOLDMAN,19896.00
BRYSON,19896.00
BARAJAS,19896.00
LOVETT,19896.00
SEGURA,19896.00
METZ,19896.00
LOCKETT,19896.00
LANGFORD,19896.00
HINSON,19896.00
EASTMAN,19896.00
ROCK,19896.00
HOOKS,19896.00
WOODY,17409.00
SMALLWOOD,17409.00
SHAPIRO,17409.00
CROWELL,17409.00
WHALEN,17409.00
TRIPLETT,17409.00
HOOKER,17409.00
CHATMAN,17409.00
ALDRICH,17409.00
CAHILL,17409.00
YOUNGBLOOD,17409.00
YBARRA,17409.00
STALLINGS,17409.00
SHEETS,17409.00
SAMUEL,17409.00
REEDER,17409.00
PERSON,17409.00
PACK,17409.00
LACEY,17409.00
CONNELLY,17409.00
BATEMAN,17409.00
ABERNATHY,17409.00
WINKLER,17409.00
WILKES,17409.00
MASTERS,17409.00
HACKETT,17409.00
GRANGER,17409.00
GILLIS,17409.00
SCHMITZ,17409.00
SAPP,17409.00
NAPIER,17409.00
SOUZA,17409.00
LANIER,17409.00
GOMES,17409.00
WEIR,17409.00
OTERO,17409.00
LEDFORD,17409.00
BURROUGHS,17409.00
BABCOCK,17409.00
VENTURA,17409.00
SIEGEL,17409.00
DUGAN,17409.00
CLINTON,17409.00
CHRISTIE,17409.00
BLEDSOE,17409.00
ATWOOD,17409.00
WRAY,17409.00
VARNER,17409.00
SPANGLER,17409.00
OTTO,17409.00
ANAYA,17409.00
STALEY,17409.00
KRAFT,17409.00
FOURNIER,17409.00
EDDY,17409.00
BELANGER,17409.00
WOLFF,17409.00
THORNE,17409.00
BYNUM,17409.00
BURNETTE,17409.00
BOYKIN,17409.00
SWENSON,17409.00
PURVIS,17409.00
PINA,17409.00
KHAN,17409.00
DUVALL,17409.00
DARBY,17409.00
XIONG,17409.00
KAUFFMAN,17409.00
ALI,17409.00
YU,17409.00
HEALY,17409.00
ENGLE,17409.00
CORONA,17409.00
BENOIT,17409.00
VALLE,17409.00
STEINER,17409.00
SPICER,17409.00
SHAVER,17409.00
RANDLE,17409.00
LUNDY,17409.00
DOW,17409.00
CHIN,17409.00
CALVERT,17409.00
STATON,17409.00
NEFF,17409.00
KEARNEY,17409.00
DARDEN,17409.00
OAKLEY,17409.00
MEDEIROS,17409.00
MCCRACKEN,17409.00
CRENSHAW,17409.00
BLOCK,17409.00
BEAVER,17409.00
PERDUE,17409.00
DILL,17409.00
WHITTAKER,17409.00
TOBIN,17409.00
CORNELIUS,17409.00
WASHBURN,17409.00
HOGUE,17409.00
GOODRICH,17409.00
EASLEY,17409.00
BRAVO,17409.00
DENNISON,17409.00
VERA,17409.00
SHIPLEY,17409.00
KERNS,17409.00
JORGENSEN,17409.00
CRAIN,17409.00
ABEL,17409.00
VILLALOBOS,17409.00
MAURER,17409.00
LONGORIA,17409.00
KEENE,17409.00
COON,17409.00
SIERRA,17409.00
WITHERSPOON,17409.00
STAPLES,17409.00
PETTIT,17409.00
KINCAID,17409.00
EASON,17409.00
MADRID,17409.00
ECHOLS,17409.00
LUSK,17409.00
WU,17409.00
STAHL,17409.00
CURRIE,17409.00
THAYER,17409.00
SHULTZ,17409.00
SHERWOOD,17409.00
MCNALLY,17409.00
SEAY,17409.00
NORTH,17409.00
MAHER,17409.00
KENNY,17409.00
HOPE,17409.00
GAGNE,17409.00
BARROW,17409.00
NAVA,17409.00
MYLES,17409.00
MORELAND,17409.00
HONEYCUTT,17409.00
HEARN,17409.00
DIGGS,17409.00
CARON,17409.00
WHITTEN,17409.00
WESTBROOK,17409.00
STOVALL,17409.00
RAGLAND,17409.00
QUEEN,17409.00
MUNSON,17409.00
MEIER,17409.00
LOONEY,17409.00
KIMBLE,17409.00
JOLLY,17409.00
HOBSON,17409.00
LONDON,17409.00
GODDARD,17409.00
CULVER,17409.00
BURR,17409.00
PRESLEY,17409.00
NEGRON,17409.00
CONNELL,17409.00
TOVAR,17409.00
MARCUS,17409.00
HUDDLESTON,17409.00
HAMMER,17409.00
ASHBY,17409.00
SALTER,17409.00
ROOT,17409.00
PENDLETON,17409.00
OLEARY,17409.00
NICKERSON,17409.00
MYRICK,17409.00
JUDD,17409.00
JACOBSEN,17409.00
ELLIOT,17409.00
BAIN,17409.00
ADAIR,17409.00
STARNES,17409.00
SHELDON,17409.00
MATOS,17409.00
LIGHT,17409.00
BUSBY,17409.00
HERNDON,17409.00
HANLEY,17409.00
BELLAMY,17409.00
JACK,17409.00
DOTY,17409.00
BARTLEY,17409.00
YAZZIE,17409.00
ROWELL,17409.00
PARSON,17409.00
GIFFORD,17409.00
CULLEN,17409.00
CHRISTIANSEN,17409.00
BENAVIDES,17409.00
BARNHART,17409.00
TALBOT,17409.00
MOCK,17409.00
CRANDALL,17409.00
CONNORS,17409.00
BONDS,17409.00
WHITT,17409.00
GAGE,17409.00
BERGMAN,17409.00
ARREDONDO,17409.00
ADDISON,17409.00
MARION,17409.00
LUJAN,17409.00
DOWDY,17409.00
JERNIGAN,17409.00
HUYNH,17409.00
BOUCHARD,17409.00
DUTTON,17409.00
RHOADES,17409.00
OUELLETTE,17409.00
KISER,17409.00
RUBIN,17409.00
HERRINGTON,17409.00
HARE,17409.00
DENNY,17409.00
BLACKMAN,17409.00
BABB,17409.00
ALLRED,17409.00
RUDD,17409.00
PAULSON,17409.00
OGDEN,17409.00
KOENIG,17409.00
JACOB,17409.00
IRVING,17409.00
GEIGER,17409.00
BEGAY,17409.00
PARRA,17409.00
CHAMPION,17409.00
LASSITER,17409.00
HAWK,17409.00
ESPOSITO,17409.00
CHO,17409.00
WALDRON,17409.00
VERNON,17409.00
RANSOM,17409.00
PRATHER,17409.00
KEENAN,17409.00
JEAN,17409.00
GROVER,17409.00
CHACON,17409.00
VICK,17409.00
SANDS,17409.00
ROARK,17409.00
PARR,17409.00
MAYBERRY,17409.00
GREENBERG,17409.00
COLEY,17409.00
BRUNER,17409.00
WHITMAN,17409.00
SKAGGS,17409.00
SHIPMAN,17409.00
MEANS,17409.00
LEARY,17409.00
HUTTON,17409.00
ROMO,17409.00
MEDRANO,17409.00
LADD,17409.00
KRUSE,17409.00
FRIEND,17409.00
DARLING,17409.00
ASKEW,17409.00
VALENTIN,17409.00
SCHULZ,17409.00
ALFARO,17409.00
TABOR,17409.00
MOHR,17409.00
GALLO,17409.00
BERMUDEZ,17409.00
PEREIRA,17409.00
ISAAC,17409.00
BLISS,17409.00
REAVES,14922.00
FLINT,14922.00
COMER,14922.00
BOSTON,14922.00
WOODALL,14922.00
NAQUIN,14922.00
GUEVARA,14922.00
EARL,14922.00
DELONG,14922.00
CARRIER,14922.00
PICKENS,14922.00
BRAND,14922.00
TILLEY,14922.00
SCHAFFER,14922.00
READ,14922.00
LIM,14922.00
KNUTSON,14922.00
FENTON,14922.00
DORAN,14922.00
CHU,14922.00
VOGT,14922.00
VANN,14922.00
PRESCOTT,14922.00
MCLAIN,14922.00
LANDIS,14922.00
CORCORAN,14922.00
AMBROSE,14922.00
ZAPATA,14922.00
HYATT,14922.00
HEMPHILL,14922.00
FAULK,14922.00
CALL,14922.00
DOVE,14922.00
BOUDREAUX,14922.00
ARAGON,14922.00
WHITLOCK,14922.00
TREJO,14922.00
TACKETT,14922.00
SHEARER,14922.00
SALDANA,14922.00
HANKS,14922.00
GOLD,14922.00
DRIVER,14922.00
MCKINNON,14922.00
KOEHLER,14922.00
CHAMPAGNE,14922.00
BOURGEOIS,14922.00
POOL,14922.00
KEYES,14922.00
GOODSON,14922.00
FOOTE,14922.00
EARLY,14922.00
LUNSFORD,14922.00
GOLDSMITH,14922.00
FLOOD,14922.00
WINSLOW,14922.00
SAMS,14922.00
REAGAN,14922.00
REAGAN,14922.00
MCCLOUD,14922.00
HOUGH,14922.00
ESQUIVEL,14922.00
NAYLOR,14922.00
LOOMIS,14922.00
CORONADO,14922.00
LUDWIG,14922.00
BRASWELL,14922.00
BEARDEN,14922.00
SHERRILL,14922.00
HUANG,14922.00
FAGAN,14922.00
EZELL,14922.00
EDMONDSON,14922.00
CYR,14922.00
CRONIN,14922.00
NUNN,14922.00
LEMON,14922.00
GUILLORY,14922.00
GRIER,14922.00
DUBOSE,14922.00
TRAYLOR,14922.00
RYDER,14922.00
DOBBINS,14922.00
COYLE,14922.00
APONTE,14922.00
WHITMORE,14922.00
SMALLS,14922.00
ROWAN,14922.00
MALLOY,14922.00
CARDONA,14922.00
BRAXTON,14922.00
BORDEN,14922.00
HUMPHRIES,14922.00
CARRASCO,14922.00
RUFF,14922.00
METZGER,14922.00
HUNTLEY,14922.00
HINOJOSA,14922.00
FINNEY,14922.00
MADSEN,14922.00
HONG,14922.00
HILLS,14922.00
ERNST,14922.00
DOZIER,14922.00
BURKHART,14922.00
BOWSER,14922.00
PERALTA,14922.00
DAIGLE,14922.00
WHITTINGTON,14922.00
SORENSON,14922.00
SAUCEDO,14922.00
ROCHE,14922.00
REDDING,14922.00
LOYD,14922.00
FUGATE,14922.00
AVALOS,14922.00
WAITE,14922.00
LIND,14922.00
HUSTON,14922.00
HAY,14922.00
BENEDICT,14922.00
HAWTHORNE,14922.00
HAMBY,14922.00
BOYLES,14922.00
BOLES,14922.00
REGAN,14922.00
FAUST,14922.00
CROOK,14922.00
BEAM,14922.00
BARGER,14922.00
HINDS,14922.00
GALLARDO,14922.00
ELIAS,14922.00
WILLOUGHBY,14922.00
WILLINGHAM,14922.00
WILBURN,14922.00
ECKERT,14922.00
BUSCH,14922.00
ZEPEDA,14922.00
WORTHINGTON,14922.00
TINSLEY,14922.00
RUSS,14922.00
LI,14922.00
HOFF,14922.00
HAWLEY,14922.00
CARMONA,14922.00
VARELA,14922.00
RECTOR,14922.00
NEWCOMB,14922.00
MALLORY,14922.00
KINSEY,14922.00
DUBE,14922.00
WHATLEY,14922.00
STRANGE,14922.00
RAGSDALE,14922.00
IVY,14922.00
BERNSTEIN,14922.00
BECERRA,14922.00
YOST,14922.00
MATTSON,14922.00
LY,14922.00
FELDER,14922.00
CHEEK,14922.00
LUKE,14922.00
HANDY,14922.00
GROSSMAN,14922.00
GAUTHIER,14922.00
ESCOBEDO,14922.00
BRADEN,14922.00
BECKMAN,14922.00
MOTT,14922.00
HILLMAN,14922.00
GIL,14922.00
FLAHERTY,14922.00
DYKES,14922.00
DOE,14922.00
STOCKTON,14922.00
STEARNS,14922.00
LOFTON,14922.00
KITCHEN,14922.00
COATS,14922.00
CAVAZOS,14922.00
BEAVERS,14922.00
BARRIOS,14922.00
TANG,14922.00
PARISH,14922.00
MOSHER,14922.00
LINCOLN,14922.00
CARDWELL,14922.00
COLES,14922.00
BURNHAM,14922.00
WELLER,14922.00
LEMONS,14922.00
BEEBE,14922.00
AGUILERA,14922.00
RING,14922.00
PARNELL,14922.00
HARMAN,14922.00
COUTURE,14922.00
ALLEY,14922.00
SCHUMACHER,14922.00
REDD,14922.00
DOBBS,14922.00
BLUM,14922.00
BLALOCK,14922.00
MERCHANT,14922.00
ENNIS,14922.00
DENSON,14922.00
COTTRELL,14922.00
CHESTER,14922.00
BRANNON,14922.00
BAGLEY,14922.00
AVILES,14922.00
WATT,14922.00
SOUSA,14922.00
ROSENTHAL,14922.00
ROONEY,14922.00
DIETZ,14922.00
BLANK,14922.00
PAQUETTE,14922.00
MCCLELLAND,14922.00
DUFF,14922.00
VELASCO,14922.00
LENTZ,14922.00
GRUBB,14922.00
BURROWS,14922.00
BARBOUR,14922.00
ULRICH,14922.00
SHOCKLEY,14922.00
RADER,14922.00
GERMAN,14922.00
BEYER,14922.00
MIXON,14922.00
LAYTON,14922.00
ALTMAN,14922.00
ALONZO,14922.00
WEATHERS,14922.00
TITUS,14922.00
STONER,14922.00
SQUIRES,14922.00
SHIPP,14922.00
PRIEST,14922.00
LIPSCOMB,14922.00
CUTLER,14922.00
CABALLERO,14922.00
ZIMMER,14922.00
WILLETT,14922.00
THURSTON,14922.00
STOREY,14922.00
MEDLEY,14922.00
LYLE,14922.00
EPPERSON,14922.00
SHAH,14922.00
MCMILLIAN,14922.00
BAGGETT,14922.00
TORREZ,14922.00
LAWS,14922.00
HIRSCH,14922.00
DENT,14922.00
COREY,14922.00
POIRIER,14922.00
PEACHEY,14922.00
JACQUES,14922.00
FARRAR,14922.00
CREECH,14922.00
BARTH,14922.00
TRIMBLE,14922.00
FRANCE,14922.00
DUPRE,14922.00
ALBRECHT,14922.00
SAMPLE,14922.00
LAWLER,14922.00
CRISP,14922.00
CONROY,14922.00
CHADWICK,14922.00
WETZEL,14922.00
NESBITT,14922.00
MURRY,14922.00
JAMESON,14922.00
WILHELM,14922.00
PATTEN,14922.00
MINTON,14922.00
MATSON,14922.00
KIMBROUGH,14922.00
IVERSON,14922.00
GUINN,14922.00
GALE,14922.00
FORTUNE,14922.00
CROFT,14922.00
TOTH,14922.00
PULLIAM,14922.00
NUGENT,14922.00
NEWBY,14922.00
LITTLEJOHN,14922.00
DIAS,14922.00
CANALES,14922.00
BERNIER,14922.00
BARON,14922.00
BARNEY,14922.00
SINGLETARY,14922.00
RENTERIA,14922.00
PRUETT,14922.00
MCHUGH,14922.00
MABRY,14922.00
LANDRUM,14922.00
BROWER,14922.00
WELDON,14922.00
STODDARD,14922.00
RUTH,14922.00
CAGLE,14922.00
STJOHN,14922.00
SCALES,14922.00
KOHLER,14922.00
KELLOGG,14922.00
HOPSON,14922.00
GANT,14922.00
THARP,14922.00
GANN,14922.00
ZEIGLER,14922.00
PRINGLE,14922.00
HAMMONS,14922.00
FAIRCHILD,14922.00
DEATON,14922.00
CHAVIS,14922.00
CARNES,14922.00
ROWLEY,14922.00
MATLOCK,14922.00
LIBBY,14922.00
KEARNS,14922.00
IRIZARRY,14922.00
CARRINGTON,14922.00
STARKEY,14922.00
PEPPER,14922.00
LOPES,14922.00
JARRELL,14922.00
FAY,14922.00
CRAVEN,14922.00
BEVERLY,14922.00
BAUM,14922.00
SPAIN,12435.00
LITTLEFIELD,12435.00
LINN,12435.00
HUMPHREYS,12435.00
HOOK,12435.00
HIGH,12435.00
ETHERIDGE,12435.00
CUELLAR,12435.00
CHASTAIN,12435.00
CHANCE,12435.00
BUNDY,12435.00
SPEER,12435.00
SKELTON,12435.00
QUIROZ,12435.00
PYLE,12435.00
PORTILLO,12435.00
PONDER,12435.00
MOULTON,12435.00
MACHADO,12435.00
LIU,12435.00
KILLIAN,12435.00
HUTSON,12435.00
HITCHCOCK,12435.00
ELLSWORTH,12435.00
DOWLING,12435.00
CLOUD,12435.00
BURDICK,12435.00
SPANN,12435.00
PEDERSEN,12435.00
LEVIN,12435.00
LEGGETT,12435.00
HAYWARD,12435.00
HACKER,12435.00
DIETRICH,12435.00
BEAULIEU,12435.00
BARKSDALE,12435.00
WAKEFIELD,12435.00
SNOWDEN,12435.00
PARIS,12435.00
BRISCOE,12435.00
BOWIE,12435.00
BERMAN,12435.00
OGLE,12435.00
MCGREGOR,12435.00
LAUGHLIN,12435.00
HELM,12435.00
BURDEN,12435.00
WHEATLEY,12435.00
SCHREIBER,12435.00
PRESSLEY,12435.00
PARRIS,12435.00
NG,12435.00
ALANIZ,12435.00
AGEE,12435.00
URBAN,12435.00
SWANN,12435.00
SNODGRASS,12435.00
SCHUSTER,12435.00
RADFORD,12435.00
MONK,12435.00
MATTINGLY,12435.00
MAIN,12435.00
LAMAR,12435.00
HARP,12435.00
GIRARD,12435.00
CHENEY,12435.00
YANCEY,12435.00
WAGONER,12435.00
RIDLEY,12435.00
LOMBARDO,12435.00
LAU,12435.00
HUDGINS,12435.00
GASKINS,12435.00
DUCKWORTH,12435.00
COE,12435.00
COBURN,12435.00
WILLEY,12435.00
PRADO,12435.00
NEWBERRY,12435.00
MAGANA,12435.00
HAMMONDS,12435.00
ELAM,12435.00
WHIPPLE,12435.00
SLADE,12435.00
SERNA,12435.00
OJEDA,12435.00
LILES,12435.00
DORMAN,12435.00
DIEHL,12435.00
ANGEL,12435.00
UPTON,12435.00
REARDON,12435.00
MICHAELS,12435.00
KELSEY,12435.00
GOETZ,12435.00
ELLER,12435.00
BAUMAN,12435.00
BAER,12435.00
AUGUSTINE,12435.00
LAYNE,12435.00
HUMMEL,12435.00
BRENNER,12435.00
AMAYA,12435.00
ADAMSON,12435.00
ORNELAS,12435.00
DOWELL,12435.00
CLOUTIER,12435.00
CHRISTY,12435.00
CASTELLANOS,12435.00
WING,12435.00
WELLMAN,12435.00
SAYLOR,12435.00
OROURKE,12435.00
MOYA,12435.00
MONTALVO,12435.00
KILPATRICK,12435.00
HARLEY,12435.00
DURBIN,12435.00
SHELL,12435.00
OLDHAM,12435.00
KANG,12435.00
GARVIN,12435.00
FOSS,12435.00
BRANHAM,12435.00
BARTHOLOMEW,12435.00
TEMPLETON,12435.00
MAGUIRE,12435.00
HOLTON,12435.00
ALONSO,12435.00
RIDER,12435.00
MONAHAN,12435.00
MCCORMACK,12435.00
BEATY,12435.00
ANDERS,12435.00
STREETER,12435.00
NIETO,12435.00
NIELSON,12435.00
MOFFETT,12435.00
LANKFORD,12435.00
KEATING,12435.00
HECK,12435.00
GATLIN,12435.00
DELATORRE,12435.00
CALLAWAY,12435.00
ADCOCK,12435.00
WORRELL,12435.00
UNGER,12435.00
ROBINETTE,12435.00
NOWAK,12435.00
JETER,12435.00
BRUNNER,12435.00
ASHTON,12435.00
STEEN,12435.00
PARROTT,12435.00
OVERSTREET,12435.00
NOBLES,12435.00
MONTANEZ,12435.00
LUTHER,12435.00
CLEVENGER,12435.00
BRINKLEY,12435.00
TRAHAN,12435.00
QUARLES,12435.00
PICKERING,12435.00
PEDERSON,12435.00
JANSEN,12435.00
GRANTHAM,12435.00
GILCHRIST,12435.00
CRESPO,12435.00
AIKEN,12435.00
SCHELL,12435.00
SCHAEFFER,12435.00
LORENZ,12435.00
LEYVA,12435.00
HARMS,12435.00
DYSON,12435.00
WALLIS,12435.00
PEASE,12435.00
LEAVITT,12435.00
HYMAN,12435.00
CHENG,12435.00
CAVANAUGH,12435.00
BATTS,12435.00
WARDEN,12435.00
SEAMAN,12435.00
ROCKWELL,12435.00
QUEZADA,12435.00
PAXTON,12435.00
LINDER,12435.00
HOUCK,12435.00
FONTAINE,12435.00
DURANT,12435.00
CARUSO,12435.00
ADLER,12435.00
PIMENTEL,12435.00
MIZE,12435.00
LYTLE,12435.00
DONALD,12435.00
CLEARY,12435.00
CASON,12435.00
ACKER,12435.00
SWITZER,12435.00
SALMON,12435.00
ISAACS,12435.00
HIGGINBOTHAM,12435.00
HAN,12435.00
WATERMAN,12435.00
VANDYKE,12435.00
STAMPER,12435.00
SISK,12435.00
SHULER,12435.00
RIDDICK,12435.00
REDMAN,12435.00
MCMAHAN,12435.00
LEVESQUE,12435.00
HATTON,12435.00
BRONSON,12435.00
BOLLINGER,12435.00
ARNETT,12435.00
OKEEFE,12435.00
GERBER,12435.00
GANNON,12435.00
FARNSWORTH,12435.00
BAUGHMAN,12435.00
SILVERMAN,12435.00
SATTERFIELD,12435.00
ROYAL,12435.00
MCCRARY,12435.00
KOWALSKI,12435.00
JOY,12435.00
GRIGSBY,12435.00
GRECO,12435.00
CABRAL,12435.00
TROUT,12435.00
RINEHART,12435.00
MAHON,12435.00
LINTON,12435.00
GOODEN,12435.00
CURLEY,12435.00
BAUGH,12435.00
WYMAN,12435.00
WEINER,12435.00
SCHWAB,12435.00
SCHULER,12435.00
MORRISSEY,12435.00
MAHAN,12435.00
COY,12435.00
BUNN,12435.00
ANDREW,12435.00
THRASHER,12435.00
SPEAR,12435.00
WAGGONER,12435.00
SHELLEY,12435.00
ROBERT,12435.00
QUALLS,12435.00
PURDY,12435.00
MCWHORTER,12435.00
MAULDIN,12435.00
MARK,12435.00
JORDON,12435.00
GILMAN,12435.00
PERRYMAN,12435.00
NEWSOM,12435.00
MENARD,12435.00
MARTINO,12435.00
GRAF,12435.00
BILLINGSLEY,12435.00
ARTIS,12435.00
SIMPKINS,12435.00
SALISBURY,12435.00
QUINTANILLA,12435.00
GILLILAND,12435.00
FRALEY,12435.00
FOUST,12435.00
CROUSE,12435.00
SCARBOROUGH,12435.00
NGO,12435.00
GRISSOM,12435.00
FULTZ,12435.00
RICO,12435.00
MARLOW,12435.00
MARKHAM,12435.00
MADRIGAL,12435.00
LAWTON,12435.00
BARFIELD,12435.00
WHITING,12435.00
VARNEY,12435.00
SCHWARZ,12435.00
HUEY,12435.00
GOOCH,12435.00
ARCE,12435.00
WHEAT,12435.00
TRUONG,12435.00
POULIN,12435.00
MACKENZIE,12435.00
LEONE,12435.00
HURTADO,12435.00
SELBY,12435.00
GAITHER,12435.00
FORTNER,12435.00
CULPEPPER,12435.00
COUGHLIN,12435.00
BRINSON,12435.00
BOUDREAU,12435.00
BARKLEY,12435.00
BALES,12435.00
STEPP,12435.00
HOLM,12435.00
TAN,12435.00
SCHILLING,12435.00
MORRELL,12435.00
KAHN,12435.00
HEATON,12435.00
GAMEZ,12435.00
DOUGLASS,12435.00
CAUSEY,12435.00
BROTHERS,12435.00
TURPIN,12435.00
SHANKS,12435.00
SCHRADER,12435.00
MEEK,12435.00
ISOM,12435.00
HARDISON,12435.00
CARRANZA,12435.00
YANEZ,12435.00
WAY,12435.00
SCROGGINS,12435.00
SCHOFIELD,12435.00
RUNYON,12435.00
RATCLIFF,12435.00
MURRELL,12435.00
MOELLER,12435.00
IRBY,12435.00
CURRIER,12435.00
BUTTERFIELD,12435.00
YEE,12435.00
RALSTON,12435.00
PULLEN,12435.00
PINSON,12435.00
ESTEP,12435.00
EAST,12435.00
CARBONE,12435.00
LANCE,12435.00
HAWKS,12435.00
ELLINGTON,12435.00
CASILLAS,12435.00
SPURLOCK,12435.00
SIKES,12435.00
MOTLEY,12435.00
MCCARTNEY,12435.00
KRUGER,12435.00
ISBELL,12435.00
HOULE,12435.00
FRANCISCO,12435.00
BURK,12435.00
BONE,12435.00
TOMLIN,12435.00
SHELBY,12435.00
QUIGLEY,12435.00
NEUMANN,12435.00
LOVELACE,12435.00
FENNELL,12435.00
COLBY,12435.00
CHEATHAM,12435.00
BUSTAMANTE,12435.00
SKIDMORE,12435.00
HIDALGO,12435.00
FORMAN,12435.00
CULP,12435.00
BOWENS,12435.00
BETANCOURT,12435.00
AQUINO,12435.00
ROBB,12435.00
REA,12435.00
MILNER,12435.00
MARTEL,12435.00
GRESHAM,12435.00
WILES,12435.00
RICKETTS,12435.00
GAVIN,12435.00
DOWD,12435.00
COLLAZO,12435.00
BOSTIC,12435.00
BLAKELY,12435.00
SHERROD,12435.00
POWER,12435.00
KENYON,12435.00
GANDY,12435.00
EBERT,12435.00
DELOACH,12435.00
CARY,12435.00
BULL,12435.00
ALLARD,12435.00
SAUER,12435.00
ROBINS,12435.00
OLIVARES,12435.00
GILLETTE,12435.00
CHESTNUT,12435.00
BOURQUE,12435.00
PAINE,12435.00
LYMAN,12435.00
HITE,12435.00
HAUSER,12435.00
DEVORE,12435.00
CRAWLEY,12435.00
CHAPA,12435.00
VU,12435.00
TOBIAS,12435.00
TALBERT,12435.00
POINDEXTER,12435.00
MILLARD,12435.00
MEADOR,12435.00
MCDUFFIE,12435.00
MATTOX,12435.00
KRAUS,12435.00
HARKINS,12435.00
CHOATE,12435.00
BESS,12435.00
WREN,12435.00
SLEDGE,12435.00
SANBORN,12435.00
OUTLAW,12435.00
KINDER,12435.00
GEARY,12435.00
CORNWELL,12435.00
BARCLAY,12435.00
ADAM,12435.00
ABNEY,12435.00
SEWARD,12435.00
RHOADS,12435.00
HOWLAND,12435.00
FORTIER,12435.00
EASTER,12435.00
BENNER,12435.00
VINES,12435.00
TUBBS,12435.00
TROUTMAN,12435.00
RAPP,12435.00
NOE,12435.00
MCCURDY,12435.00
HARDER,12435.00
DELUCA,12435.00
WESTMORELAND,12435.00
SOUTH,12435.00
HAVENS,12435.00
GUAJARDO,12435.00
ELY,12435.00
CLARY,12435.00
SEAL,12435.00
MEEHAN,12435.00
HERZOG,12435.00
GUILLEN,12435.00
ASHCRAFT,12435.00
WAUGH,12435.00
RENNER,12435.00
MILAM,12435.00
JUNG,12435.00
ELROD,12435.00
CHURCHILL,12435.00
BUFORD,12435.00
BREAUX,12435.00
BOLIN,12435.00
ASHER,12435.00
WINDHAM,12435.00
TIRADO,12435.00
PEMBERTON,12435.00
NOLEN,12435.00
NOLAND,12435.00
KNOTT,12435.00
EMMONS,12435.00
CORNISH,12435.00
CHRISTENSON,12435.00
BROWNLEE,12435.00
BARBEE,12435.00
WALDROP,9948.00
PITT,9948.00
OLVERA,9948.00
LOMBARDI,9948.00
GRUBER,9948.00
GAFFNEY,9948.00
EGGLESTON,9948.00
BANDA,9948.00
ARCHULETA,9948.00
STILL,9948.00
SLONE,9948.00
PREWITT,9948.00
PFEIFFER,9948.00
NETTLES,9948.00
MENA,9948.00
MCADAMS,9948.00
HENNING,9948.00
GARDINER,9948.00
CROMWELL,9948.00
CHISHOLM,9948.00
BURLESON,9948.00
BOX,9948.00
VEST,9948.00
OGLESBY,9948.00
MCCARTER,9948.00
MALCOLM,9948.00
LUMPKIN,9948.00
LARUE,9948.00
GREY,9948.00
WOFFORD,9948.00
VANHORN,9948.00
THORN,9948.00
TEEL,9948.00
SWAFFORD,9948.00
STCLAIR,9948.00
STANFIELD,9948.00
OCAMPO,9948.00
HERRMANN,9948.00
HANNON,9948.00
ARSENAULT,9948.00
ROUSH,9948.00
MCALISTER,9948.00
HIATT,9948.00
GUNDERSON,9948.00
FORSYTHE,9948.00
DUGGAN,9948.00
DELVALLE,9948.00
CINTRON,9948.00
WILKS,9948.00
WEINSTEIN,9948.00
URIBE,9948.00
RIZZO,9948.00
NOYES,9948.00
MCLENDON,9948.00
GURLEY,9948.00
BETHEA,9948.00
WINSTEAD,9948.00
MAPLES,9948.00
HARRY,9948.00
GUYTON,9948.00
GIORDANO,9948.00
ALDERMAN,9948.00
VALDES,9948.00
POLANCO,9948.00
PAPPAS,9948.00
LIVELY,9948.00
GROGAN,9948.00
GRIFFITHS,9948.00
BOBO,9948.00
AREVALO,9948.00
WHITSON,9948.00
SOWELL,9948.00
RENDON,9948.00
MATTHEW,9948.00
JULIAN,9948.00
FERNANDES,9948.00
FARROW,9948.00
EDMOND,9948.00
BENAVIDEZ,9948.00
AYRES,9948.00
ALICEA,9948.00
STUMP,9948.00
SMALLEY,9948.00
SEITZ,9948.00
SCHULTE,9948.00
GILLEY,9948.00
GALLANT,9948.00
DEWEY,9948.00
CASPER,9948.00
CANFIELD,9948.00
WOLFORD,9948.00
OMALLEY,9948.00
MCNUTT,9948.00
MCNULTY,9948.00
MCGOVERN,9948.00
HARDMAN,9948.00
HARBIN,9948.00
COWART,9948.00
CHAVARRIA,9948.00
BRINK,9948.00
BECKETT,9948.00
BAGWELL,9948.00
ARMSTEAD,9948.00
ANGLIN,9948.00
ABREU,9948.00
REYNOSO,9948.00
KREBS,9948.00
JETT,9948.00
HOFFMANN,9948.00
GREENFIELD,9948.00
FORTE,9948.00
BURNEY,9948.00
BROOME,9948.00
SISSON,9948.00
PARENT,9948.00
JUDE,9948.00
YOUNGER,9948.00
TRAMMELL,9948.00
PARTRIDGE,9948.00
MARVIN,9948.00
MACE,9948.00
LOMAX,9948.00
LEMIEUX,9948.00
GOSSETT,9948.00
FRANTZ,9948.00
FOGLE,9948.00
COONEY,9948.00
BROUGHTON,9948.00
PENCE,9948.00
PAULSEN,9948.00
NEIL,9948.00
MUNCY,9948.00
MCARTHUR,9948.00
HOLLINS,9948.00
EDWARD,9948.00
BEAUCHAMP,9948.00
WITHERS,9948.00
OSORIO,9948.00
MULLIGAN,9948.00
HOYLE,9948.00
FOY,9948.00
DOCKERY,9948.00
COCKRELL,9948.00
BEGLEY,9948.00
AMADOR,9948.00
ROBY,9948.00
RAINS,9948.00
LINDQUIST,9948.00
GENTILE,9948.00
EVERHART,9948.00
BOHANNON,9948.00
WYLIE,9948.00
THAO,9948.00
SOMMERS,9948.00
PURNELL,9948.00
PALMA,9948.00
FORTIN,9948.00
DUNNING,9948.00
BREEDEN,9948.00
VAIL,9948.00
PHELAN,9948.00
PHAN,9948.00
MARX,9948.00
COSBY,9948.00
COLBURN,9948.00
CHONG,9948.00
BOLING,9948.00
BIDDLE,9948.00
LEDESMA,9948.00
GADDIS,9948.00
DENNEY,9948.00
CHOW,9948.00
BUENO,9948.00
BERRIOS,9948.00
WICKER,9948.00
TOLLIVER,9948.00
THIBODEAUX,9948.00
NAGLE,9948.00
LAVOIE,9948.00
FISK,9948.00
DO,9948.00
CRIST,9948.00
BARBOSA,9948.00
REEDY,9948.00
MARCH,9948.00
LOCKLEAR,9948.00
KOLB,9948.00
HIMES,9948.00
BEHRENS,9948.00
BECKWITH,9948.00
BECKHAM,9948.00
WEEMS,9948.00
WAHL,9948.00
SHORTER,9948.00
SHACKELFORD,9948.00
REES,9948.00
MUSE,9948.00
FREE,9948.00
CERDA,9948.00
VALADEZ,9948.00
THIBODEAU,9948.00
SAAVEDRA,9948.00
RIDGEWAY,9948.00
REITER,9948.00
MCHENRY,9948.00
MAJORS,9948.00
LACHANCE,9948.00
KEATON,9948.00
ISRAEL,9948.00
FERRARA,9948.00
FALCON,9948.00
CLEMENS,9948.00
BLOCKER,9948.00
APPLEGATE,9948.00
PAZ,9948.00
NEEDHAM,9948.00
MOJICA,9948.00
KUYKENDALL,9948.00
HAMEL,9948.00
ESCAMILLA,9948.00
DOUGHTY,9948.00
BURCHETT,9948.00
AINSWORTH,9948.00
WILBUR,9948.00
VIDAL,9948.00
UPCHURCH,9948.00
THIGPEN,9948.00
STRAUSS,9948.00
SPRUILL,9948.00
SOWERS,9948.00
RIGGINS,9948.00
RICKER,9948.00
MCCOMBS,9948.00
HARLOW,9948.00
GARNETT,9948.00
BUFFINGTON,9948.00
YI,9948.00
SOTELO,9948.00
OLIVAS,9948.00
NEGRETE,9948.00
MOREY,9948.00
MACON,9948.00
LOGSDON,9948.00
LAPOINTE,9948.00
FLORENCE,9948.00
CATHEY,9948.00
BIGELOW,9948.00
BELLO,9948.00
WESTFALL,9948.00
STUBBLEFIELD,9948.00
PEAK,9948.00
LINDLEY,9948.00
JEFFREY,9948.00
HEIN,9948.00
HAWES,9948.00
FARRINGTON,9948.00
EDGE,9948.00
BREEN,9948.00
BIRCH,9948.00
WILDE,9948.00
STEED,9948.00
SEPULVEDA,9948.00
REINHARDT,9948.00
PROFFITT,9948.00
MINTER,9948.00
MESSINA,9948.00
MCNABB,9948.00
MAIER,9948.00
KEELER,9948.00
GAMBOA,9948.00
DONOHUE,9948.00
DEXTER,9948.00
BASHAM,9948.00
SHINN,9948.00
ORLANDO,9948.00
CROOKS,9948.00
COTA,9948.00
BORDERS,9948.00
BILLS,9948.00
BACHMAN,9948.00
TISDALE,9948.00
TAVARES,9948.00
SCHMID,9948.00
PICKARD,9948.00
JASPER,9948.00
GULLEY,9948.00
FONSECA,9948.00
DELOSSANTOS,9948.00
CONDON,9948.00
CLANCY,9948.00
BATISTA,9948.00
WICKS,9948.00
WADSWORTH,9948.00
NEW,9948.00
MARTELL,9948.00
LO,9948.00
LITTLETON,9948.00
ISON,9948.00
HAAG,9948.00
FOLSOM,9948.00
BRUMFIELD,9948.00
BROYLES,9948.00
BRITO,9948.00
MIRELES,9948.00
MCDONNELL,9948.00
LECLAIR,9948.00
HAMBLIN,9948.00
GOUGH,9948.00
FANNING,9948.00
BINDER,9948.00
WINFIELD,9948.00
WHITWORTH,9948.00
SORIANO,9948.00
PALUMBO,9948.00
NEWKIRK,9948.00
MANGUM,9948.00
HUTCHERSON,9948.00
COMSTOCK,9948.00
CECIL,9948.00
CARLIN,9948.00
BEALL,9948.00
BAIR,9948.00
WENDT,9948.00
WATTERS,9948.00
WALLING,9948.00
PUTMAN,9948.00
OTOOLE,9948.00
OLIVA,9948.00
MORLEY,9948.00
MARES,9948.00
LEMUS,9948.00
KEENER,9948.00
JEFFERY,9948.00
HUNDLEY,9948.00
DIAL,9948.00
DAMICO,9948.00
BILLUPS,9948.00
STROTHER,9948.00
MCFARLANE,9948.00
LAMM,9948.00
EAVES,9948.00
CRUTCHER,9948.00
CARABALLO,9948.00
CANTY,9948.00
ATWELL,9948.00
TAFT,9948.00
SILER,9948.00
RUST,9948.00
RAWLS,9948.00
RAWLINGS,9948.00
PRIETO,9948.00
NILES,9948.00
MCNEELY,9948.00
MCAFEE,9948.00
HULSEY,9948.00
HARLAN,9948.00
HACKNEY,9948.00
GALVEZ,9948.00
ESCALANTE,9948.00
DELAGARZA,9948.00
CRIDER,9948.00
CHARLTON,9948.00
BANDY,9948.00
WILBANKS,9948.00
STOWE,9948.00
STEINBERG,9948.00
SAMSON,9948.00
RENFRO,9948.00
MASTERSON,9948.00
MASSIE,9948.00
LANHAM,9948.00
HASKELL,9948.00
HAMRICK,9948.00
FORT,9948.00
DEHART,9948.00
CARD,9948.00
BURDETTE,9948.00
BRANSON,9948.00
BOURNE,9948.00
BABIN,9948.00
ALEMAN,9948.00
WORTHY,9948.00
TIBBS,9948.00
SWEAT,9948.00
SMOOT,9948.00
SLACK,9948.00
PARADIS,9948.00
PACKARD,9948.00
MULL,9948.00
LUCE,9948.00
HOUGHTON,9948.00
GANTT,9948.00
FURMAN,9948.00
DANNER,9948.00
CHRISTIANSON,9948.00
BURGE,9948.00
BRODERICK,9948.00
ASHFORD,9948.00
ARNDT,9948.00
ALMEIDA,9948.00
STALLWORTH,9948.00
SHADE,9948.00
SEARCY,9948.00
SAGER,9948.00
NOONAN,9948.00
MCLEMORE,9948.00
MCINTIRE,9948.00
MAXEY,9948.00
LAVIGNE,9948.00
JOBE,9948.00
IRELAND,9948.00
FERRER,9948.00
FALK,9948.00
EDGAR,9948.00
COFFIN,9948.00
BYRNES,9948.00
ARANDA,9948.00
APODACA,9948.00
STAMPS,9948.00
ROUNDS,9948.00
PEEK,9948.00
OLMSTEAD,9948.00
LEWANDOWSKI,9948.00
KAMINSKI,9948.00
HER,9948.00
DUNAWAY,9948.00
BRUNS,9948.00
BRACKETT,9948.00
AMATO,9948.00
REICH,9948.00
MCCLUNG,9948.00
LACROIX,9948.00
KOONTZ,9948.00
HERRICK,9948.00
HARDESTY,9948.00
FLANDERS,9948.00
COUSINS,9948.00
CLOSE,9948.00
CATO,9948.00
CADE,9948.00
VICKERY,9948.00
SHANK,9948.00
NAGEL,9948.00
DUPUIS,9948.00
CROTEAU,9948.00
COTTER,9948.00
CABLE,9948.00
STUCKEY,9948.00
STINE,9948.00
PORTERFIELD,9948.00
PAULEY,9948.00
NYE,9948.00
MOFFITT,9948.00
LU,9948.00
KNUDSEN,9948.00
HARDWICK,9948.00
GOFORTH,9948.00
DUPONT,9948.00
BLUNT,9948.00
BARROWS,9948.00
BARNHILL,9948.00
SHULL,9948.00
RASH,9948.00
RALPH,9948.00
PENNY,9948.00
LORENZO,9948.00
LOFTIS,9948.00
LEMAY,9948.00
KITCHENS,9948.00
HORVATH,9948.00
GRENIER,9948.00
FUCHS,9948.00
FAIRBANKS,9948.00
CULBERTSON,9948.00
CALKINS,9948.00
BURNSIDE,9948.00
BEATTIE,9948.00
ASHWORTH,9948.00
ALBERTSON,9948.00
WERTZ,9948.00
VO,9948.00
VAUGHT,9948.00
VALLEJO,9948.00
TYREE,9948.00
TURK,9948.00
TUCK,9948.00
TIJERINA,9948.00
SAGE,9948.00
PICARD,9948.00
PETERMAN,9948.00
OTIS,9948.00
MARROQUIN,9948.00
MARR,9948.00
LANTZ,9948.00
HOANG,9948.00
DEMARCO,9948.00
DAILY,9948.00
CONE,9948.00
BERUBE,9948.00
BARNETTE,9948.00
WHARTON,9948.00
STINNETT,9948.00
SLOCUM,9948.00
SCANLON,9948.00
SANDER,9948.00
PINTO,9948.00
MANCUSO,9948.00
LIMA,9948.00
JUDGE,9948.00
HEADLEY,9948.00
EPSTEIN,9948.00
COUNTS,9948.00
CLARKSON,9948.00
CARNAHAN,9948.00
BRICE,9948.00
BOREN,9948.00
ARTEAGA,9948.00
ADAME,9948.00
ZOOK,9948.00
WHITTLE,9948.00
WHITEHURST,9948.00
WENZEL,9948.00
SAXTON,9948.00
RHEA,9948.00
REDDICK,9948.00
PUENTE,9948.00
HAZEL,9948.00
HANDLEY,9948.00
HAGGERTY,9948.00
EARLEY,9948.00
DEVLIN,9948.00
DALLAS,9948.00
CHAFFIN,9948.00
CADY,9948.00
AHMED,9948.00
ACUNA,9948.00
SOLANO,9948.00
SIGLER,9948.00
POLLACK,9948.00
PENDERGRASS,9948.00
OSTRANDER,9948.00
JANES,9948.00
FRANCOIS,9948.00
FINE,9948.00
CRUTCHFIELD,9948.00
CORDELL,9948.00
CHAMBERLIN,9948.00
BRUBAKER,9948.00
BAPTISTE,9948.00
WILLSON,9948.00
REIS,9948.00
NEELEY,9948.00
MULLIN,9948.00
MERCIER,9948.00
LIRA,9948.00
LAYMAN,9948.00
KEELING,9948.00
HIGDON,9948.00
GUEST,9948.00
FORRESTER,9948.00
ESPINAL,9948.00
DION,9948.00
CHAPIN,9948.00
CARL,9948.00
WARFIELD,9948.00
TOLEDO,9948.00
PULIDO,9948.00
PEEBLES,9948.00
NAGY,9948.00
MONTAGUE,9948.00
MELLO,9948.00
LEAR,9948.00
JAEGER,9948.00
HOGG,9948.00
GRAFF,9948.00
FURR,9948.00
DERRICK,9948.00
CAVE,9948.00
CANADA,9948.00
SOLIZ,9948.00
POORE,9948.00
MENDENHALL,9948.00
MCLAURIN,9948.00
MAESTAS,9948.00
LOW,9948.00
GABLE,9948.00
BELT,9948.00
BARRAZA,9948.00
TILLERY,9948.00
SNEAD,9948.00
POND,9948.00
NEILL,9948.00
MCCULLOCH,9948.00
MCCORKLE,9948.00
LIGHTFOOT,9948.00
HUTCHINGS,9948.00
HOLLOMAN,9948.00
HARNESS,9948.00
DORN,9948.00
COUNCIL,9948.00
BOCK,9948.00
ZIELINSKI,9948.00
TURLEY,9948.00
TREADWELL,9948.00
STPIERRE,9948.00
STARLING,9948.00
SOMERS,9948.00
OSWALD,9948.00
MERRICK,9948.00
MARQUIS,9948.00
IVORY,9948.00
EASTERLING,9948.00
BIVENS,9948.00
TRUITT,9948.00
POSTON,9948.00
PARRY,9948.00
ONTIVEROS,9948.00
OLIVAREZ,9948.00
NEVILLE,9948.00
MOREAU,9948.00
MEDLIN,9948.00
MA,9948.00
LENZ,9948.00
KNOWLTON,9948.00
FAIRLEY,9948.00
COBBS,9948.00
CHISOLM,9948.00
BANNISTER,9948.00
WOODWORTH,9948.00
TOLER,9948.00
OCASIO,9948.00
NORIEGA,9948.00
NEUMAN,9948.00
MOYE,9948.00
MILBURN,9948.00
MCCLANAHAN,9948.00
LILLEY,9948.00
HANES,9948.00
FLANNERY,9948.00
DELLINGER,9948.00
DANIELSON,9948.00
CONTI,9948.00
BLODGETT,9948.00
BEERS,9948.00
WEATHERFORD,9948.00
STRAIN,9948.00
KARR,9948.00
HITT,9948.00
DENHAM,9948.00
CUSTER,9948.00
COBLE,9948.00
CLOUGH,9948.00
CASTEEL,9948.00
BOLDUC,9948.00
BATCHELOR,9948.00
AMMONS,9948.00
WHITLOW,9948.00
TIERNEY,9948.00
STATEN,9948.00
SIBLEY,9948.00
SEIFERT,9948.00
SCHUBERT,9948.00
SALCEDO,9948.00
MATTISON,9948.00
LANEY,9948.00
HAGGARD,9948.00
GROOMS,9948.00
DIX,9948.00
DEES,9948.00
CROMER,9948.00
COOKS,9948.00
COLSON,9948.00
CASWELL,9948.00
ZARATE,9948.00
SWISHER,9948.00
STACEY,9948.00
SHIN,9948.00
RAGAN,9948.00
PRIDGEN,9948.00
MCVEY,9948.00
MATHENY,9948.00
LEIGH,9948.00
LAFLEUR,9948.00
FRANZ,9948.00
FERRARO,9948.00
DUGGER,9948.00
WHITESIDE,9948.00
RIGSBY,9948.00
MCMURRAY,9948.00
LEHMANN,9948.00
LARGE,9948.00
JACOBY,9948.00
HILDEBRAND,9948.00
HENDRICK,9948.00
HEADRICK,9948.00
GOAD,9948.00
FINCHER,9948.00
DRURY,9948.00
BORGES,9948.00
ARCHIBALD,9948.00
ALBERS,9948.00
WOODCOCK,9948.00
TRAPP,9948.00
SOARES,9948.00
SEATON,9948.00
RICHIE,9948.00
MONSON,9948.00
LUCKETT,9948.00
LINDBERG,9948.00
KOPP,9948.00
KEETON,9948.00
HSU,9948.00
HEALEY,9948.00
GARVEY,9948.00
GADDY,9948.00
FAIN,9948.00
BURCHFIELD,9948.00
BADGER,9948.00
WENTWORTH,9948.00
STRAND,9948.00
STACK,9948.00
SPOONER,9948.00
SAUCIER,9948.00
SALES,9948.00
RUBY,9948.00
RICCI,9948.00
PLUNKETT,9948.00
PANNELL,9948.00
NESS,9948.00
LEGER,9948.00
HOY,9948.00
FREITAS,9948.00
FONG,9948.00
ELIZONDO,9948.00
DUVAL,9948.00
CHUN,9948.00
CALVIN,9948.00
BEAUDOIN,9948.00
URBINA,9948.00
STOCK,9948.00
RICKARD,9948.00
PARTIN,9948.00
MOE,9948.00
MCGREW,9948.00
MCCLINTOCK,9948.00
LEDOUX,9948.00
FORSYTH,9948.00
FAISON,9948.00
DEVRIES,9948.00
BERTRAND,9948.00
WASSON,7461.00
TILTON,7461.00
SCARBROUGH,7461.00
PRIDE,7461.00
OH,7461.00
LEUNG,7461.00
LARRY,7461.00
IRVINE,7461.00
GARBER,7461.00
DENNING,7461.00
CORRAL,7461.00
COLLEY,7461.00
CASTLEBERRY,7461.00
BOWLIN,7461.00
BOGAN,7461.00
BEALE,7461.00
BAINES,7461.00
TRUE,7461.00
TRICE,7461.00
RAYBURN,7461.00
PARKINSON,7461.00
PAK,7461.00
NUNES,7461.00
MCMILLEN,7461.00
LEAHY,7461.00
LEA,7461.00
KIMMEL,7461.00
HIGGS,7461.00
FULMER,7461.00
CARDEN,7461.00
BEDFORD,7461.00
TAGGART,7461.00
SPEARMAN,7461.00
REGISTER,7461.00
PRICHARD,7461.00
MORRILL,7461.00
KOONCE,7461.00
HEINZ,7461.00
HEDGES,7461.00
GUENTHER,7461.00
GRICE,7461.00
FINDLEY,7461.00
EARLE,7461.00
DOVER,7461.00
CREIGHTON,7461.00
BOOTHE,7461.00
BAYER,7461.00
ARREOLA,7461.00
VITALE,7461.00
VALLES,7461.00
SEE,7461.00
RANEY,7461.00
PETER,7461.00
OSGOOD,7461.00
LOWELL,7461.00
HANLON,7461.00
BURLEY,7461.00
BOUNDS,7461.00
WORDEN,7461.00
WEATHERLY,7461.00
VETTER,7461.00
TANAKA,7461.00
STILTNER,7461.00
SELL,7461.00
NEVAREZ,7461.00
MOSBY,7461.00
MONTERO,7461.00
MELANCON,7461.00
HARTER,7461.00
HAMER,7461.00
GOBLE,7461.00
GLADDEN,7461.00
GIST,7461.00
GINN,7461.00
AKIN,7461.00
ZARAGOZA,7461.00
TOWNS,7461.00
TARVER,7461.00
SAMMONS,7461.00
ROYSTER,7461.00
OREILLY,7461.00
MUIR,7461.00
MOREHEAD,7461.00
LUSTER,7461.00
KINGSLEY,7461.00
KELSO,7461.00
GRISHAM,7461.00
GLYNN,7461.00
BAUMANN,7461.00
ALVES,7461.00
YOUNT,7461.00
TAMAYO,7461.00
TAM,7461.00
PATERSON,7461.00
OATES,7461.00
MENENDEZ,7461.00
LONGO,7461.00
HARGIS,7461.00
GREENLEE,7461.00
GILLEN,7461.00
DESANTIS,7461.00
CONOVER,7461.00
BREEDLOVE,7461.00
WAYNE,7461.00
SUMPTER,7461.00
SCHERER,7461.00
RUPP,7461.00
REICHERT,7461.00
HEREDIA,7461.00
FALLON,7461.00
CREEL,7461.00
COHN,7461.00
CLEMMONS,7461.00
CASAS,7461.00
BICKFORD,7461.00
BELTON,7461.00
BACH,7461.00
WILLIFORD,7461.00
WHITCOMB,7461.00
TENNANT,7461.00
SUTTER,7461.00
STULL,7461.00
SESSIONS,7461.00
MCCALLUM,7461.00
MANSON,7461.00
LANGLOIS,7461.00
KEEL,7461.00
KEEGAN,7461.00
EMANUEL,7461.00
DANGELO,7461.00
DANCY,7461.00
DAMRON,7461.00
CLAPP,7461.00
CLANTON,7461.00
BANKSTON,7461.00
TRINIDAD,7461.00
OLIVEIRA,7461.00
MINTZ,7461.00
MCINNIS,7461.00
MARTENS,7461.00
MABE,7461.00
LASTER,7461.00
JOLLEY,7461.00
IRISH,7461.00
HILDRETH,7461.00
HEFNER,7461.00
GLASER,7461.00
DUCKETT,7461.00
DEMERS,7461.00
BROCKMAN,7461.00
BLAIS,7461.00
BACK,7461.00
ALCORN,7461.00
AGNEW,7461.00
TOLIVER,7461.00
TICE,7461.00
SONG,7461.00
SEELEY,7461.00
NAJERA,7461.00
MUSSER,7461.00
MCFALL,7461.00
LAPLANTE,7461.00
GALVIN,7461.00
FAJARDO,7461.00
DOAN,7461.00
COYNE,7461.00
COPLEY,7461.00
CLAWSON,7461.00
CHEUNG,7461.00
BARONE,7461.00
WYNNE,7461.00
WOODLEY,7461.00
TREMBLAY,7461.00
STOLL,7461.00
SPARROW,7461.00
SPARKMAN,7461.00
SCHWEITZER,7461.00
SASSER,7461.00
SAMPLES,7461.00
RONEY,7461.00
RAMON,7461.00
LEGG,7461.00
LAI,7461.00
JOE,7461.00
HEIM,7461.00
FARIAS,7461.00
CONCEPCION,7461.00
COLWELL,7461.00
CHRISTMAN,7461.00
BRATCHER,7461.00
ALBA,7461.00
WINCHESTER,7461.00
UPSHAW,7461.00
SOUTHERLAND,7461.00
SORRELL,7461.00
SHAY,7461.00
SELLS,7461.00
MOUNT,7461.00
MCCLOSKEY,7461.00
MARTINDALE,7461.00
LUTTRELL,7461.00
LOVELESS,7461.00
LOVEJOY,7461.00
LINARES,7461.00
LATIMER,7461.00
HOLLY,7461.00
EMBRY,7461.00
COOMBS,7461.00
BRATTON,7461.00
BOSTICK,7461.00
BOSS,7461.00
VENABLE,7461.00
TUGGLE,7461.00
TORO,7461.00
STAGGS,7461.00
SANDLIN,7461.00
JEFFERIES,7461.00
HECKMAN,7461.00
GRIFFIS,7461.00
CRAYTON,7461.00
CLEM,7461.00
BUTTON,7461.00
BROWDER,7461.00
ALLAN,7461.00
THORTON,7461.00
STURGILL,7461.00
SPROUSE,7461.00
ROYER,7461.00
ROUSSEAU,7461.00
RIDENOUR,7461.00
POGUE,7461.00
PERALES,7461.00
PEEPLES,7461.00
METZLER,7461.00
MESA,7461.00
MCCUTCHEON,7461.00
MCBEE,7461.00
JAY,7461.00
HORNSBY,7461.00
HEFFNER,7461.00
CORRIGAN,7461.00
ARMIJO,7461.00
VUE,7461.00
ROMEO,7461.00
PLANTE,7461.00
PEYTON,7461.00
PAREDES,7461.00
MACKLIN,7461.00
HUSSEY,7461.00
HODGSON,7461.00
GRANADOS,7461.00
FRIAS,7461.00
CARMAN,7461.00
BRENT,7461.00
BECNEL,7461.00
BATTEN,7461.00
ALMANZA,7461.00
TURNEY,7461.00
TEAL,7461.00
STURGEON,7461.00
MEEKER,7461.00
MCDANIELS,7461.00
LIMON,7461.00
KEENEY,7461.00
KEE,7461.00
HUTTO,7461.00
HOLGUIN,7461.00
GORHAM,7461.00
FISHMAN,7461.00
FIERRO,7461.00
BLANCHETTE,7461.00
RODRIGUE,7461.00
REDDY,7461.00
OSBURN,7461.00
ODEN,7461.00
LERMA,7461.00
KIRKWOOD,7461.00
KEEFER,7461.00
HAUGEN,7461.00
HAMMETT,7461.00
CHALMERS,7461.00
CARLOS,7461.00
BRINKMAN,7461.00
BAUMGARTNER,7461.00
ZHANG,7461.00
VALERIO,7461.00
TELLEZ,7461.00
STEFFEN,7461.00
SHUMATE,7461.00
SAULS,7461.00
RIPLEY,7461.00
KEMPER,7461.00
JACKS,7461.00
GUFFEY,7461.00
EVERS,7461.00
CRADDOCK,7461.00
CARVALHO,7461.00
BLAYLOCK,7461.00
BANUELOS,7461.00
BALDERAS,7461.00
WOODEN,7461.00
WHEATON,7461.00
TURNBULL,7461.00
SHUMAN,7461.00
POINTER,7461.00
MOSIER,7461.00
MCCUE,7461.00
LIGON,7461.00
KOZLOWSKI,7461.00
JOHANSEN,7461.00
INGLE,7461.00
HERR,7461.00
BRIONES,7461.00
SOUTHERN,7461.00
SNIPES,7461.00
RICKMAN,7461.00
PIPKIN,7461.00
PEACE,7461.00
PANTOJA,7461.00
OROSCO,7461.00
MONIZ,7461.00
LAWLESS,7461.00
KUNKEL,7461.00
HIBBARD,7461.00
GALARZA,7461.00
ENOS,7461.00
BUSSEY,7461.00
SETTLE,7461.00
SCHOTT,7461.00
SALCIDO,7461.00
PERREAULT,7461.00
MCDOUGAL,7461.00
MCCOOL,7461.00
HAIGHT,7461.00
GARRIS,7461.00
FERRY,7461.00
EASTON,7461.00
CONYERS,7461.00
ATHERTON,7461.00
WIMBERLY,7461.00
UTLEY,7461.00
STEPHEN,7461.00
SPELLMAN,7461.00
SMITHSON,7461.00
SLAGLE,7461.00
SKIPPER,7461.00
RITCHEY,7461.00
RAND,7461.00
PETIT,7461.00
OSULLIVAN,7461.00
OAKS,7461.00
NUTT,7461.00
MCVAY,7461.00
MCCREARY,7461.00
MAYHEW,7461.00
KNOLL,7461.00
JEWETT,7461.00
HARWOOD,7461.00
HAILEY,7461.00
CARDOZA,7461.00
ASHE,7461.00
ARRIAGA,7461.00
ANDRES,7461.00
ZELLER,7461.00
WIRTH,7461.00
WHITMIRE,7461.00
STAUFFER,7461.00
SPRING,7461.00
ROUNTREE,7461.00
REDDEN,7461.00
MCCAFFREY,7461.00
MARTZ,7461.00
LOVING,7461.00
LAROSE,7461.00
LANGDON,7461.00
HUMES,7461.00
GASKIN,7461.00
FABER,7461.00
DOLL,7461.00
DEVITO,7461.00
CASS,7461.00
ALMOND,7461.00
WINGFIELD,7461.00
WINGATE,7461.00
VILLAREAL,7461.00
TYNER,7461.00
SMOTHERS,7461.00
SEVERSON,7461.00
RENO,7461.00
PENNELL,7461.00
MAUPIN,7461.00
LEIGHTON,7461.00
JANSSEN,7461.00
HASSELL,7461.00
HALLMAN,7461.00
HALCOMB,7461.00
FOLSE,7461.00
FITZSIMMONS,7461.00
FAHEY,7461.00
CRANFORD,7461.00
BOLEN,7461.00
BATTLES,7461.00
BATTAGLIA,7461.00
WOOLDRIDGE,7461.00
WEED,7461.00
TRASK,7461.00
ROSSER,7461.00
REGALADO,7461.00
MCEWEN,7461.00
KEEFE,7461.00
FUQUA,7461.00
ECHEVARRIA,7461.00
DOMINGO,7461.00
DANG,7461.00
CARO,7461.00
BOYNTON,7461.00
ANDRUS,7461.00
WILD,7461.00
VIERA,7461.00
VANMETER,7461.00
TABER,7461.00
SPRADLIN,7461.00
SEIBERT,7461.00
PROVOST,7461.00
PRENTICE,7461.00
OLIPHANT,7461.00
LAPORTE,7461.00
HWANG,7461.00
HATCHETT,7461.00
HASS,7461.00
GREINER,7461.00
FREEDMAN,7461.00
COVERT,7461.00
CHILTON,7461.00
BYARS,7461.00
WIESE,7461.00
VENEGAS,7461.00
SWANK,7461.00
SHRADER,7461.00
RODERICK,7461.00
ROBERGE,7461.00
MULLIS,7461.00
MORTENSEN,7461.00
MCCUNE,7461.00
MARLOWE,7461.00
KIRCHNER,7461.00
KECK,7461.00
ISAACSON,7461.00
HOSTETLER,7461.00
HALVERSON,7461.00
GUNTHER,7461.00
GRISWOLD,7461.00
GERARD,7461.00
FENNER,7461.00
DURDEN,7461.00
BLACKWOOD,7461.00
BERTRAM,7461.00
AHRENS,7461.00
SAWYERS,7461.00
SAVOY,7461.00
NABORS,7461.00
MCSWAIN,7461.00
MACKAY,7461.00
LOY,7461.00
LAVENDER,7461.00
LASH,7461.00
LABBE,7461.00
JESSUP,7461.00
HUBERT,7461.00
FULLERTON,7461.00
DONNELL,7461.00
CRUSE,7461.00
CRITTENDEN,7461.00
CORREIA,7461.00
CENTENO,7461.00
CAUDLE,7461.00
CANADY,7461.00
CALLENDER,7461.00
ALARCON,7461.00
AHERN,7461.00
WINFREY,7461.00
TRIBBLE,7461.00
TOM,7461.00
STYLES,7461.00
SALLEY,7461.00
RODEN,7461.00
MUSGROVE,7461.00
MINNICK,7461.00
FORTENBERRY,7461.00
CARRION,7461.00
BUNTING,7461.00
BETHEL,7461.00
BATISTE,7461.00
WOO,7461.00
WHITED,7461.00
UNDERHILL,7461.00
STILLWELL,7461.00
SILVIA,7461.00
RAUCH,7461.00
PIPPIN,7461.00
PERRIN,7461.00
MESSENGER,7461.00
MANCINI,7461.00
LISTER,7461.00
KINARD,7461.00
HARTMANN,7461.00
FLECK,7461.00
BROADWAY,7461.00
WILT,7461.00
TREADWAY,7461.00
THORNHILL,7461.00
SPEED,7461.00
SPALDING,7461.00
SAM,7461.00
RAFFERTY,7461.00
PITRE,7461.00
PATINO,7461.00
ORDONEZ,7461.00
LINKOUS,7461.00
KELLEHER,7461.00
HOMAN,7461.00
HOLIDAY,7461.00
GALBRAITH,7461.00
FEENEY,7461.00
DORRIS,7461.00
CURTIN,7461.00
COWARD,7461.00
CAMARILLO,7461.00
BUSS,7461.00
BUNNELL,7461.00
BOLT,7461.00
BEELER,7461.00
AUTRY,7461.00
ALCALA,7461.00
WITTE,7461.00
WENTZ,7461.00
STIDHAM,7461.00
SHIVELY,7461.00
NUNLEY,7461.00
MEACHAM,7461.00
MARTINS,7461.00
LEMKE,7461.00
LEFEBVRE,7461.00
KAYE,7461.00
HYNES,7461.00
HOROWITZ,7461.00
HOPPE,7461.00
HOLCOMBE,7461.00
ESTRELLA,7461.00
DUNNE,7461.00
DERR,7461.00
COCHRANE,7461.00
BRITTAIN,7461.00
BEDARD,7461.00
BEAUREGARD,7461.00
TORRENCE,7461.00
STRUNK,7461.00
SORIA,7461.00
SIMONSON,7461.00
SHUMAKER,7461.00
SCOGGINS,7461.00
PACKER,7461.00
OCONNER,7461.00
MORIARTY,7461.00
LEROY,7461.00
KUNTZ,7461.00
IVES,7461.00
HUTCHESON,7461.00
HORAN,7461.00
HALES,7461.00
GARMON,7461.00
FITTS,7461.00
DELL,7461.00
BOHN,7461.00
ATCHISON,7461.00
WORTH,7461.00
WISNIEWSKI,7461.00
WILL,7461.00
VANWINKLE,7461.00
STURM,7461.00
SALLEE,7461.00
PROSSER,7461.00
MOEN,7461.00
LUNDBERG,7461.00
KUNZ,7461.00
KOHL,7461.00
KEANE,7461.00
JORGENSON,7461.00
JAYNES,7461.00
FUNDERBURK,7461.00
FREED,7461.00
FRAME,7461.00
DURR,7461.00
CREAMER,7461.00
COSGROVE,7461.00
CANDELARIA,7461.00
BERLIN,7461.00
BATSON,7461.00
VANHOOSE,7461.00
THOMSEN,7461.00
TEETER,7461.00
SOMMER,7461.00
SMYTH,7461.00
SENA,7461.00
REDMON,7461.00
ORELLANA,7461.00
MANESS,7461.00
LENNON,7461.00
HEFLIN,7461.00
GOULET,7461.00
FRICK,7461.00
FORNEY,7461.00
DOLLAR,7461.00
BUNKER,7461.00
ASBURY,7461.00
AGUIAR,7461.00
TALBOTT,7461.00
SOUTHARD,7461.00
PLEASANT,7461.00
MOWERY,7461.00
MEARS,7461.00
LEMMON,7461.00
KRIEGER,7461.00
HICKSON,7461.00
GRACIA,7461.00
ELSTON,7461.00
DUONG,7461.00
DELGADILLO,7461.00
DAYTON,7461.00
DASILVA,7461.00
CONAWAY,7461.00
CATRON,7461.00
BRUTON,7461.00
BRADBURY,7461.00
BORDELON,7461.00
BIVINS,7461.00
BITTNER,7461.00
BERGSTROM,7461.00
BEALS,7461.00
ABELL,7461.00
WHELAN,7461.00
TRAVERS,7461.00
TEJADA,7461.00
PULLEY,7461.00
PINO,7461.00
NORFLEET,7461.00
NEALY,7461.00
MAES,7461.00
LOPER,7461.00
HELD,7461.00
GERALD,7461.00
GATEWOOD,7461.00
FRIERSON,7461.00
FREUND,7461.00
FINNEGAN,7461.00
CUPP,7461.00
COVEY,7461.00
CATALANO,7461.00
BOEHM,7461.00
BADER,7461.00
YOON,7461.00
WALSTON,7461.00
TENNEY,7461.00
SIPES,7461.00
ROLLER,7461.00
RAWLINS,7461.00
MEDLOCK,7461.00
MCCASKILL,7461.00
MCCALLISTER,7461.00
MARCOTTE,7461.00
MACLEAN,7461.00
HUGHEY,7461.00
HENKE,7461.00
HARWELL,7461.00
GLADNEY,7461.00
GILSON,7461.00
DEW,7461.00
CHISM,7461.00
CASKEY,7461.00
BRANDENBURG,7461.00
BAYLOR,7461.00
VILLASENOR,7461.00
VEAL,7461.00
VAN,7461.00
THATCHER,7461.00
STEGALL,7461.00
SHORE,7461.00
PETRIE,7461.00
NOWLIN,7461.00
NAVARRETE,7461.00
MUHAMMAD,7461.00
LOMBARD,7461.00
LOFTIN,7461.00
LEMASTER,7461.00
KROLL,7461.00
KOVACH,7461.00
KIMBRELL,7461.00
KIDWELL,7461.00
HERSHBERGER,7461.00
FULCHER,7461.00
ENG,7461.00
CANTWELL,7461.00
BUSTOS,7461.00
BOLAND,7461.00
BOBBITT,7461.00
BINKLEY,7461.00
WESTER,7461.00
WEIS,7461.00
VERDIN,7461.00
TONG,7461.00
TILLER,7461.00
SISCO,7461.00
SHARKEY,7461.00
SEYMORE,7461.00
ROSENBAUM,7461.00
ROHR,7461.00
QUINONEZ,7461.00
PINKSTON,7461.00
NATION,7461.00
MALLEY,7461.00
LOGUE,7461.00
LESSARD,7461.00
LERNER,7461.00
LEBRON,7461.00
KRAUSS,7461.00
KLINGER,7461.00
HALSTEAD,7461.00
HALLER,7461.00
GETZ,7461.00
BURROW,7461.00
BRANT,7461.00
ALGER,7461.00
VICTOR,7461.00
SHORES,7461.00
SCULLY,7461.00
POUNDS,7461.00
PFEIFER,7461.00
PERRON,7461.00
NELMS,7461.00
MUNN,7461.00
MCMASTER,7461.00
MCKENNEY,7461.00
MANNS,7461.00
KNUDSON,7461.00
HUTCHENS,7461.00
HUSKEY,7461.00
GOEBEL,7461.00
FLAGG,7461.00
CUSHMAN,7461.00
CLICK,7461.00
CASTELLANO,7461.00
CARDER,7461.00
BUMGARNER,7461.00
BLAINE,7461.00
BIBLE,7461.00
WAMPLER,7461.00
SPINKS,7461.00
ROBSON,7461.00
NEEL,7461.00
MCREYNOLDS,7461.00
MATHIAS,7461.00
MAAS,7461.00
LOERA,7461.00
KASPER,7461.00
JOSE,7461.00
JENSON,7461.00
FLOREZ,7461.00
COONS,7461.00
BUCKINGHAM,7461.00
BROGAN,7461.00
BERRYMAN,7461.00
WILMOTH,7461.00
WILHITE,7461.00
THRASH,7461.00
SHEPHARD,7461.00
SEIDEL,7461.00
SCHULZE,7461.00
ROLDAN,7461.00
PETTIS,7461.00
OBRYAN,7461.00
MAKI,7461.00
MACKIE,7461.00
HATLEY,7461.00
FRAZER,7461.00
FIORE,7461.00
FALLS,7461.00
CHESSER,7461.00
BUI,7461.00
BOTTOMS,7461.00
BISSON,7461.00
BENEFIELD,7461.00
ALLMAN,7461.00
WILKE,7461.00
TRUDEAU,7461.00
TIMM,7461.00
SHIFFLETT,7461.00
RAU,7461.00
MUNDY,7461.00
MILLIKEN,7461.00
MAYERS,7461.00
LEAKE,7461.00
KOHN,7461.00
HUNTINGTON,7461.00
HORSLEY,7461.00
HERMANN,7461.00
GUERIN,7461.00
FRYER,7461.00
FRIZZELL,7461.00
FORET,7461.00
FLEMMING,7461.00
FIFE,7461.00
CRISWELL,7461.00
CARBAJAL,7461.00
BOZEMAN,7461.00
BOISVERT,7461.00
ARCHIE,7461.00
ANTONIO,7461.00
ANGULO,7461.00
WALLEN,7461.00
TAPP,7461.00
SILVERS,7461.00
RAMSAY,7461.00
OSHEA,7461.00
ORTA,7461.00
MOLL,7461.00
MCKEEVER,7461.00
MCGEHEE,7461.00
LUCIANO,7461.00
LINVILLE,7461.00
KIEFER,7461.00
KETCHUM,7461.00
HOWERTON,7461.00
GROCE,7461.00
GAYLORD,7461.00
GASS,7461.00
FUSCO,7461.00
CORBITT,7461.00
BLYTHE,7461.00
BETZ,7461.00
BARTELS,7461.00
AMARAL,7461.00
AIELLO,7461.00
YOO,7461.00
WEDDLE,7461.00
TROY,7461.00
SUN,7461.00
SPERRY,7461.00
SEILER,7461.00
RUNYAN,7461.00
RALEY,7461.00
OVERBY,7461.00
OSTEEN,7461.00
OLDS,7461.00
MCKEOWN,7461.00
MAURO,7461.00
MATNEY,7461.00
LAUER,7461.00
LATTIMORE,7461.00
HINDMAN,7461.00
HARTWELL,7461.00
FREDRICKSON,7461.00
FREDERICKS,7461.00
ESPINO,7461.00
CLEGG,7461.00
CARSWELL,7461.00
CAMBELL,7461.00
BURKHOLDER,7461.00
AUGUST,7461.00
WOODBURY,7461.00
WELKER,7461.00
TOTTEN,7461.00
THORNBURG,7461.00
THERIAULT,7461.00
STITT,7461.00
STAMM,7461.00
STACKHOUSE,7461.00
SIMONE,7461.00
SCHOLL,7461.00
SAXON,7461.00
RIFE,7461.00
RAZO,7461.00
QUINLAN,7461.00
PINKERTON,7461.00
OLIVO,7461.00
NESMITH,7461.00
NALL,7461.00
MATTOS,7461.00
LEAK,7461.00
LAFFERTY,7461.00
JUSTUS,7461.00
GIRON,7461.00
GEER,7461.00
FIELDER,7461.00
EAGLE,7461.00
DRAYTON,7461.00
DORTCH,7461.00
CONNERS,7461.00
CONGER,7461.00
CHAU,7461.00
BOATWRIGHT,7461.00
BILLIOT,7461.00
BARDEN,7461.00
ARMENTA,7461.00
ANTOINE,7461.00
TIBBETTS,7461.00
STEADMAN,7461.00
SLATTERY,7461.00
SIDES,7461.00
RINALDI,7461.00
RAYNOR,7461.00
RAYFORD,7461.00
PINCKNEY,7461.00
PETTIGREW,7461.00
NICKEL,7461.00
MILNE,7461.00
MATTESON,7461.00
HALSEY,7461.00
GONSALVES,7461.00
FELLOWS,7461.00
DURAND,7461.00
DESIMONE,7461.00
COWLEY,7461.00
COWLES,7461.00
BRILL,7461.00
BARHAM,7461.00
BARELA,7461.00
BARBA,7461.00
ASHMORE,7461.00
WITHROW,7461.00
VALENTI,7461.00
TEJEDA,7461.00
SPRIGGS,7461.00
SAYRE,7461.00
SALERNO,7461.00
PLACE,7461.00
PELTIER,7461.00
PEEL,7461.00
MERRIMAN,7461.00
MATHESON,7461.00
LOWMAN,7461.00
LINDSTROM,7461.00
HYLAND,7461.00
HOMER,7461.00
HA,7461.00
GIROUX,7461.00
FRIES,7461.00
FRASIER,7461.00
EARLS,7461.00
DUGAS,7461.00
DAMON,7461.00
DABNEY,7461.00
COLLADO,7461.00
BRISENO,7461.00
BAXLEY,7461.00
ANDRE,7461.00
WORD,7461.00
WHYTE,7461.00
WENGER,7461.00
VANOVER,7461.00
VANBUREN,7461.00
THIEL,7461.00
SCHINDLER,7461.00
SCHILLER,7461.00
RIGBY,7461.00
POMEROY,7461.00
PASSMORE,7461.00
MARBLE,7461.00
MANZO,7461.00
MAHAFFEY,7461.00
LINDGREN,7461.00
LAFLAMME,7461.00
GREATHOUSE,7461.00
FITE,7461.00
FERRARI,7461.00
CALABRESE,7461.00
BAYNE,7461.00
YAMAMOTO,7461.00
WICK,7461.00
TOWNES,7461.00
THAMES,7461.00
STEEL,7461.00
REINHART,7461.00
PEELER,7461.00
NARANJO,7461.00
MONTEZ,7461.00
MCDADE,7461.00
MAST,7461.00
MARKLEY,7461.00
MARCHAND,7461.00
LEEPER,7461.00
KONG,7461.00
KELLUM,7461.00
HUDGENS,7461.00
HENNESSEY,7461.00
HADDEN,7461.00
GUESS,7461.00
GAINEY,7461.00
COPPOLA,7461.00
BORREGO,7461.00
BOLLING,7461.00
BEANE,7461.00
AULT,7461.00
SLATON,7461.00
POLAND,7461.00
PAPE,7461.00
NULL,7461.00
MULKEY,7461.00
LIGHTNER,7461.00
LANGER,7461.00
HILLARD,7461.00
GLASGOW,7461.00
FABIAN,7461.00
ETHRIDGE,7461.00
ENRIGHT,7461.00
DEROSA,7461.00
BASKIN,7461.00
ALFRED,7461.00
WEINBERG,7461.00
TURMAN,7461.00
TINKER,7461.00
SOMERVILLE,7461.00
PARDO,7461.00
NOLL,7461.00
LASHLEY,7461.00
INGRAHAM,7461.00
HILLER,7461.00
HENDON,7461.00
GLAZE,7461.00
FLORA,7461.00
COTHRAN,7461.00
COOKSEY,7461.00
CONTE,7461.00
CARRICO,7461.00
APPLE,7461.00
ABNER,7461.00
WOOLEY,7461.00
SWOPE,7461.00
SUMMERLIN,7461.00
STURGIS,7461.00
STURDIVANT,7461.00
STOTT,7461.00
SPURGEON,7461.00
SPILLMAN,7461.00
SPEIGHT,7461.00
ROUSSEL,7461.00
POPP,7461.00
NUTTER,7461.00
MCKEON,7461.00
MAZZA,7461.00
MAGNUSON,7461.00
LANNING,7461.00
KOZAK,7461.00
JANKOWSKI,7461.00
HEYWARD,7461.00
FORSTER,7461.00
CORWIN,7461.00
CALLAGHAN,7461.00
BAYS,7461.00
WORTHAM,7461.00
USHER,7461.00
THERIOT,7461.00
SAYERS,7461.00
SABO,7461.00
RUPERT,7461.00
POLING,7461.00
NATHAN,7461.00
LOYA,7461.00
LIEBERMAN,7461.00
LEVI,7461.00
LAROCHE,7461.00
LABELLE,7461.00
HOWES,7461.00
HARR,7461.00
GARAY,7461.00
FOGARTY,7461.00
EVERSON,7461.00
DURKIN,7461.00
DOMINQUEZ,7461.00
CHAVES,7461.00
CHAMBLISS,7461.00
ALFONSO,7461.00
WITCHER,7461.00
WILBER,7461.00
VIEIRA,7461.00
VANDIVER,7461.00
TERRILL,7461.00
STOKER,7461.00
SCHREINER,7461.00
NESTOR,7461.00
MOORMAN,7461.00
LIDDELL,7461.00
LEW,7461.00
LAWHORN,7461.00
KRUG,7461.00
IRONS,7461.00
HYLTON,7461.00
HOLLENBECK,7461.00
HERRIN,7461.00
HEMBREE,7461.00
HAIR,7461.00
GOOLSBY,7461.00
GOODIN,7461.00
GILMER,7461.00
FOLTZ,7461.00
DINKINS,7461.00
DAUGHTRY,7461.00
CABAN,7461.00
BRIM,7461.00
BRILEY,7461.00
BILODEAU,7461.00
BEAR,7461.00
WYANT,7461.00
VERGARA,7461.00
TALLENT,7461.00
SWEARINGEN,7461.00
STROUP,7461.00
SHERRY,7461.00
SCRIBNER,7461.00
ROGER,7461.00
QUILLEN,7461.00
PITMAN,7461.00
MONACO,7461.00
MCCANTS,7461.00
MAXFIELD,7461.00
MARTINSON,7461.00
LANDON,7461.00
HOLTZ,7461.00
FLOURNOY,7461.00
BROOKINS,7461.00
BRODY,7461.00
BAUMGARDNER,7461.00
ANGELO,7461.00
STRAUB,7461.00
SILLS,7461.00
ROYBAL,7461.00
ROUNDTREE,7461.00
OSWALT,7461.00
MONEY,7461.00
MCGRIFF,7461.00
MCDOUGALL,7461.00
MCCLEARY,7461.00
MAGGARD,7461.00
GRAGG,7461.00
GOODING,7461.00
GODINEZ,7461.00
DOOLITTLE,7461.00
DONATO,7461.00
COWELL,7461.00
CASSELL,7461.00
BRACKEN,7461.00
APPEL,7461.00
AHMAD,7461.00
ZAMBRANO,7461.00
REUTER,7461.00
PEREA,7461.00
OLIVE,7461.00
NAKAMURA,7461.00
MONAGHAN,7461.00
MICKENS,7461.00
MCCLINTON,7461.00
MCCLARY,7461.00
MARLER,7461.00
KISH,7461.00
JUDKINS,7461.00
GILBREATH,7461.00
FREESE,7461.00
FLANIGAN,7461.00
FELTS,7461.00
ERDMANN,7461.00
DODDS,7461.00
CHEW,7461.00
BROWNELL,7461.00
BRAZIL,7461.00
BOATRIGHT,7461.00
BARRETO,7461.00
SLAYTON,7461.00
SANDBERG,7461.00
SALDIVAR,7461.00
PETTWAY,7461.00
ODUM,7461.00
NARVAEZ,7461.00
MOULTRIE,7461.00
MONTEMAYOR,7461.00
MERRELL,7461.00
LEES,7461.00
KEYSER,7461.00
HOKE,7461.00
HARDAWAY,7461.00
HANNAN,7461.00
GILBERTSON,7461.00
FOGG,7461.00
DUMONT,7461.00
DEBERRY,7461.00
COGGINS,7461.00
CARRERA,7461.00
BUXTON,7461.00
BUCHER,7461.00
BROADNAX,7461.00
BEESON,7461.00
ARAUJO,7461.00
APPLETON,7461.00
AMUNDSON,7461.00
AGUAYO,7461.00
ACKLEY,7461.00
YOCUM,7461.00
WORSHAM,7461.00
SHIVERS,7461.00
SHELLY,7461.00
SANCHES,7461.00
SACCO,7461.00
ROBEY,7461.00
RHODEN,7461.00
PENDER,7461.00
OCHS,7461.00
MCCURRY,7461.00
MADERA,7461.00
LUONG,7461.00
LUIS,7461.00
KNOTTS,7461.00
JACKMAN,7461.00
HEINRICH,7461.00
HARGRAVE,7461.00
GAULT,7461.00
FOREST,7461.00
COMEAUX,7461.00
CHITWOOD,7461.00
CHILD,7461.00
CARAWAY,7461.00
BOETTCHER,7461.00
BERNHARDT,7461.00
BARRIENTOS,7461.00
ZINK,7461.00
WICKHAM,7461.00
WHITEMAN,7461.00
THORP,7461.00
STILLMAN,7461.00
SETTLES,7461.00
SCHOONOVER,7461.00
ROQUE,7461.00
RIDDELL,7461.00
REY,7461.00
PILCHER,7461.00
PHIFER,7461.00
NOVOTNY,7461.00
MAPLE,7461.00
MACLEOD,7461.00
HARDEE,7461.00
HAASE,7461.00
GRIDER,7461.00
FREDRICK,7461.00
EARNEST,7461.00
DOUCETTE,7461.00
CLAUSEN,7461.00
CHRISTMAS,7461.00
BEVINS,7461.00
BEAMON,7461.00
BADILLO,7461.00
TOLLEY,4974.00
TINDALL,4974.00
SOULE,4974.00
SNOOK,4974.00
SEBASTIAN,4974.00
SEALE,4974.00
PITCHER,4974.00
PINKNEY,4974.00
PELLEGRINO,4974.00
NOWELL,4974.00
NEMETH,4974.00
NAIL,4974.00
MONDRAGON,4974.00
MCLANE,4974.00
LUNDGREN,4974.00
INGALLS,4974.00
HUDSPETH,4974.00
HIXSON,4974.00
GEARHART,4974.00
FURLONG,4974.00
DOWNES,4974.00
DIONNE,4974.00
DIBBLE,4974.00
DEYOUNG,4974.00
CORNEJO,4974.00
CAMARA,4974.00
BROOKSHIRE,4974.00
BOYETTE,4974.00
WOLCOTT,4974.00
TRACEY,4974.00
SURRATT,4974.00
SELLARS,4974.00
SEGAL,4974.00
SALYER,4974.00
REEVE,4974.00
RAUSCH,4974.00
PHILIPS,4974.00
LABONTE,4974.00
HARO,4974.00
GOWER,4974.00
FREELAND,4974.00
FAWCETT,4974.00
EADS,4974.00
DRIGGERS,4974.00
DONLEY,4974.00
COLLETT,4974.00
CAGE,4974.00
BROMLEY,4974.00
BOATMAN,4974.00
BALLINGER,4974.00
BALDRIDGE,4974.00
VOLZ,4974.00
TROMBLEY,4974.00
STONGE,4974.00
SILAS,4974.00
SHANAHAN,4974.00
RIVARD,4974.00
RHYNE,4974.00
PEDROZA,4974.00
MATIAS,4974.00
MALLARD,4974.00
JAMIESON,4974.00
HEDGEPETH,4974.00
HARTNETT,4974.00
ESTEVEZ,4974.00
ESKRIDGE,4974.00
DENMAN,4974.00
CHIU,4974.00
CHINN,4974.00
CATLETT,4974.00
CARMACK,4974.00
BUIE,4974.00
BOOK,4974.00
BECHTEL,4974.00
BEARDSLEY,4974.00
BARD,4974.00
BALLOU,4974.00
WINDSOR,4974.00
ULMER,4974.00
STORM,4974.00
SKEEN,4974.00
ROBLEDO,4974.00
RINCON,4974.00
REITZ,4974.00
PIAZZA,4974.00
PEARL,4974.00
MUNGER,4974.00
MOTEN,4974.00
MCMICHAEL,4974.00
LOFTUS,4974.00
LEDET,4974.00
KERSEY,4974.00
GROFF,4974.00
FOWLKES,4974.00
FOLK,4974.00
CRUMPTON,4974.00
COLLETTE,4974.00
CLOUSE,4974.00
BETTIS,4974.00
VILLAGOMEZ,4974.00
TIMMERMAN,4974.00
STROM,4974.00
SAUL,4974.00
SANTORO,4974.00
RODDY,4974.00
PHILLIP,4974.00
PENROD,4974.00
MUSSELMAN,4974.00
MACPHERSON,4974.00
LEBOEUF,4974.00
HARLESS,4974.00
HADDAD,4974.00
GUIDO,4974.00
GOLDING,4974.00
FULKERSON,4974.00
FANNIN,4974.00
DULANEY,4974.00
DOWDELL,4974.00
DEANE,4974.00
COTTLE,4974.00
CEJA,4974.00
CATE,4974.00
BOSLEY,4974.00
BENGE,4974.00
ALBRITTON,4974.00
VOIGT,4974.00
TROWBRIDGE,4974.00
SOILEAU,4974.00
SEELY,4974.00
ROME,4974.00
ROHDE,4974.00
PEARSALL,4974.00
PAULK,4974.00
ORTH,4974.00
NASON,4974.00
MOTA,4974.00
MCMULLIN,4974.00
MARQUARDT,4974.00
MADIGAN,4974.00
HOAG,4974.00
GILLUM,4974.00
GAYLE,4974.00
GABBARD,4974.00
FENWICK,4974.00
FENDER,4974.00
ECK,4974.00
DANFORTH,4974.00
CUSHING,4974.00
CRESS,4974.00
CREED,4974.00
CAZARES,4974.00
CASANOVA,4974.00
BEY,4974.00
BETTENCOURT,4974.00
BARRINGER,4974.00
BABER,4974.00
STANSBERRY,4974.00
SCHRAMM,4974.00
RUTTER,4974.00
RIVERO,4974.00
RACE,4974.00
OQUENDO,4974.00
NECAISE,4974.00
MOUTON,4974.00
MONTENEGRO,4974.00
MILEY,4974.00
MCGOUGH,4974.00
MARRA,4974.00
MACMILLAN,4974.00
LOCK,4974.00
LAMONTAGNE,4974.00
JASSO,4974.00
JAIME,4974.00
HORST,4974.00
HETRICK,4974.00
HEILMAN,4974.00
GAYTAN,4974.00
GALL,4974.00
FRIED,4974.00
FORTNEY,4974.00
EDEN,4974.00
DINGLE,4974.00
DESJARDINS,4974.00
DABBS,4974.00
BURBANK,4974.00
BRIGHAM,4974.00
BRELAND,4974.00
BEAMAN,4974.00
BANNER,4974.00
ARRIOLA,4974.00
YARBOROUGH,4974.00
WALLIN,4974.00
TREAT,4974.00
TOSCANO,4974.00
STOWERS,4974.00
REISS,4974.00
PICHARDO,4974.00
ORTON,4974.00
MITCHEL,4974.00
MICHELS,4974.00
MCNAMEE,4974.00
MCCRORY,4974.00
LEATHERMAN,4974.00
KELL,4974.00
KEISTER,4974.00
JEROME,4974.00
HORNING,4974.00
HARGETT,4974.00
GUAY,4974.00
FRIDAY,4974.00
FERRO,4974.00
DEBOER,4974.00
DAGOSTINO,4974.00
CLEMENTE,4974.00
CHRIST,4974.00
CARPER,4974.00
BOWLER,4974.00
BLANKS,4974.00
BEAUDRY,4974.00
WILLIE,4974.00
TOWLE,4974.00
TAFOYA,4974.00
STRICKLIN,4974.00
STRADER,4974.00
SOPER,4974.00
SONNIER,4974.00
SIGMON,4974.00
SCHENK,4974.00
SADDLER,4974.00
RODMAN,4974.00
PEDIGO,4974.00
MENDES,4974.00
LUNN,4974.00
LOHR,4974.00
LAHR,4974.00
KINGSBURY,4974.00
JARMAN,4974.00
HUME,4974.00
HOLLIMAN,4974.00
HOFMANN,4974.00
BRADDY,2487.00
BORST,2487.00
BIRDWELL,2487.00
BENT,2487.00
BAZAN,2487.00
BANK,2487.00
BANAS,2487.00
BADE,2487.00
AUBREY,2487.00
ARANGO,2487.00
AHEARN,2487.00
ADDIS,2487.00
ZUMWALT,2487.00
WURTH,2487.00
WILK,2487.00
WIDENER,2487.00
WAGSTAFF,2487.00
VELLA,2487.00
URRUTIA,2487.00
TERWILLIGER,2487.00
TART,2487.00
STEINMAN,2487.00
STAATS,2487.00
SLOAT,2487.00
RIVES,2487.00
RIGGLE,2487.00
REVELS,2487.00
REICHARD,2487.00
PRICKETT,2487.00
POFF,2487.00
PITZER,2487.00
PETRO,2487.00
PELL,2487.00
NORTHRUP,2487.00
NICKS,2487.00
MOLINE,2487.00
MIELKE,2487.00
MAYNOR,2487.00
MALLON,2487.00
MAGNESS,2487.00
LINGLE,2487.00
LINDELL,2487.00
LIEB,2487.00
LESKO,2487.00
LEBEAU,2487.00
LAMMERS,2487.00
LAFOND,2487.00
KIERNAN,2487.00
KETRON,2487.00
JURADO,2487.00
HOLMGREN,2487.00
HILBURN,2487.00
HAYASHI,2487.00
HASHIMOTO,2487.00
HARBAUGH,2487.00
HANS,2487.00
GUILLOT,2487.00
GARD,2487.00
FROEHLICH,2487.00
FELIPE,2487.00
FEINBERG,2487.00
FALCO,2487.00
DUFOUR,2487.00
DREES,2487.00
DONEY,2487.00
DIEP,2487.00
DELAO,2487.00
DAVES,2487.00
DAIL,2487.00
CUTTING,2487.00
CROWSON,2487.00
COSS,2487.00
CONGDON,2487.00
CARNER,2487.00
CAMARENA,2487.00
BUTTERWORTH,2487.00
BURLINGAME,2487.00
BOUFFARD,2487.00
BLOCH,2487.00
BILYEU,2487.00
BARTA,2487.00
BAKKE,2487.00
BAILLARGEON,2487.00
AVENT,2487.00
AQUILAR,2487.00
AKE,2487.00
AHO,2487.00
ZERINGUE,2487.00
YEH,2487.00
YARBER,2487.00
WOLFSON,2487.00
WENDELL,2487.00
VOGLER,2487.00
VOELKER,2487.00
TRUSS,2487.00
TROXELL,2487.00
THRIFT,2487.00
STROUSE,2487.00
SPIELMAN,2487.00
SISTRUNK,2487.00
SHOWS,2487.00
SEVIGNY,2487.00
SCHULLER,2487.00
SCHAAF,2487.00
RUFFNER,2487.00
ROUTH,2487.00
ROSEMAN,2487.00
RICCIARDI,2487.00
PERAZA,2487.00
PEGRAM,2487.00
OVERTURF,2487.00
OLANDER,2487.00
ODANIEL,2487.00
NEU,2487.00
MILLNER,2487.00
MELCHOR,2487.00
MAXIE,2487.00
MARVEL,2487.00
MARONEY,2487.00
MACHUCA,2487.00
MACALUSO,2487.00
LIVESAY,2487.00
LAYFIELD,2487.00
LASKOWSKI,2487.00
KWIATKOWSKI,2487.00
KO,2487.00
KILEY,2487.00
KILBY,2487.00
JULIEN,2487.00
HOVEY,2487.00
HEYWOOD,2487.00
HAYMAN,2487.00
HAVARD,2487.00
HARVILLE,2487.00
HAIGH,2487.00
HAGOOD,2487.00
GRIECO,2487.00
GLASSMAN,2487.00
GEBHARDT,2487.00
GARRY,2487.00
FREEZE,2487.00
FLEISCHER,2487.00
FANN,2487.00
ELSON,2487.00
ECCLES,2487.00
CUNHA,2487.00
CRUMB,2487.00
CREW,2487.00
BLAKLEY,2487.00
BARDWELL,2487.00
ABSHIRE,2487.00
WOODHAM,2487.00
WINES,2487.00
WELTER,2487.00
WARGO,2487.00
VARNADO,2487.00
TUTT,2487.00
TRAYNOR,2487.00
SWANEY,2487.00
SVOBODA,2487.00
STRICKER,2487.00
STOFFEL,2487.00
STAMBAUGH,2487.00
SICKLER,2487.00
SHACKLEFORD,2487.00
SELMAN,2487.00
SEAVER,2487.00
SANSOM,2487.00
SANMIGUEL,2487.00
ROYSTON,2487.00
ROURKE,2487.00
ROCKETT,2487.00
RIOUX,2487.00
PULEO,2487.00
PITCHFORD,2487.00
PERSONS,2487.00
NORMAND,2487.00
NARDI,2487.00
MULVANEY,2487.00
MIDDAUGH,2487.00
MANNERS,2487.00
MALEK,2487.00
LODGE,2487.00
LEOS,2487.00
LATHAN,2487.00
KUJAWA,2487.00
KIMBRO,2487.00
KILLEBREW,2487.00
JOSHUA,2487.00
HOULIHAN,2487.00
HOBBY,2487.00
HINCKLEY,2487.00
HEROD,2487.00
HEPLER,2487.00
HAMNER,2487.00
HAMMEL,2487.00
HALLOWELL,2487.00
GONSALEZ,2487.00
GINGERICH,2487.00
GAMBILL,2487.00
FUNKHOUSER,2487.00
FRICKE,2487.00
FEWELL,2487.00
FALKNER,2487.00
ENDSLEY,2487.00
DULIN,2487.00
DRENNEN,2487.00
DEAVER,2487.00
DAMBROSIO,2487.00
CLOVER,2487.00
CHADWELL,2487.00
CEASAR,2487.00
CASTANON,2487.00
CANON,2487.00
BURKES,2487.00
BRUNE,2487.00
BRISCO,2487.00
BRINKER,2487.00
BOWKER,2487.00
BOLDT,2487.00
BERNER,2487.00
BEE,2487.00
BEAUMONT,2487.00
BEAIRD,2487.00
BAZEMORE,2487.00
BARRICK,2487.00
ARNETTE,2487.00
ALBANO,2487.00
YOUNTS,2487.00
WUNDERLICH,2487.00
WEIDMAN,2487.00
VANNESS,2487.00
TU,2487.00
TOLAND,2487.00
THEOBALD,2487.00
STICKLER,2487.00
STEIGER,2487.00
STANGER,2487.00
SPIES,2487.00
SPECTOR,2487.00
SOLLARS,2487.00
SMEDLEY,2487.00
SEIBEL,2487.00
SCOVILLE,2487.00
SAITO,2487.00
RYE,2487.00
RUMMEL,2487.00
RUDE,2487.00
ROWLES,2487.00
ROULEAU,2487.00
ROOS,2487.00
ROGAN,2487.00
ROEMER,2487.00
REAM,2487.00
RAYA,2487.00
PURKEY,2487.00
PRIESTER,2487.00
PERREIRA,2487.00
PENICK,2487.00
PAULIN,2487.00
PARKINS,2487.00
OVERCASH,2487.00
OLESON,2487.00
NICELY,2487.00
NEVES,2487.00
MULDROW,2487.00
MINARD,2487.00
MIDGETT,2487.00
MICHALAK,2487.00
MELGAR,2487.00
MCENTIRE,2487.00
MCAULIFFE,2487.00
MARTI,2487.00
MARTE,2487.00
LYDON,2487.00
LINDHOLM,2487.00
LEYBA,2487.00
LEADER,2487.00
LANGEVIN,2487.00
LAGASSE,2487.00
LAFAYETTE,2487.00
KESLER,2487.00
KELTON,2487.00
KAO,2487.00
KAMINSKY,2487.00
JUMP,2487.00
JAGGERS,2487.00
HUMBERT,2487.00
HUCK,2487.00
HOWARTH,2487.00
HINRICHS,2487.00
HIGLEY,2487.00
GUPTON,2487.00
GUIMOND,2487.00
GRAVOIS,2487.00
GIGUERE,2487.00
FRETWELL,2487.00
FONTES,2487.00
FEELEY,2487.00
FAUCHER,2487.00
FALL,2487.00
EVAN,2487.00
EICHHORN,2487.00
ECKER,2487.00
EARP,2487.00
DOLE,2487.00
DINGER,2487.00
DERRYBERRY,2487.00
DEMARS,2487.00
DEEL,2487.00
COPENHAVER,2487.00
COLLINSWORTH,2487.00
COLANGELO,2487.00
CLOYD,2487.00
CLAIBORNE,2487.00
CAULFIELD,2487.00
CARLSEN,2487.00
CALZADA,2487.00
CAFFEY,2487.00
BROADUS,2487.00
BRENNEMAN,2487.00
BOUIE,2487.00
BODNAR,2487.00
BLANEY,2487.00
BLANC,2487.00
BLADES,2487.00
BELTZ,2487.00
BEHLING,2487.00
BEGIN,2487.00
BARAHONA,2487.00
YUN,2487.00
YOCKEY,2487.00
WINKLE,2487.00
WINDOM,2487.00
WIMER,2487.00
WILFORD,2487.00
WASH,2487.00
VILLATORO,2487.00
TREXLER,2487.00
TERAN,2487.00
TALIAFERRO,2487.00
SYDNOR,2487.00
SWINSON,2487.00
SNELLING,2487.00
SMTIH,2487.00
SIU,2487.00
SIMONTON,2487.00
SIMONEAUX,2487.00
SIMONEAU,2487.00
SHERRER,2487.00
SEAVEY,2487.00
SCHEEL,2487.00
RUSHTON,2487.00
RUPE,2487.00
RUANO,2487.00
RODNEY,2487.00
RIPPY,2487.00
REINER,2487.00
REIFF,2487.00
RABINOWITZ,2487.00
QUACH,2487.00
PENLEY,2487.00
ODLE,2487.00
NOCK,2487.00
MINNICH,2487.00
MCKOWN,2487.00
MCCARVER,2487.00
MCANDREW,2487.00
LONGLEY,2487.00
LAUX,2487.00
LAMOTHE,2487.00
LAFRENIERE,2487.00
KROPP,2487.00
KRICK,2487.00
KATES,2487.00
JEPSON,2487.00
HUIE,2487.00
HOWSE,2487.00
HOWIE,2487.00
HENRIQUES,2487.00
HAYDON,2487.00
HAUGHT,2487.00
HATTER,2487.00
HARTZOG,2487.00
HARKEY,2487.00
GRIMALDO,2487.00
GOSHORN,2487.00
GORMLEY,2487.00
GLUCK,2487.00
GILROY,2487.00
GILLENWATER,2487.00
GIFFIN,2487.00
FOLKS,2487.00
FLUKER,2487.00
FEDER,2487.00
EYRE,2487.00
ESHELMAN,2487.00
EAKINS,2487.00
DRYER,2487.00
DISNEY,2487.00
DETWILER,2487.00
DELROSARIO,2487.00
DAVISSON,2487.00
CELESTINE,2487.00
CATALAN,2487.00
CANNING,2487.00
CALTON,2487.00
BUSTER,2487.00
BRAMMER,2487.00
BOTELHO,2487.00
BLAKNEY,2487.00
BARTELL,2487.00
AVERETT,2487.00
ASKINS,2487.00
AKER,2487.00
ZAK,2487.00
WORCESTER,2487.00
WITMER,2487.00
WISER,2487.00
WINKELMAN,2487.00
WIDMER,2487.00
WHITTIER,2487.00
WESTERN,2487.00
WEITZEL,2487.00
WARDELL,2487.00
WAGERS,2487.00
ULLMAN,2487.00
TUPPER,2487.00
TINGLEY,2487.00
TILGHMAN,2487.00
TALTON,2487.00
SIMARD,2487.00
SEDA,2487.00
SCHELLER,2487.00
SALA,2487.00
RUNDELL,2487.00
ROST,2487.00
ROA,2487.00
RIBEIRO,2487.00
RABIDEAU,2487.00
PRIMM,2487.00
PORCH,2487.00
POLITE,2487.00
PINON,2487.00
PEART,2487.00
OSTROM,2487.00
OBER,2487.00
NYSTROM,2487.00
NUSSBAUM,2487.00
NURSE,2487.00
NAUGHTON,2487.00
MURR,2487.00
MOORHEAD,2487.00
MONTI,2487.00
MONTEIRO,2487.00
MELSON,2487.00
MEISSNER,2487.00
MCLIN,2487.00
MCGRUDER,2487.00
MAROTTA,2487.00
MAKOWSKI,2487.00
MAJEWSKI,2487.00
MADEWELL,2487.00
LUNT,2487.00
LUKENS,2487.00
LEININGER,2487.00
LEBEL,2487.00
LAKIN,2487.00
LAGUNA,2487.00
KEPLER,2487.00
JAQUES,2487.00
HUNNICUTT,2487.00
HUNGERFORD,2487.00
HOOPES,2487.00
HERTZ,2487.00
HEINS,2487.00
HAMMERS,2487.00
HALLIBURTON,2487.00
GROSSO,2487.00
GRAVITT,2487.00
GLASPER,2487.00
GIDEON,2487.00
GALLMAN,2487.00
GALLAWAY,2487.00
FUNKE,2487.00
FULBRIGHT,2487.00
FALGOUT,2487.00
EAKIN,2487.00
DOSTIE,2487.00
DORADO,2487.00
DEWBERRY,2487.00
DEROSE,2487.00
CUTSHALL,2487.00
CRAMPTON,2487.00
COSTANZO,2487.00
COLLETTI,2487.00
CLONINGER,2487.00
CLAYTOR,2487.00
CHIANG,2487.00
CANTERBURY,2487.00
CAMPAGNA,2487.00
BURD,2487.00
BROKAW,2487.00
BROADDUS,2487.00
BRETZ,2487.00
BRAINARD,2487.00
BINFORD,2487.00
BILBREY,2487.00
ALPERT,2487.00
AITKEN,2487.00
AHLERS,2487.00
ZAJAC,2487.00
YALE,2487.00
WOOLFOLK,2487.00
WITTEN,2487.00
WINDLE,2487.00
WAYLAND,2487.00
TRAMEL,2487.00
TITTLE,2487.00
TALAVERA,2487.00
SUTER,2487.00
STRALEY,2487.00
STETSON,2487.00
SPECHT,2487.00
SOMMERVILLE,2487.00
SOLOMAN,2487.00
SO,2487.00
SKEENS,2487.00
SIGMAN,2487.00
SIBERT,2487.00
SHAVERS,2487.00
SCHUCK,2487.00
SCHMIT,2487.00
SARTAIN,2487.00
SABOL,2487.00
ROSENBLATT,2487.00
ROLLO,2487.00
RASHID,2487.00
RABB,2487.00
PROVINCE,2487.00
POLSTON,2487.00
NYBERG,2487.00
NORTHROP,2487.00
NAVARRA,2487.00
MULDOON,2487.00
MULDER,2487.00
MIKESELL,2487.00
MCDOUGALD,2487.00
MCBURNEY,2487.00
MAURICIO,2487.00
MARISCAL,2487.00
LUI,2487.00
LOZIER,2487.00
LINGERFELT,2487.00
LEGERE,2487.00
LATOUR,2487.00
LAGUNAS,2487.00
LACOUR,2487.00
KURTH,2487.00
KU,2487.00
KILLEN,2487.00
KIELY,2487.00
KAYSER,2487.00
KAHLE,2487.00
JULIUS,2487.00
ISLEY,2487.00
HUERTAS,2487.00
HOWER,2487.00
HINZ,2487.00
HAUGH,2487.00
GUMM,2487.00
GIVEN,2487.00
GALICIA,2487.00
FORTUNATO,2487.00
FLAKE,2487.00
DUNLEAVY,2487.00
DUGGINS,2487.00
DOBY,2487.00
DIGIOVANNI,2487.00
DEVANEY,2487.00
DELTORO,2487.00
CRIBB,2487.00
CRANK,2487.00
CORPUZ,2487.00
CORONEL,2487.00
COMFORT,2487.00
COEN,2487.00
CHARBONNEAU,2487.00
CAINE,2487.00
BURCHETTE,2487.00
BLAKEY,2487.00
BLAKEMORE,2487.00
BERGQUIST,2487.00
BEENE,2487.00
BEAUDETTE,2487.00
BAYLES,2487.00
BALLANCE,2487.00
BAKKER,2487.00
BAILES,2487.00
ASBERRY,2487.00
ARWOOD,2487.00
ZUCKER,2487.00
WILLMAN,2487.00
WHITESELL,2487.00
WALD,2487.00
WALCOTT,2487.00
VANCLEAVE,2487.00
TRUMP,2487.00
TRAIL,2487.00
STRASSER,2487.00
SIMAS,2487.00
SHORTS,2487.00
SHICK,2487.00
SCHLEICHER,2487.00
SCHAAL,2487.00
SALEH,2487.00
ROTZ,2487.00
RESNICK,2487.00
RAPHAEL,2487.00
RAINER,2487.00
PARTEE,2487.00
OLLIS,2487.00
OLLER,2487.00
ODAY,2487.00
NOLES,2487.00
MUNDAY,2487.00
MOUNTAIN,2487.00
MONG,2487.00
MILLICAN,2487.00
MERWIN,2487.00
MAZZOLA,2487.00
MANSELL,2487.00
MAGALLANES,2487.00
LLANES,2487.00
LEWELLEN,2487.00
LEPORE,2487.00
KISNER,2487.00
KEESEE,2487.00
JIM,2487.00
JEANLOUIS,2487.00
INGHAM,2487.00
HORNBECK,2487.00
HERMES,2487.00
HAWN,2487.00
HARTZ,2487.00
HARBER,2487.00
HAFFNER,2487.00
GUTSHALL,2487.00
GUTH,2487.00
GRAYS,2487.00
GRAMS,2487.00
GOWAN,2487.00
FINLAY,2487.00
FINKELSTEIN,2487.00
EYLER,2487.00
ENLOE,2487.00
DUNGAN,2487.00
DIEZ,2487.00
DEARMAN,2487.00
DANN,2487.00
CULL,2487.00
CROSSON,2487.00
CREEK,2487.00
CHRONISTER,2487.00
CASSITY,2487.00
CAMPION,2487.00
CALLIHAN,2487.00
BUTZ,2487.00
BREAZEALE,2487.00
BLUMENTHAL,2487.00
BILLY,2487.00
BERKEY,2487.00
BATTY,2487.00
BATTON,2487.00
BARGE,2487.00
ARVIZU,2487.00
ALEXIS,2487.00
ALDERETE,2487.00
ALDANA,2487.00
ALBAUGH,2487.00
ABERNETHY,2487.00
WORK,2487.00
WOLTER,2487.00
WILLE,2487.00
TWEED,2487.00
TOLLEFSON,2487.00
THOMASSON,2487.00
TETER,2487.00
TESTERMAN,2487.00
SPROUL,2487.00
SPATES,2487.00
SOUTHWICK,2487.00
SOUKUP,2487.00
SKELLY,2487.00
SENTER,2487.00
SEALEY,2487.00
SAWICKI,2487.00
SARGEANT,2487.00
ROSSITER,2487.00
ROSEMOND,2487.00
REPP,2487.00
POUND,2487.00
PINK,2487.00
PIFER,2487.00
ORMSBY,2487.00
NICKELSON,2487.00
NAUMANN,2487.00
MORABITO,2487.00
MONZON,2487.00
MILLSAPS,2487.00
MILLEN,2487.00
MCELRATH,2487.00
MARCOUX,2487.00
MANTOOTH,2487.00
MADSON,2487.00
MACNEIL,2487.00
MACKINNON,2487.00
LOUQUE,2487.00
LEISTER,2487.00
LAMPLEY,2487.00
KUSHNER,2487.00
KROUSE,2487.00
KIRWAN,2487.00
JUNE,2487.00
JESSEE,2487.00
JANSON,2487.00
JAHN,2487.00
JACQUEZ,2487.00
ISLAS,2487.00
HUTT,2487.00
HOLLADAY,2487.00
HILLYER,2487.00
HEPBURN,2487.00
HENSEL,2487.00
HARROLD,2487.00
GUADALUPE,2487.00
GINGRICH,2487.00
GEIS,2487.00
GALES,2487.00
FULTS,2487.00
FINNELL,2487.00
FERRI,2487.00
FEATHERSTON,2487.00
EPLEY,2487.00
EBERSOLE,2487.00
EAMES,2487.00
DUNIGAN,2487.00
DRYE,2487.00
DISMUKE,2487.00
DEVAUGHN,2487.00
DELORENZO,2487.00
DAMIANO,2487.00
CONFER,2487.00
COLLUM,2487.00
CLOWER,2487.00
CLOW,2487.00
CLAUSSEN,2487.00
CLACK,2487.00
CAYLOR,2487.00
CAWTHON,2487.00
CASIAS,2487.00
CARRENO,2487.00
CARLO,2487.00
BLUHM,2487.00
BINGAMAN,2487.00
BEWLEY,2487.00
BELEW,2487.00
BECKNER,2487.00
BEAMER,2487.00
BAREFOOT,2487.00
AULD,2487.00
AMEY,2487.00
WOLFENBARGER,2487.00
WILKEY,2487.00
WICKLUND,2487.00
WALTMAN,2487.00
VILLALBA,2487.00
VALERO,2487.00
VALDOVINOS,2487.00
UNG,2487.00
ULLRICH,2487.00
TYUS,2487.00
TWYMAN,2487.00
TROST,2487.00
TARDIF,2487.00
TANGUAY,2487.00
STRIPLING,2487.00
STEINBACH,2487.00
SHUMPERT,2487.00
SASAKI,2487.00
SAPPINGTON,2487.00
SANDUSKY,2487.00
REINHOLD,2487.00
REINERT,2487.00
QUIJANO,2487.00
PYE,2487.00
POOR,2487.00
PLACENCIA,2487.00
PINKARD,2487.00
PHINNEY,2487.00
PERROTTA,2487.00
PERNELL,2487.00
PARRETT,2487.00
OXENDINE,2487.00
OWENSBY,2487.00
ORMAN,2487.00
NUNO,2487.00
MORI,2487.00
MCROBERTS,2487.00
MCNEESE,2487.00
MCKAMEY,2487.00
MCCULLUM,2487.00
MARKEL,2487.00
MARDIS,2487.00
MAINES,2487.00
LUECK,2487.00
LUBIN,2487.00
LEFLER,2487.00
LEFFLER,2487.00
LAVERY,2487.00
LARIOS,2487.00
LABARBERA,2487.00
KERSHNER,2487.00
JOSEY,2487.00
JEANBAPTISTE,2487.00
IZAGUIRRE,2487.00
HERMOSILLO,2487.00
HAVILAND,2487.00
HARTSHORN,2487.00
HAMLET,2487.00
HAFNER,2487.00
GINTER,2487.00
GETTY,2487.00
FRANCK,2487.00
FISKE,2487.00
EMMETT,2487.00
DUFRENE,2487.00
DOODY,2487.00
DAVIE,2487.00
DANGERFIELD,2487.00
DAHLBERG,2487.00
CUTHBERTSON,2487.00
CRONE,2487.00
COFFELT,2487.00
CLAUS,2487.00
CHIDESTER,2487.00
CHESSON,2487.00
CAULEY,2487.00
CAUDELL,2487.00
CANTARA,2487.00
CAMPO,2487.00
CAINES,2487.00
BULLIS,2487.00
BUCCI,2487.00
BROCHU,2487.00
BOSCO,2487.00
BOGARD,2487.00
BICKERSTAFF,2487.00
BENNING,2487.00
ARZOLA,2487.00
ANTONELLI,2487.00
ADKINSON,2487.00
ZELLERS,2487.00
WULF,2487.00
WORSLEY,2487.00
WOOLRIDGE,2487.00
WHITTON,2487.00
WESTERFIELD,2487.00
WALCZAK,2487.00
VASSAR,2487.00
TRUETT,2487.00
TRUEBLOOD,2487.00
TRAWICK,2487.00
TOWNSLEY,2487.00
TOPPING,2487.00
TOBAR,2487.00
TELFORD,2487.00
SUNG,2487.00
STEVERSON,2487.00
STAGG,2487.00
SITTON,2487.00
SILL,2487.00
SHERRELL,2487.00
SERGENT,2487.00
SCHOENFELD,2487.00
SARABIA,2487.00
RUTKOWSKI,2487.00
RUBENSTEIN,2487.00
RIGDON,2487.00
PRENTISS,2487.00
POMERLEAU,2487.00
PLUMLEE,2487.00
PHOENIX,2487.00
PHILBRICK,2487.00
PEER,2487.00
PATTY,2487.00
PATNODE,2487.00
OLOUGHLIN,2487.00
OBREGON,2487.00
NUSS,2487.00
NAPOLEON,2487.00
MORELL,2487.00
MOOSE,2487.00
MIKELL,2487.00
MELE,2487.00
MCINERNEY,2487.00
MCGUIGAN,2487.00
MCBRAYER,2487.00
LORE,2487.00
LOR,2487.00
LOOK,2487.00
LOLLAR,2487.00
LAKES,2487.00
KUEHL,2487.00
KINZER,2487.00
KAMP,2487.00
JOPLIN,2487.00
JACOBI,2487.00
HOWELLS,2487.00
HOLSTEIN,2487.00
HEDDEN,2487.00
HASSLER,2487.00
HARTY,2487.00
HALLE,2487.00
GREIG,2487.00
GRANVILLE,2487.00
GOUGE,2487.00
GOODRUM,2487.00
GERHART,2487.00
GEIER,2487.00
GEDDES,2487.00
GAST,2487.00
FOREHAND,2487.00
FERREE,2487.00
FENDLEY,2487.00
FELTNER,2487.00
FANG,2487.00
ESQUEDA,2487.00
ENCARNACION,2487.00
EICHLER,2487.00
EGGER,2487.00
EDMUNDSON,2487.00
EATMON,2487.00
DRAGON,2487.00
DOUD,2487.00
DONOHOE,2487.00
DONELSON,2487.00
DILORENZO,2487.00
DIGIACOMO,2487.00
DIGGINS,2487.00
DELOZIER,2487.00
DEJONG,2487.00
DANFORD,2487.00
CRIPPEN,2487.00
COPPAGE,2487.00
COGSWELL,2487.00
CLARDY,2487.00
CIOFFI,2487.00
CABE,2487.00
BRUNETTE,2487.00
BRESNAHAN,2487.00
BRAMBLE,2487.00
BLOMQUIST,2487.00
BLACKSTONE,2487.00
BILLER,2487.00
BEVIS,2487.00
BEVAN,2487.00
BETHUNE,2487.00
BENBOW,2487.00
BATY,2487.00
BASINGER,2487.00
BALCOM,2487.00
ANDES,2487.00
AMAN,2487.00
AGUERO,2487.00
ADKISSON,2487.00
YANDELL,2487.00
WILDS,2487.00
WHISENHUNT,2487.00
WEIGAND,2487.00
WEEDEN,2487.00
VOIGHT,2487.00
VILLAR,2487.00
TROTTIER,2487.00
TILLETT,2487.00
SUAZO,2487.00
SETSER,2487.00
SCURRY,2487.00
SCHUH,2487.00
SCHRECK,2487.00
SCHAUER,2487.00
SAMORA,2487.00
ROANE,2487.00
RINKER,2487.00
REIMERS,2487.00
REASON,2487.00
RATCHFORD,2487.00
POPOVICH,2487.00
PARKIN,2487.00
NICHOL,2487.00
NATAL,2487.00
MELVILLE,2487.00
MCBRYDE,2487.00
MAGDALENO,2487.00
LOEHR,2487.00
LOCKMAN,2487.00
LINGO,2487.00
LEDUC,2487.00
LAROCCA,2487.00
LAO,2487.00
LAMERE,2487.00
LACLAIR,2487.00
KRALL,2487.00
KORTE,2487.00
KOGER,2487.00
JUMPER,2487.00
JALBERT,2487.00
HUGHS,2487.00
HIGBEE,2487.00
HENTON,2487.00
HEANEY,2487.00
HAITH,2487.00
GUMP,2487.00
GREESON,2487.00
GOODLOE,2487.00
GHOLSTON,2487.00
GASPER,2487.00
GAGLIARDI,2487.00
FREGOSO,2487.00
FARTHING,2487.00
FABRIZIO,2487.00
ENSOR,2487.00
ELSWICK,2487.00
ELGIN,2487.00
EKLUND,2487.00
EADDY,2487.00
DROUIN,2487.00
DORTON,2487.00
DIZON,2487.00
DEROUEN,2487.00
DELIA,2487.00
DEHERRERA,2487.00
DAVY,2487.00
DARK,2487.00
DAMPIER,2487.00
CULLUM,2487.00
CULLEY,2487.00
COWGILL,2487.00
CARDOSO,2487.00
CARDINALE,2487.00
BRODSKY,2487.00
BROADBENT,2487.00
BRIMMER,2487.00
BRICENO,2487.00
BRANSCUM,2487.00
BOLYARD,2487.00
BOLEY,2487.00
BENNINGTON,2487.00
BEADLE,2487.00
BAUR,2487.00
BALLENTINE,2487.00
AZURE,2487.00
AULTMAN,2487.00
AUGUSTUS,2487.00
ASUNCION,2487.00
ARCINIEGA,2487.00
AGUILA,2487.00
ACEVES,2487.00
YEPEZ,2487.00
YAP,2487.00
WOODRUM,2487.00
WETHINGTON,2487.00
WEISSMAN,2487.00
VELOZ,2487.00
TRUSTY,2487.00
TROUP,2487.00
TRAMMEL,2487.00
THEODORE,2487.00
TARPLEY,2487.00
STIVERS,2487.00
STECK,2487.00
SPRAYBERRY,2487.00
SPRAGGINS,2487.00
SPITLER,2487.00
SPIERS,2487.00
SOHN,2487.00
SEAGRAVES,2487.00
SCHIFFMAN,2487.00
RUDNICK,2487.00
RIZO,2487.00
RICCIO,2487.00
RENNIE,2487.00
QUINTON,2487.00
QUACKENBUSH,2487.00
PUMA,2487.00
PLOTT,2487.00
PEARCY,2487.00
PARADA,2487.00
PAIZ,2487.00
MUNFORD,2487.00
MOSKOWITZ,2487.00
MEASE,2487.00
MCNARY,2487.00
MCCUSKER,2487.00
MATT,2487.00
LOZOYA,2487.00
LONGMIRE,2487.00
LOESCH,2487.00
LASKY,2487.00
KUHLMANN,2487.00
KRIEG,2487.00
KOZIOL,2487.00
KOWALEWSKI,2487.00
KONRAD,2487.00
KINDLE,2487.00
JOWERS,2487.00
JOLIN,2487.00
JACO,2487.00
HUA,2487.00
HORGAN,2487.00
HINE,2487.00
HILEMAN,2487.00
HEPNER,2487.00
HEISE,2487.00
HEADY,2487.00
HAWKINSON,2487.00
HANNIGAN,2487.00
HABERMAN,2487.00
GUILFORD,2487.00
GRIMALDI,2487.00
GILLES,2487.00
GARTON,2487.00
GAGLIANO,2487.00
FRUGE,2487.00
FOLLETT,2487.00
FISCUS,2487.00
FERRETTI,2487.00
EBNER,2487.00
EASTERDAY,2487.00
EANES,2487.00
DIRKS,2487.00
DIMARCO,2487.00
DEPALMA,2487.00
DEFOREST,2487.00
DANCE,2487.00
CRUCE,2487.00
CRAIGHEAD,2487.00
CHRISTNER,2487.00
CANDLER,2487.00
CADWELL,2487.00
BURCHELL,2487.00
BUETTNER,2487.00
BRINTON,2487.00
BREED,2487.00
BRAZIER,2487.00
BRANNEN,2487.00
BRAME,2487.00
BOVA,2487.00
BOMAR,2487.00
BLAKESLEE,2487.00
BELKNAP,2487.00
BANGS,2487.00
BALZER,2487.00
ATHEY,2487.00
ARMES,2487.00
ALVIS,2487.00
ALVERSON,2487.00
ALVARDO,2487.00
ALTER,2487.00
ZHAO,2487.00
YEUNG,2487.00
YEN,2487.00
WHEELOCK,2487.00
WESTLUND,2487.00
WESSELS,2487.00
VOLKMAN,2487.00
THREADGILL,2487.00
THELEN,2487.00
TANDY,2487.00
TAGUE,2487.00
TA,2487.00
SYMONS,2487.00
SWINFORD,2487.00
STURTEVANT,2487.00
STRAKA,2487.00
STIER,2487.00
STAGNER,2487.00
SEGARRA,2487.00
SEAWRIGHT,2487.00
SACK,2487.00
RUTAN,2487.00
ROUX,2487.00
RINGLER,2487.00
RIKER,2487.00
RAMSDELL,2487.00
QUATTLEBAUM,2487.00
PURIFOY,2487.00
POULSON,2487.00
PERMENTER,2487.00
PELOQUIN,2487.00
PASLEY,2487.00
PAGEL,2487.00
OSMAN,2487.00
OBANNON,2487.00
NYGAARD,2487.00
NIPPER,2487.00
NEWCOMER,2487.00
MUNOS,2487.00
MOTTA,2487.00
MEADORS,2487.00
MCQUISTON,2487.00
MCNIEL,2487.00
MCMANN,2487.00
MCCRAE,2487.00
MAYNE,2487.00
MATTE,2487.00
MARTINE,2487.00
LUCY,2487.00
LEGAULT,2487.00
LECHNER,2487.00
LACK,2487.00
KUCERA,2487.00
KROHN,2487.00
KRATZER,2487.00
KOOPMAN,2487.00
JUDSON,2487.00
JESKE,2487.00
HORROCKS,2487.00
HOMES,2487.00
HOCK,2487.00
HIBBLER,2487.00
HESSON,2487.00
HERSH,2487.00
HARVIN,2487.00
HALVORSEN,2487.00
GRINER,2487.00
GRINDLE,2487.00
GLEN,2487.00
GLADSTONE,2487.00
GAROFALO,2487.00
FRAMPTON,2487.00
FORBIS,2487.00
FERNANDO,2487.00
EDDINGTON,2487.00
DIORIO,2487.00
DINGUS,2487.00
DEWAR,2487.00
DESALVO,2487.00
CURCIO,2487.00
CREASY,2487.00
CORTESE,2487.00
CORDOBA,2487.00
CONNALLY,2487.00
CLUFF,2487.00
CASCIO,2487.00
CAPUANO,2487.00
CANADAY,2487.00
CALABRO,2487.00
BUSSARD,2487.00
BRAYTON,2487.00
BORJA,2487.00
BIGLEY,2487.00
ARNONE,2487.00
ARGUELLES,2487.00
ACUFF,2487.00
ZAMARRIPA,2487.00
WOOTON,2487.00
WOLFGANG,2487.00
WIDNER,2487.00
WIDEMAN,2487.00
THREATT,2487.00
THIELE,2487.00
TEMPLIN,2487.00
TEETERS,2487.00
SYNDER,2487.00
SWINT,2487.00
SWICK,2487.00
STURGES,2487.00
STOGNER,2487.00
STEDMAN,2487.00
SPRATT,2487.00
SIX,2487.00
SIEGFRIED,2487.00
SHETLER,2487.00
SCULL,2487.00
SAVINO,2487.00
SATHER,2487.00
ROTHWELL,2487.00
ROOK,2487.00
RONE,2487.00
ROLF,2487.00
RHEE,2487.00
QUEVEDO,2487.00
PRIVETT,2487.00
POULIOT,2487.00
POCHE,2487.00
PICKEL,2487.00
PETRILLO,2487.00
PELLEGRINI,2487.00
PEASLEE,2487.00
PARTLOW,2487.00
OTEY,2487.00
NUNNERY,2487.00
MORELOCK,2487.00
MORELLO,2487.00
MEUNIER,2487.00
MESSINGER,2487.00
MCKIE,2487.00
MCCUBBIN,2487.00
MCCARRON,2487.00
MARIA,2487.00
LERCH,2487.00
LAVINE,2487.00
LAVERTY,2487.00
LARIVIERE,2487.00
LAMKIN,2487.00
KUGLER,2487.00
KROL,2487.00
KISSEL,2487.00
KEETER,2487.00
HUMMER,2487.00
HUBBLE,2487.00
HICKOX,2487.00
HETZEL,2487.00
HAYNER,2487.00
HAGY,2487.00
HADLOCK,2487.00
GROH,2487.00
GREGORIO,2487.00
GOTTSCHALK,2487.00
GOODSELL,2487.00
GLORIA,2487.00
GERRY,2487.00
GASSAWAY,2487.00
GARRARD,2487.00
GALLIGAN,2487.00
FYE,2487.00
FIRTH,2487.00
FENDERSON,2487.00
FEINSTEIN,2487.00
ETIENNE,2487.00
ENGLEMAN,2487.00
EMRICK,2487.00
ELLENDER,2487.00
DREWS,2487.00
DOIRON,2487.00
DEGRAW,2487.00
DEEGAN,2487.00
DART,2487.00
CRISSMAN,2487.00
CORR,2487.00
COOKSON,2487.00
COIL,2487.00
CLEAVES,2487.00
CHAREST,2487.00
CHAPPLE,2487.00
CHAPARRO,2487.00
CASTANO,2487.00
CARPIO,2487.00
BYER,2487.00
BUFFORD,2487.00
BRIDGEWATER,2487.00
BRIDGERS,2487.00
BRANDES,2487.00
BORRERO,2487.00
BONANNO,2487.00
AUBE,2487.00
ANCHETA,2487.00
ABARCA,2487.00
ABAD,2487.00
YUNG,2487.00
YIM,2487.00
WOOSTER,2487.00
WOODROW,2487.00
WIMBUSH,2487.00
WILLHITE,2487.00
WILLAMS,2487.00
WIGLEY,2487.00
WEISBERG,2487.00
WARDLAW,2487.00
VIGUE,2487.00
VANHOOK,2487.00
UNKNOW,2487.00
TORRE,2487.00
TASKER,2487.00
TARBOX,2487.00
STRACHAN,2487.00
STANDARD,2487.00
SLOVER,2487.00
SHAMBLIN,2487.00
SEMPLE,2487.00
SCHUYLER,2487.00
SCHRIMSHER,2487.00
SAYER,2487.00
SALZMAN,2487.00
SALOMON,2487.00
RUBALCAVA,2487.00
RILES,2487.00
RICKEY,2487.00
RENEAU,2487.00
REICHEL,2487.00
RAYFIELD,2487.00
RABON,2487.00
PYATT,2487.00
PRINDLE,2487.00
POSS,2487.00
POLITO,2487.00
PLEMMONS,2487.00
PESCE,2487.00
PERRAULT,2487.00
PEREYRA,2487.00
OSTROWSKI,2487.00
NILSEN,2487.00
NIEMEYER,2487.00
NICK,2487.00
MUNSEY,2487.00
MUNDELL,2487.00
MONCADA,2487.00
MICELI,2487.00
MEADER,2487.00
MCMASTERS,2487.00
MCKEEHAN,2487.00
MATSUMOTO,2487.00
MARRON,2487.00
MARDEN,2487.00
LIZARRAGA,2487.00
LINGENFELTER,2487.00
LEWALLEN,2487.00
LAURENCE,2487.00
LANGAN,2487.00
LAMANNA,2487.00
KOVAC,2487.00
KINSLER,2487.00
KEPHART,2487.00
KEOWN,2487.00
KASS,2487.00
KAMMERER,2487.00
JEFFREYS,2487.00
HYSELL,2487.00
HOUSEHOLDER,2487.00
HOSMER,2487.00
HARDNETT,2487.00
HANNER,2487.00
GUYETTE,2487.00
GREENING,2487.00
GLAZER,2487.00
GINDER,2487.00
FROMM,2487.00
FORTUNA,2487.00
FLUELLEN,2487.00
FINKLE,2487.00
FEY,2487.00
FESSLER,2487.00
ESSARY,2487.00
EISELE,2487.00
DUREN,2487.00
DITTMER,2487.00
CROCHET,2487.00
COSENTINO,2487.00
COGAN,2487.00
COELHO,2487.00
CAVIN,2487.00
CARRIZALES,2487.00
CAMPUZANO,2487.00
BROUGH,2487.00
BOW,2487.00
BOPP,2487.00
BOOKMAN,2487.00
BOBB,2487.00
BLOUIN,2487.00
BEESLEY,2487.00
BATTISTA,2487.00
BASCOM,2487.00
BAKKEN,2487.00
BADGETT,2487.00
ARNESON,2487.00
ANSELMO,2487.00
ALBINO,2487.00
AHUMADA,2487.00
AGUSTIN,2487.00
WOODYARD,2487.00
WOLTERS,2487.00
WIREMAN,2487.00
WILTON,2487.00
WILLISON,2487.00
WARMAN,2487.00
WAN,2487.00
WALDRUP,2487.00
VOWELL,2487.00
VANTASSEL,2487.00
VALE,2487.00
TWOMBLY,2487.00
TOOMER,2487.00
TENNISON,2487.00
TEETS,2487.00
TEDESCHI,2487.00
SWANNER,2487.00
SWALLOW,2487.00
STUTZ,2487.00
STELLY,2487.00
SHEEHY,2487.00
SCHERMERHORN,2487.00
SCALA,2487.00
SANDIDGE,2487.00
SALTERS,2487.00
SALO,2487.00
SAECHAO,2487.00
ROSEBORO,2487.00
ROLLE,2487.00
RESSLER,2487.00
RENZ,2487.00
RENN,2487.00
REDFORD,2487.00
RAPOSA,2487.00
RAINBOLT,2487.00
POMPEY,2487.00
PELFREY,2487.00
ORNDORFF,2487.00
ONEY,2487.00
NOLIN,2487.00
NIMMONS,2487.00
NEY,2487.00
NARDONE,2487.00
MYHRE,2487.00
MORMAN,2487.00
MINES,2487.00
MENJIVAR,2487.00
MCGLONE,2487.00
MCCAMMON,2487.00
MAXON,2487.00
MARIS,2487.00
MARCIANO,2487.00
MANUS,2487.00
MAIDEN,2487.00
LOWRANCE,2487.00
LORENZEN,2487.00
LONERGAN,2487.00
LOLLIS,2487.00
LITTLES,2487.00
LINDAHL,2487.00
LANSING,2487.00
LAMAS,2487.00
LACH,2487.00
KUSTER,2487.00
KRAWCZYK,2487.00
KNUTH,2487.00
KNECHT,2487.00
KIRKENDALL,2487.00
KEITT,2487.00
KEEVER,2487.00
KANTOR,2487.00
JARBOE,2487.00
HOYE,2487.00
HOUCHENS,2487.00
HOLTER,2487.00
HOLSINGER,2487.00
HICKOK,2487.00
HERB,2487.00
HELWIG,2487.00
HELGESON,2487.00
HEATER,2487.00
HASSETT,2487.00
HARNER,2487.00
HAMMAN,2487.00
HAMES,2487.00
HADFIELD,2487.00
GOREE,2487.00
GOLDFARB,2487.00
GAUGHAN,2487.00
GAUDREAU,2487.00
GANTZ,2487.00
GALLION,2487.00
FRADY,2487.00
FOTI,2487.00
FLESHER,2487.00
FERRIN,2487.00
FAUGHT,2487.00
ENGRAM,2487.00
ELBERT,2487.00
DONEGAN,2487.00
DESOUZA,2487.00
DEGROOT,2487.00
CUTRIGHT,2487.00
CROWL,2487.00
CRINER,2487.00
COKE,2487.00
COAN,2487.00
CLINKSCALES,2487.00
CHEWNING,2487.00
CHAVIRA,2487.00
CATCHINGS,2487.00
CARLOCK,2487.00
BYE,2487.00
BULGER,2487.00
BUENROSTRO,2487.00
BRAMBLETT,2487.00
BRACK,2487.00
BOULWARE,2487.00
BORDEAUX,2487.00
BOOKOUT,2487.00
BITNER,2487.00
BIRT,2487.00
BARANOWSKI,2487.00
BAISDEN,2487.00
AUGUSTIN,2487.00
ALLMON,2487.00
ALBERTO,2487.00
ACKLIN,2487.00
YOAKUM,2487.00
WILBOURN,2487.00
WHISLER,2487.00
WEINBERGER,2487.00
WASHER,2487.00
VASQUES,2487.00
VANZANDT,2487.00
VANATTA,2487.00
TROXLER,2487.00
TOMES,2487.00
TINDLE,2487.00
TIMS,2487.00
THROCKMORTON,2487.00
THACH,2487.00
STPETER,2487.00
STLAURENT,2487.00
STENSON,2487.00
SPRY,2487.00
SPITZ,2487.00
SONGER,2487.00
SNAVELY,2487.00
SLY,2487.00
SLEEPER,2487.00
SHROYER,2487.00
SHORTRIDGE,2487.00
SHENK,2487.00
SEVIER,2487.00
SEABROOK,2487.00
SCRIVNER,2487.00
SALTZMAN,2487.00
ROSENBERRY,2487.00
ROCKWOOD,2487.00
ROBESON,2487.00
ROAN,2487.00
REISER,2487.00
REDWINE,2487.00
RAMIRES,2487.00
RABER,2487.00
PROFIT,2487.00
POSNER,2487.00
POPHAM,2487.00
PIPES,2487.00
PIOTROWSKI,2487.00
PINARD,2487.00
PETERKIN,2487.00
PELHAM,2487.00
PEIFFER,2487.00
PEAY,2487.00
PEAVEY,2487.00
NADLER,2487.00
MUSSO,2487.00
MILO,2487.00
MILLETT,2487.00
MESTAS,2487.00
MCGOWEN,2487.00
MARQUES,2487.00
MARASCO,2487.00
MANRIQUEZ,2487.00
MANOS,2487.00
MAIR,2487.00
LIPPS,2487.00
LESSER,2487.00
LEIKER,2487.00
LEEDS,2487.00
KRUMM,2487.00
KNORR,2487.00
KINSLOW,2487.00
KESSEL,2487.00
KENDRICKS,2487.00
KELM,2487.00
ITO,2487.00
IRICK,2487.00
ICKES,2487.00
HURLBURT,2487.00
HORTA,2487.00
HOEKSTRA,2487.00
HEUER,2487.00
HELMUTH,2487.00
HEATHERLY,2487.00
HAMPSON,2487.00
HAGAR,2487.00
HAGA,2487.00
GREENLAW,2487.00
GRAU,2487.00
GODBEY,2487.00
GINGRAS,2487.00
GILLIES,2487.00
GIBB,2487.00
GAYDEN,2487.00
GAUVIN,2487.00
GARROW,2487.00
FONTANEZ,2487.00
FLORIO,2487.00
FLEISCHMAN,2487.00
FINKE,2487.00
FASANO,2487.00
FAN,2487.00
FAITH,2487.00
EZZELL,2487.00
EWERS,2487.00
EVELAND,2487.00
ECKENRODE,2487.00
DUCLOS,2487.00
DRUMM,2487.00
DIMMICK,2487.00
DELANCEY,2487.00
DEFAZIO,2487.00
DEACON,2487.00
DASHIELL,2487.00
DAMIAN,2487.00
CUSACK,2487.00
CROWTHER,2487.00
CRIGGER,2487.00
CRAY,2487.00
COOLIDGE,2487.00
COLDIRON,2487.00
CLELAND,2487.00
CHALFANT,2487.00
CASSEL,2487.00
CAPE,2487.00
CAMIRE,2487.00
CABRALES,2487.00
BROOMFIELD,2487.00
BRITTINGHAM,2487.00
BRISSON,2487.00
BRICKEY,2487.00
BRAZIEL,2487.00
BRAZELL,2487.00
BRAGDON,2487.00
BOULANGER,2487.00
BOS,2487.00
BOMAN,2487.00
BOHANNAN,2487.00
BEEM,2487.00
BARTO,2487.00
BARRE,2487.00
BARLEY,2487.00
BAPTIST,2487.00
AZAR,2487.00
ASHBAUGH,2487.00
ARMISTEAD,2487.00
ALMAZAN,2487.00
ADAMSKI,2487.00
ZENDEJAS,2487.00
WINBURN,2487.00
WILLAIMS,2487.00
WILHOIT,2487.00
WESTBERRY,2487.00
WENTZEL,2487.00
WENDLING,2487.00
WAGER,2487.00
VISSER,2487.00
VANSCOY,2487.00
VANKIRK,2487.00
VALLEE,2487.00
TWEEDY,2487.00
THORNBERRY,2487.00
SWEENY,2487.00
STALKER,2487.00
SPRADLING,2487.00
SPANO,2487.00
SMELSER,2487.00
SHIM,2487.00
SECHRIST,2487.00
SCHALL,2487.00
SCAIFE,2487.00
RUGG,2487.00
RUBEN,2487.00
ROTHROCK,2487.00
ROESLER,2487.00
RIEHL,2487.00
RIDINGS,2487.00
RENDER,2487.00
RANSDELL,2487.00
RADKE,2487.00
PINERO,2487.00
PETREE,2487.00
PENDERGAST,2487.00
PELUSO,2487.00
PECORARO,2487.00
PASCOE,2487.00
PANEK,2487.00
OSHIRO,2487.00
NOON,2487.00
NAVARRETTE,2487.00
MURGUIA,2487.00
MOORES,2487.00
MOBERG,2487.00
MIKE,2487.00
MICHAELIS,2487.00
MCWHIRTER,2487.00
MCSWEENEY,2487.00
MCQUADE,2487.00
MCCAY,2487.00
MAUK,2487.00
MARIANI,2487.00
MARCEAU,2487.00
MANDEVILLE,2487.00
MAEDA,2487.00
LUNDE,2487.00
LUDLOW,2487.00
LOEB,2487.00
LINDO,2487.00
LINDERMAN,2487.00
LEVEILLE,2487.00
LEITH,2487.00
LAROCK,2487.00
LAMBRECHT,2487.00
KULP,2487.00
KINSLEY,2487.00
KIMBERLIN,2487.00
KESTERSON,2487.00
JACINTO,2487.00
ICE,2487.00
HUI,2487.00
HOYOS,2487.00
HELFRICH,2487.00
HANKE,2487.00
HAIL,2487.00
GUILLERMO,2487.00
GRISBY,2487.00
GOYETTE,2487.00
GOUVEIA,2487.00
GLAZIER,2487.00
GILE,2487.00
GERENA,2487.00
GELINAS,2487.00
GASAWAY,2487.00
GARDEN,2487.00
FUNCHES,2487.00
FUJIMOTO,2487.00
FLYNT,2487.00
FENSKE,2487.00
FELLERS,2487.00
FEHR,2487.00
ESLINGER,2487.00
ESCALERA,2487.00
ENCISO,2487.00
DULEY,2487.00
DITTMAN,2487.00
DINEEN,2487.00
DILLER,2487.00
DEVAULT,2487.00
DAO,2487.00
COLLINGS,2487.00
CLYMER,2487.00
CLOWERS,2487.00
CHAVERS,2487.00
CHARLAND,2487.00
CASTORENA,2487.00
CASTELLO,2487.00
CAMARGO,2487.00
BUNCE,2487.00
BULLEN,2487.00
BOYES,2487.00
BORCHERS,2487.00
BORCHARDT,2487.00
BIRNBAUM,2487.00
BIRDSALL,2487.00
BILLMAN,2487.00
BENITES,2487.00
BANKHEAD,2487.00
ANGE,2487.00
AMMERMAN,2487.00
ADKISON,2487.00
YUAN,2487.00
WINEGAR,2487.00
WICKMAN,2487.00
WEAR,2487.00
WARR,2487.00
WARNKE,2487.00
VILLENEUVE,2487.00
VEASEY,2487.00
VASSALLO,2487.00
VANNATTA,2487.00
VADNAIS,2487.00
TWILLEY,2487.00
TRUELOVE,2487.00
TOWERY,2487.00
TOMBLIN,2487.00
TIPPETT,2487.00
THEISS,2487.00
TALKINGTON,2487.00
TALAMANTES,2487.00
SWART,2487.00
SWANGER,2487.00
STREIT,2487.00
STRAW,2487.00
STINES,2487.00
STABLER,2487.00
SPURLING,2487.00
SOBEL,2487.00
SINE,2487.00
SIMMERS,2487.00
SHIPPY,2487.00
SHIFLETT,2487.00
SHEARIN,2487.00
SAUTER,2487.00
SANDERLIN,2487.00
RUSCH,2487.00
RUNKLE,2487.00
RUCKMAN,2487.00
RORIE,2487.00
ROESCH,2487.00
ROBERTO,2487.00
RICHERT,2487.00
REHM,2487.00
RANDEL,2487.00
RAGIN,2487.00
QUESENBERRY,2487.00
PUENTES,2487.00
PLYLER,2487.00
PLOTKIN,2487.00
PAUGH,2487.00
OSHAUGHNESSY,2487.00
OHALLORAN,2487.00
NORSWORTHY,2487.00
NIEMANN,2487.00
NADER,2487.00
MOOREFIELD,2487.00
MOONEYHAM,2487.00
MODICA,2487.00
MIYAMOTO,2487.00
MICKEL,2487.00
MEBANE,2487.00
MCKINNIE,2487.00
MAZUREK,2487.00
MANCILLA,2487.00
LUKAS,2487.00
LOVINS,2487.00
LOUGHLIN,2487.00
LOTZ,2487.00
LINDSLEY,2487.00
LIDDLE,2487.00
LEVAN,2487.00
LEDERMAN,2487.00
LECLAIRE,2487.00
LASSETER,2487.00
LAPOINT,2487.00
LAMOREAUX,2487.00
LAFOLLETTE,2487.00
KUBIAK,2487.00
KIRTLEY,2487.00
KEFFER,2487.00
KACZMAREK,2487.00
JENNETTE,2487.00
HOUSMAN,2487.00
HONEY,2487.00
HIERS,2487.00
HIBBERT,2487.00
HERROD,2487.00
HEGARTY,2487.00
HATHORN,2487.00
HARSH,2487.00
GREENHAW,2487.00
GRAFTON,2487.00
GOVEA,2487.00
GARDENER,2487.00
FUTCH,2487.00
FURST,2487.00
FRISBEE,2487.00
FRED,2487.00
FRANKO,2487.00
FORCIER,2487.00
FORAN,2487.00
FLICKINGER,2487.00
FAIRFIELD,2487.00
EURE,2487.00
EMRICH,2487.00
EMBREY,2487.00
EDGINGTON,2487.00
ECKLUND,2487.00
ECKARD,2487.00
DURANTE,2487.00
DEYO,2487.00
DELVECCHIO,2487.00
DEEDS,2487.00
DADE,2487.00
CURREY,2487.00
CUFF,2487.00
CRESWELL,2487.00
COTTRILL,2487.00
CASAVANT,2487.00
CARTIER,2487.00
CARGILE,2487.00
CAPEL,2487.00
CAMMACK,2487.00
CALFEE,2487.00
BUZZARD,2487.00
BURSE,2487.00
BURRUSS,2487.00
BRUST,2487.00
BROUSSEAU,2487.00
BRIDWELL,2487.00
BRAATEN,2487.00
BORKHOLDER,2487.00
BLOOMQUIST,2487.00
BJORK,2487.00
BARTELT,2487.00
ARP,2487.00
AMBURGEY,2487.00
YEARY,2487.00
YAO,2487.00
WHITEFIELD,2487.00
VINYARD,2487.00
VICENTE,2487.00
VANVALKENBURG,2487.00
TWITCHELL,2487.00
TIMMINS,2487.00
TESTER,2487.00
TAPPER,2487.00
STRINGHAM,2487.00
STARCHER,2487.00
SPOTTS,2487.00
SLAUGH,2487.00
SIMONSEN,2487.00
SHEFFER,2487.00
SEQUEIRA,2487.00
ROSATI,2487.00
RODE,2487.00
RHYMES,2487.00
REZA,2487.00
RECORD,2487.00
QUINT,2487.00
POLLAK,2487.00
PEIRCE,2487.00
PATILLO,2487.00
PARKERSON,2487.00
PAIVA,2487.00
NILSON,2487.00
NICE,2487.00
NEVIN,2487.00
NARCISSE,2487.00
NAIR,2487.00
MITTON,2487.00
MERRIAM,2487.00
MERCED,2487.00
MEINERS,2487.00
MCKAIN,2487.00
MCELVEEN,2487.00
MCBETH,2487.00
MARSDEN,2487.00
MAREZ,2487.00
MANKE,2487.00
MAHURIN,2487.00
MABREY,2487.00
LUPER,2487.00
KRULL,2487.00
KEES,2487.00
ILES,2487.00
HUNSICKER,2487.00
HORNBUCKLE,2487.00
HOLTZCLAW,2487.00
HIRT,2487.00
HINNANT,2487.00
HESTON,2487.00
HERING,2487.00
HEMENWAY,2487.00
HEGWOOD,2487.00
HEARNS,2487.00
HALTERMAN,2487.00
HALLS,2487.00
GUITERREZ,2487.00
GROTE,2487.00
GRANILLO,2487.00
GRAINGER,2487.00
GLASCO,2487.00
GILDER,2487.00
GARREN,2487.00
GARLOCK,2487.00
GAREY,2487.00
FU,2487.00
FRYAR,2487.00
FREDRICKS,2487.00
FRAIZER,2487.00
FOXX,2487.00
FOSHEE,2487.00
FERREL,2487.00
FELTY,2487.00
FEATHERS,2487.00
EVERITT,2487.00
EVENS,2487.00
ESSER,2487.00
ELKIN,2487.00
EBERHART,2487.00
DURSO,2487.00
DUGUAY,2487.00
DRISKILL,2487.00
DOSTER,2487.00
DEWALL,2487.00
DEVEAU,2487.00
DEMPS,2487.00
DEMAIO,2487.00
DELREAL,2487.00
DELEO,2487.00
DELAY,2487.00
DEEM,2487.00
DARRAH,2487.00
CUMBERBATCH,2487.00
CULBERSON,2487.00
CRANMER,2487.00
CORDLE,2487.00
COLGAN,2487.00
CHESLEY,2487.00
CAVALLO,2487.00
CASTELLON,2487.00
CASTELLI,2487.00
CARRERAS,2487.00
CARNELL,2487.00
CARMON,2487.00
CARMEN,2487.00
CARLUCCI,2487.00
BOTTOM,2487.00
BONTRAGER,2487.00
BLUMBERG,2487.00
BLASINGAME,2487.00
BECTON,2487.00
AYON,2487.00
ARTRIP,2487.00
ARLINE,2487.00
ANDUJAR,2487.00
ALKIRE,2487.00
ALDER,2487.00
AGAN,2487.00
ZUKOWSKI,2487.00
ZUCKERMAN,2487.00
ZEHR,2487.00
WROBLEWSKI,2487.00
WRIGLEY,2487.00
WOODSIDE,2487.00
WIGGINTON,2487.00
WESTMAN,2487.00
WESTGATE,2487.00
WERTS,2487.00
WASHAM,2487.00
WARDLOW,2487.00
WALSER,2487.00
WAITERS,2487.00
TELLER,2487.00
TADLOCK,2487.00
STUCK,2487.00
STRINGFIELD,2487.00
STIMPSON,2487.00
STICKLEY,2487.00
STARBUCK,2487.00
STANDISH,2487.00
SPURLIN,2487.00
SPINDLER,2487.00
SPELLER,2487.00
SPAETH,2487.00
SOTOMAYOR,2487.00
SOK,2487.00
SLUDER,2487.00
SHRYOCK,2487.00
SHEPARDSON,2487.00
SHATLEY,2487.00
SCANNELL,2487.00
SANTISTEVAN,2487.00
ROSNER,2487.00
ROLLAND,2487.00
RHODE,2487.00
RESTO,2487.00
REINHARD,2487.00
RATHBURN,2487.00
PRISCO,2487.00
POULSEN,2487.00
PINNEY,2487.00
PHARES,2487.00
PENNOCK,2487.00
PASTRANA,2487.00
OVIEDO,2487.00
OSTLER,2487.00
NOTO,2487.00
NAUMAN,2487.00
MULFORD,2487.00
MOISE,2487.00
MOBERLY,2487.00
MIRABAL,2487.00
MING,2487.00
METOYER,2487.00
METHENY,2487.00
MENTZER,2487.00
MELDRUM,2487.00
MCINTURFF,2487.00
MCELYEA,2487.00
MCDOUGLE,2487.00
MASSARO,2487.00
LUMPKINS,2487.00
LOVEDAY,2487.00
LOFGREN,2487.00
LOE,2487.00
LIRETTE,2487.00
LESPERANCE,2487.00
LEFKOWITZ,2487.00
LEDGER,2487.00
LAUZON,2487.00
LAIN,2487.00
LACHAPELLE,2487.00
KURZ,2487.00
KLASSEN,2487.00
KEOUGH,2487.00
KEMPTON,2487.00
KAELIN,2487.00
JEFFORDS,2487.00
IM,2487.00
HUOT,2487.00
HSIEH,2487.00
HOYER,2487.00
HORWITZ,2487.00
HOPP,2487.00
HOEFT,2487.00
HENNIG,2487.00
HASKIN,2487.00
GRILL,2487.00
GOURDINE,2487.00
GOLIGHTLY,2487.00
GIROUARD,2487.00
FULGHAM,2487.00
FRITSCH,2487.00
FREER,2487.00
FRASHER,2487.00
FOULK,2487.00
FIRESTONE,2487.00
FIORENTINO,2487.00
FEDOR,2487.00
FEATHER,2487.00
ENSLEY,2487.00
ENGLEHART,2487.00
EELLS,2487.00
EBEL,2487.00
DUNPHY,2487.00
DONAHOE,2487.00
DIMAS,2487.00
DILEO,2487.00
DIBENEDETTO,2487.00
DABROWSKI,2487.00
CRICK,2487.00
COONROD,2487.00
CONDER,2487.00
CODDINGTON,2487.00
CHUNN,2487.00
CHOY,2487.00
CHAPUT,2487.00
CERNA,2487.00
CARREIRO,2487.00
CALAHAN,2487.00
BRAGGS,2487.00
BOURDON,2487.00
BONER,2487.00
BOLLMAN,2487.00
BITTLE,2487.00
BEN,2487.00
BEHM,2487.00
BAUDER,2487.00
BATT,2487.00
BARRERAS,2487.00
AUBUCHON,2487.00
ANZALONE,2487.00
ADAMO,2487.00
ZHOU,2487.00
ZERBE,2487.00
ZACHERY,2487.00
WITTY,2487.00
WIRT,2487.00
WILLCOX,2487.00
WESTBERG,2487.00
WEIKEL,2487.00
WAYMIRE,2487.00
VROMAN,2487.00
VINCI,2487.00
VALLEJOS,2487.00
TUTOR,2487.00
TRUESDELL,2487.00
TROUTT,2487.00
TROTTA,2487.00
TOLLISON,2487.00
TOLES,2487.00
TICHENOR,2487.00
TAI,2487.00
SYMONDS,2487.00
SURLES,2487.00
SUNDAY,2487.00
STRAYER,2487.00
STGEORGE,2487.00
SROKA,2487.00
SORRENTINO,2487.00
SOLARES,2487.00
SNELSON,2487.00
SILVESTRI,2487.00
SIKORSKI,2487.00
SHAWVER,2487.00
SCHUMAKER,2487.00
SCHORR,2487.00
SCHOOLEY,2487.00
SCATES,2487.00
SATTERLEE,2487.00
SATCHELL,2487.00
SACKS,2487.00
RYMER,2487.00
ROSELLI,2487.00
ROBITAILLE,2487.00
RIEGEL,2487.00
RICHER,2487.00
REGIS,2487.00
REAMES,2487.00
PROVENZANO,2487.00
PROPER,2487.00
PRIESTLEY,2487.00
PLAISANCE,2487.00
PETTEY,2487.00
PALOMARES,2487.00
OMAN,2487.00
NOWAKOWSKI,2487.00
NACE,2487.00
MONETTE,2487.00
MINYARD,2487.00
MCLAMB,2487.00
MCHONE,2487.00
MCCARROLL,2487.00
MASSON,2487.00
MARCO,2487.00
MAGOON,2487.00
MADDY,2487.00
LUNDIN,2487.00
LOZA,2487.00
LICATA,2487.00
LESLEY,2487.00
LEONHARDT,2487.00
LEMA,2487.00
LANDWEHR,2487.00
KIRCHER,2487.00
KINCH,2487.00
KARPINSKI,2487.00
JOHANNSEN,2487.00
HUSSAIN,2487.00
HOUGHTALING,2487.00
HOSKINSON,2487.00
HOLLAWAY,2487.00
HOLEMAN,2487.00
HOBGOOD,2487.00
HILT,2487.00
HIEBERT,2487.00
GROS,2487.00
GRAM,2487.00
GOGGIN,2487.00
GENTLE,2487.00
GEISSLER,2487.00
GADBOIS,2487.00
GABALDON,2487.00
FLESHMAN,2487.00
FLANNIGAN,2487.00
FILES,2487.00
FAIRMAN,2487.00
EPP,2487.00
EILERS,2487.00
DYCUS,2487.00
DUNMIRE,2487.00
DUFFIELD,2487.00
DOWLER,2487.00
DITTO,2487.00
DELOATCH,2487.00
DEHAAN,2487.00
DEEMER,2487.00
CORNER,2487.00
CLAYBORN,2487.00
CHRISTOFFERSO,2487.00
CHILSON,2487.00
CHESNEY,2487.00
CHATFIELD,2487.00
CHARLIE,2487.00
CASTER,2487.00
CARRON,2487.00
CANALE,2487.00
CAMDEN,2487.00
BUFF,2487.00
BRIGMAN,2487.00
BRANSTETTER,2487.00
BOSSE,2487.00
BORTON,2487.00
BONAR,2487.00
BLAU,2487.00
BIRON,2487.00
BEAGLE,2487.00
BARROSO,2487.00
ARVIN,2487.00
ARISPE,2487.00
ZACHARIAS,2487.00
ZABEL,2487.00
YAEGER,2487.00
WORKS,2487.00
WOOLFORD,2487.00
WHETZEL,2487.00
WEAKLEY,2487.00
VEATCH,2487.00
VANDEUSEN,2487.00
TUFTS,2487.00
TROXEL,2487.00
TROCHE,2487.00
TRAVER,2487.00
TOWNSEL,2487.00
TOSH,2487.00
TALARICO,2487.00
SWILLEY,2487.00
STERRETT,2487.00
STENGER,2487.00
SPRINGFIELD,2487.00
SPEAKMAN,2487.00
SOWARDS,2487.00
SOURS,2487.00
SOUDERS,2487.00
SOUDER,2487.00
SOLES,2487.00
SOBERS,2487.00
SNODDY,2487.00
SMITHER,2487.00
SIAS,2487.00
SHUTE,2487.00
SHOAF,2487.00
SHAHAN,2487.00
SCHUETZ,2487.00
SCAGGS,2487.00
SANTINI,2487.00
ROSSON,2487.00
ROLEN,2487.00
ROBIDOUX,2487.00
RENTAS,2487.00
RECIO,2487.00
PIXLEY,2487.00
PAWLOWSKI,2487.00
PAWLAK,2487.00
PAULL,2487.00
PASCAL,2487.00
OVERBEY,2487.00
OREAR,2487.00
OLIVERI,2487.00
OLDENBURG,2487.00
NUTTING,2487.00
NAUGLE,2487.00
MOTE,2487.00
MOSSMAN,2487.00
MOOR,2487.00
MISNER,2487.00
MILAZZO,2487.00
MICHELSON,2487.00
MEI,2487.00
MCENTEE,2487.00
MCCULLAR,2487.00
MCCREE,2487.00
MCALEER,2487.00
MAZZONE,2487.00
MAXIM,2487.00
MARSHAL,2487.00
MANDELL,2487.00
MANAHAN,2487.00
MALOTT,2487.00
MAISONET,2487.00
MAILLOUX,2487.00
LUMLEY,2487.00
LOWRIE,2487.00
LOUVIERE,2487.00
LIPINSKI,2487.00
LINDEMANN,2487.00
LEPPERT,2487.00
LEOPOLD,2487.00
LEASURE,2487.00
LEAF,2487.00
LABARGE,2487.00
KUBIK,2487.00
KNISELY,2487.00
KNEPP,2487.00
KENWORTHY,2487.00
KENNELLY,2487.00
KELCH,2487.00
KARG,2487.00
KANTER,2487.00
IGNACIO,2487.00
HYER,2487.00
HOUCHIN,2487.00
HOSLEY,2487.00
HOSLER,2487.00
HOLLON,2487.00
HOLLEMAN,2487.00
HEITMAN,2487.00
HEBB,2487.00
HAGGINS,2487.00
GWALTNEY,2487.00
GUIN,2487.00
GREENMAN,2487.00
GOULDING,2487.00
GORDEN,2487.00
GOODYEAR,2487.00
GERACI,2487.00
GEORGES,2487.00
GATHERS,2487.00
FRISON,2487.00
FEAGIN,2487.00
FALCONER,2487.00
ESPADA,2487.00
ERVING,2487.00
ERIKSON,2487.00
EISENHAUER,2487.00
EDER,2487.00
EBELING,2487.00
DURGIN,2487.00
DROWN,2487.00
DOWDLE,2487.00
DINWIDDIE,2487.00
DELCASTILLO,2487.00
DEDRICK,2487.00
CRIMMINS,2487.00
COVELL,2487.00
COURNOYER,2487.00
CORIA,2487.00
COHAN,2487.00
CATALDO,2487.00
CARPENTIER,2487.00
CANAS,2487.00
CAMPA,2487.00
BRODE,2487.00
BRASHEARS,2487.00
BLASER,2487.00
BICKNELL,2487.00
BERK,2487.00
BEDNAR,2487.00
BARWICK,2487.00
ASCENCIO,2487.00
ALTHOFF,2487.00
ALMODOVAR,2487.00
ALAMO,2487.00
ZIRKLE,2487.00
ZABALA,2487.00
XU,2487.00
WOLVERTON,2487.00
WINEBRENNER,2487.00
WETHERELL,2487.00
WESTLAKE,2487.00
WEGENER,2487.00
WEDDINGTON,2487.00
VONG,2487.00
TUTEN,2487.00
TROSCLAIR,2487.00
TRIM,2487.00
TRESSLER,2487.00
THEROUX,2487.00
TESKE,2487.00
SWORD,2487.00
SWINEHART,2487.00
SWENSEN,2487.00
SUNDQUIST,2487.00
SOUTHALL,2487.00
SOCHA,2487.00
SIZER,2487.00
SILVERBERG,2487.00
SHORTT,2487.00
SHIMIZU,2487.00
SHERRARD,2487.00
SHEN,2487.00
SHAEFFER,2487.00
SETH,2487.00
SCHEID,2487.00
SCHEETZ,2487.00
SARAVIA,2487.00
SANNER,2487.00
RUBINSTEIN,2487.00
ROZELL,2487.00
ROMER,2487.00
RINGO,2487.00
RHEAUME,2487.00
REISINGER,2487.00
RAVEN,2487.00
RANDLES,2487.00
PULLUM,2487.00
PETRELLA,2487.00
PAYAN,2487.00
PAPP,2487.00
PABLO,2487.00
NORDIN,2487.00
NORCROSS,2487.00
NICOLETTI,2487.00
NICHOLES,2487.00
NEWBOLD,2487.00
NAKAGAWA,2487.00
MRAZ,2487.00
MONTEITH,2487.00
MILSTEAD,2487.00
MILLINER,2487.00
MELLEN,2487.00
MCCARDLE,2487.00
MATTHIAS,2487.00
MARCY,2487.00
LUFT,2487.00
LOO,2487.00
LOCKER,2487.00
LIPTAK,2487.00
LIPP,2487.00
LEITCH,2487.00
LATIMORE,2487.00
LARRISON,2487.00
LANDAU,2487.00
LABORDE,2487.00
KOVAL,2487.00
IZQUIERDO,2487.00
HYMEL,2487.00
HOSKIN,2487.00
HOLTE,2487.00
HOEFER,2487.00
HAYWORTH,2487.00
HAUSMAN,2487.00
HARRILL,2487.00
HARREL,2487.00
HARDT,2487.00
GULLY,2487.00
GROOVER,2487.00
GRINNELL,2487.00
GREENSPAN,2487.00
GRAVER,2487.00
GRANDBERRY,2487.00
GORRELL,2487.00
GOLDENBERG,2487.00
GOGUEN,2487.00
GILLELAND,2487.00
GARR,2487.00
FUSON,2487.00
FOYE,2487.00
FELT,2487.00
FELDMANN,2487.00
EVERLY,2487.00
DYESS,2487.00
DYAL,2487.00
DUNNIGAN,2487.00
DOWNIE,2487.00
DOLBY,2487.00
DIVINE,2487.00
DEATHERAGE,2487.00
DATES,2487.00
DANNA,2487.00
COSEY,2487.00
CORRADO,2487.00
CHEEVER,2487.00
CELAYA,2487.00
CAVER,2487.00
CASHION,2487.00
CAPLINGER,2487.00
CANSLER,2487.00
BYRGE,2487.00
BRUDER,2487.00
BREW,2487.00
BREUER,2487.00
BRESLIN,2487.00
BRAZELTON,2487.00
BOTKIN,2487.00
BONNEAU,2487.00
BONES,2487.00
BONDURANT,2487.00
BOHANAN,2487.00
BOGUE,2487.00
BOES,2487.00
BODNER,2487.00
BOATNER,2487.00
BLATT,2487.00
BICKLEY,2487.00
BELLIVEAU,2487.00
BEILER,2487.00
BEIER,2487.00
BECKSTEAD,2487.00
BART,2487.00
BANG,2487.00
BACHMANN,2487.00
ATKIN,2487.00
ARON,2487.00
ANDREAS,2487.00
ALTIZER,2487.00
ALLOWAY,2487.00
ALLAIRE,2487.00
ALBRO,2487.00
ABRON,2487.00
ZELLMER,2487.00
YETTER,2487.00
YELVERTON,2487.00
WILTSHIRE,2487.00
WIENS,2487.00
WHIDDEN,2487.00
WAIT,2487.00
VIRAMONTES,2487.00
VANWORMER,2487.00
TOPPER,2487.00
TARANTINO,2487.00
TANKSLEY,2487.00
SUMLIN,2487.00
STRAUCH,2487.00
STRANG,2487.00
STICE,2487.00
SPAHN,2487.00
SOSEBEE,2487.00
SIGALA,2487.00
SHROUT,2487.00
SEAMON,2487.00
SCHRUM,2487.00
SCHNECK,2487.00
SCHANTZ,2487.00
SAID,2487.00
RUDDY,2487.00
ROMIG,2487.00
ROEHL,2487.00
RENNINGER,2487.00
REDING,2487.00
PYNE,2487.00
POLAK,2487.00
POHLMAN,2487.00
PASILLAS,2487.00
OLDFIELD,2487.00
OLDAKER,2487.00
OHANLON,2487.00
OGILVIE,2487.00
NORBERG,2487.00
NOLETTE,2487.00
NIES,2487.00
NEUFELD,2487.00
NELLIS,2487.00
MUMMERT,2487.00
MULVIHILL,2487.00
MULLANEY,2487.00
MONTELEONE,2487.00
MENDONCA,2487.00
MEISNER,2487.00
MCMULLAN,2487.00
MCCLUNEY,2487.00
MATTIS,2487.00
MASSENGILL,2487.00
MANFREDI,2487.00
LUEDTKE,2487.00
LOUNSBURY,2487.00
LORA,2487.00
LIBERATORE,2487.00
LEEK,2487.00
LEASE,2487.00
LAZARO,2487.00
LAMPHERE,2487.00
LAFORGE,2487.00
KUO,2487.00
KOO,2487.00
JOURDAN,2487.00
ISMAIL,2487.00
IORIO,2487.00
INIGUEZ,2487.00
IKEDA,2487.00
HUBLER,2487.00
HODGDON,2487.00
HOCKING,2487.00
HEACOCK,2487.00
HASLAM,2487.00
HARALSON,2487.00
HANSHAW,2487.00
HANNUM,2487.00
HALLAM,2487.00
HADEN,2487.00
GARNES,2487.00
GARCES,2487.00
GAMMAGE,2487.00
GAMBINO,2487.00
FINKEL,2487.00
FAUCETT,2487.00
FAHY,2487.00
ESTEBAN,2487.00
EHRHARDT,2487.00
EGGEN,2487.00
DUSEK,2487.00
DURRANT,2487.00
DUBAY,2487.00
DONES,2487.00
DEY,2487.00
DEPASQUALE,2487.00
DELUCIA,2487.00
DEGRAFF,2487.00
DEER,2487.00
DECAMP,2487.00
DAVALOS,2487.00
DARWIN,2487.00
DAN,2487.00
CULLINS,2487.00
CONARD,2487.00
CLOUSER,2487.00
CLONTZ,2487.00
CIFUENTES,2487.00
CHICO,2487.00
CHAPPEL,2487.00
CHAFFINS,2487.00
CELIS,2487.00
CARWILE,2487.00
BYRAM,2487.00
BRUGGEMAN,2487.00
BRICK,2487.00
BRESSLER,2487.00
BRATHWAITE,2487.00
BRASFIELD,2487.00
BRADBURN,2487.00
BOOSE,2487.00
BOON,2487.00
BODIE,2487.00
BLOSSER,2487.00
BLAS,2487.00
BISE,2487.00
BERTSCH,2487.00
BERNARDI,2487.00
BERNABE,2487.00
BENGTSON,2487.00
BARRETTE,2487.00
ASTORGA,2487.00
ARMAND,2487.00
ANTONE,2487.00
ALDAY,2487.00
ALBEE,2487.00
ABRAHAMSON,2487.00
YARNELL,2487.00
WILTSE,2487.00
WILE,2487.00
WIEBE,2487.00
WAGUESPACK,2487.00
VASSER,2487.00
UPHAM,2487.00
TYRE,2487.00
TUREK,2487.00
TUNE,2487.00
TRAXLER,2487.00
TORAIN,2487.00
TOMASZEWSKI,2487.00
TINNIN,2487.00
TINER,2487.00
TINDELL,2487.00
TEED,2487.00
STYRON,2487.00
STAHLMAN,2487.00
STAAB,2487.00
SPOON,2487.00
SPELLS,2487.00
SKIBA,2487.00
SHIH,2487.00
SHEPERD,2487.00
SEIDL,2487.00
SECOR,2487.00
SCHUTTE,2487.00
SANFILIPPO,2487.00
RUDER,2487.00
RONDON,2487.00
REINA,2487.00
REARICK,2487.00
RANK,2487.00
PROCTER,2487.00
PROCHASKA,2487.00
PETTENGILL,2487.00
PAULY,2487.00
NEILSEN,2487.00
NALLY,2487.00
MUTTER,2487.00
MULLENAX,2487.00
MORANO,2487.00
MEADS,2487.00
MCNAUGHTON,2487.00
MCMURTRY,2487.00
MCMATH,2487.00
MCKINSEY,2487.00
MATTHES,2487.00
MASSENBURG,2487.00
MARLAR,2487.00
MARGOLIS,2487.00
MARCOS,2487.00
MALIN,2487.00
MAGALLON,2487.00
MACKIN,2487.00
LOVETTE,2487.00
LOUGHRAN,2487.00
LORING,2487.00
LONGSTREET,2487.00
LOISELLE,2487.00
LENIHAN,2487.00
LAUB,2487.00
KUNZE,2487.00
KULL,2487.00
KOEPKE,2487.00
KNIGHTS,2487.00
KERWIN,2487.00
KALINOWSKI,2487.00
KAGAN,2487.00
INNIS,2487.00
INNES,2487.00
HUSBAND,2487.00
HOLTZMAN,2487.00
HEINEMANN,2487.00
HARSHMAN,2487.00
HAIDER,2487.00
HAACK,2487.00
GUSS,2487.00
GRONDIN,2487.00
GRISSETT,2487.00
GREENAWALT,2487.00
GRAVEL,2487.00
GOUDY,2487.00
GOODLETT,2487.00
GOLDSTON,2487.00
GOKEY,2487.00
GOIN,2487.00
GARDEA,2487.00
GALAVIZ,2487.00
GAFFORD,2487.00
GABRIELSON,2487.00
FURLOW,2487.00
FRITCH,2487.00
FORDYCE,2487.00
FOLGER,2487.00
ELIZALDE,2487.00
EHLERT,2487.00
ECKHOFF,2487.00
ECCLESTON,2487.00
EALEY,2487.00
DUBIN,2487.00
DOLPHIN,2487.00
DIETER,2487.00
DIEMER,2487.00
DESCHAMPS,2487.00
DELAPENA,2487.00
DECICCO,2487.00
DEBOLT,2487.00
DAUM,2487.00
CULLINAN,2487.00
CRITTENDON,2487.00
CRASE,2487.00
COSSEY,2487.00
COPPOCK,2487.00
COOTS,2487.00
COLYER,2487.00
COLUMBUS,2487.00
CLUCK,2487.00
CHAMBERLAND,2487.00
CANE,2487.00
BURKHEAD,2487.00
BUMPUS,2487.00
BUCHAN,2487.00
BORMAN,2487.00
BORK,2487.00
BOE,2487.00
BIRKHOLZ,2487.00
BERARDI,2487.00
BENDA,2487.00
BEHNKE,2487.00
BARTER,2487.00
AUER,2487.00
AMEZQUITA,2487.00
WOTRING,2487.00
WIRTZ,2487.00
WINGERT,2487.00
WIESNER,2487.00
WHITESIDES,2487.00
WEYANT,2487.00
WAINSCOTT,2487.00
VIVIAN,2487.00
VENEZIA,2487.00
VARNELL,2487.00
TUSSEY,2487.00
TRAINER,2487.00
TOLL,2487.00
THURLOW,2487.00
TACK,2487.00
TABARES,2487.00
STIVER,2487.00
STELL,2487.00
STARKE,2487.00
STANHOPE,2487.00
STANEK,2487.00
SISLER,2487.00
SINNOTT,2487.00
SIDNEY,2487.00
SICILIANO,2487.00
SHEHAN,2487.00
SELPH,2487.00
SEAGER,2487.00
SCURLOCK,2487.00
SCRANTON,2487.00
SANTUCCI,2487.00
SANTANGELO,2487.00
SALTSMAN,2487.00
RUEL,2487.00
ROPP,2487.00
ROLLING,2487.00
ROGGE,2487.00
RETTIG,2487.00
RENWICK,2487.00
REIDY,2487.00
REIDER,2487.00
REDFIELD,2487.00
QUAM,2487.00
PREMO,2487.00
PORT,2487.00
PIER,2487.00
PEET,2487.00
PARENTE,2487.00
PAOLUCCI,2487.00
PAN,2487.00
PALMQUIST,2487.00
ORME,2487.00
OHLER,2487.00
OGG,2487.00
NETHERTON,2487.00
MUTCHLER,2487.00
MORITA,2487.00
MISTRETTA,2487.00
MINNIS,2487.00
MIDDENDORF,2487.00
MENZEL,2487.00
MENDOSA,2487.00
MENDELSON,2487.00
MEAUX,2487.00
MCSPADDEN,2487.00
MCQUAID,2487.00
MCNATT,2487.00
MANIGAULT,2487.00
MANEY,2487.00
MAGER,2487.00
LUNG,2487.00
LUKES,2487.00
LOPRESTI,2487.00
LIRIANO,2487.00
LIPTON,2487.00
LETSON,2487.00
LECHUGA,2487.00
LAZENBY,2487.00
LAURIA,2487.00
LARIMORE,2487.00
KWOK,2487.00
KWAK,2487.00
KRUPP,2487.00
KRUPA,2487.00
KRUM,2487.00
KOPEC,2487.00
KINCHEN,2487.00
KIFER,2487.00
KERNEY,2487.00
KERNER,2487.00
KENNISON,2487.00
KEGLEY,2487.00
KAYS,2487.00
KARCHER,2487.00
JUSTIS,2487.00
JOHSON,2487.00
JELLISON,2487.00
JANKE,2487.00
ISABELL,2487.00
HUSKINS,2487.00
HOLZMAN,2487.00
HOLLIE,2487.00
HINOJOS,2487.00
HIGHLAND,2487.00
HEFLEY,2487.00
HE,2487.00
HATMAKER,2487.00
HARTE,2487.00
HALLOWAY,2487.00
HALLENBECK,2487.00
GOODWYN,2487.00
GLASPIE,2487.00
GILLIAN,2487.00
GEISE,2487.00
FULLWOOD,2487.00
FRYMAN,2487.00
FREW,2487.00
FRAKES,2487.00
FRAIRE,2487.00
FARRER,2487.00
ENLOW,2487.00
ENGEN,2487.00
ELLZEY,2487.00
ECKLES,2487.00
EARLES,2487.00
EALY,2487.00
DUNKLEY,2487.00
DRINKARD,2487.00
DREILING,2487.00
DRAEGER,2487.00
DINARDO,2487.00
DILLS,2487.00
DESROCHES,2487.00
DESANTIAGO,2487.00
CURRENT,2487.00
CURLEE,2487.00
CRUMBLEY,2487.00
CRITCHLOW,2487.00
COURY,2487.00
COURTRIGHT,2487.00
COFFIELD,2487.00
CLEEK,2487.00
CHRISTEN,2487.00
CHARPENTIER,2487.00
CARDONE,2487.00
CAPLES,2487.00
CANTIN,2487.00
BUNTIN,2487.00
BUGBEE,2487.00
BRINKERHOFF,2487.00
BRACKIN,2487.00
BOURLAND,2487.00
BOHL,2487.00
BOGDAN,2487.00
BLASSINGAME,2487.00
BEACHAM,2487.00
BANNING,2487.00
AUGUSTE,2487.00
ANDREASEN,2487.00
AMANN,2487.00
ALMON,2487.00
ALEJO,2487.00
ADELMAN,2487.00
ABSTON,2487.00
ZENO,2487.00
YERGER,2487.00
WYMER,2487.00
WOODBERRY,2487.00
WINDLEY,2487.00
WHITEAKER,2487.00
WESTFIELD,2487.00
WEIBEL,2487.00
WANNER,2487.00
WALDREP,2487.00
VITAL,2487.00
VILLANI,2487.00
VANARSDALE,2487.00
UTTERBACK,2487.00
UPDIKE,2487.00
TRIGGS,2487.00
TOPETE,2487.00
TOLAR,2487.00
TIGNER,2487.00
THOMS,2487.00
TAUBER,2487.00
TARVIN,2487.00
TALLY,2487.00
SWINEY,2487.00
SWEATMAN,2487.00
STUDEBAKER,2487.00
STREETS,2487.00
STENNETT,2487.00
STATES,2487.00
STARRETT,2487.00
STANNARD,2487.00
STALVEY,2487.00
SONNENBERG,2487.00
SMITHEY,2487.00
SIEBER,2487.00
SICKLES,2487.00
SHINAULT,2487.00
SEGARS,2487.00
SANGER,2487.00
SALMERON,2487.00
ROTHE,2487.00
RIZZI,2487.00
RINE,2487.00
RICARD,2487.00
RESTREPO,2487.00
RALLS,2487.00
RAGUSA,2487.00
QUIROGA,2487.00
PING,2487.00
PHUNG,2487.00
PERO,2487.00
PEGG,2487.00
PAVLIK,2487.00
PAPENFUSS,2487.00
OROPEZA,2487.00
OMAR,2487.00
OKANE,2487.00
NEER,2487.00
NEE,2487.00
NATHANIEL,2487.00
MUDGE,2487.00
MOZINGO,2487.00
MOLINARO,2487.00
MIKEL,2487.00
MCVICKER,2487.00
MCGARVEY,2487.00
MCFALLS,2487.00
MCCRANEY,2487.00
MATUS,2487.00
MAGERS,2487.00
LLANOS,2487.00
LIVERMORE,2487.00
LISS,2487.00
LINEHAN,2487.00
LETO,2487.00
LEITNER,2487.00
LAYMON,2487.00
LAWING,2487.00
LAWERENCE,2487.00
LACOURSE,2487.00
KWONG,2487.00
KOLLAR,2487.00
KNEELAND,2487.00
KEO,2487.00
KENNETT,2487.00
KELLETT,2487.00
KANGAS,2487.00
JANZEN,2487.00
HUTTER,2487.00
HUSE,2487.00
HULING,2487.00
HOSS,2487.00
HOHN,2487.00
HOFMEISTER,2487.00
HEWES,2487.00
HERN,2487.00
HARJO,2487.00
HABIB,2487.00
GUST,2487.00
GUICE,2487.00
GRULLON,2487.00
GREGGS,2487.00
GRAYER,2487.00
GRANIER,2487.00
GRABLE,2487.00
GOWDY,2487.00
GIANNINI,2487.00
GETCHELL,2487.00
GARTMAN,2487.00
GARNICA,2487.00
GANEY,2487.00
GALLIMORE,2487.00
FRAY,2487.00
FETTERS,2487.00
FERGERSON,2487.00
FARLOW,2487.00
FAGUNDES,2487.00
EXLEY,2487.00
ESTEVES,2487.00
ENDERS,2487.00
EDENFIELD,2487.00
EASTERWOOD,2487.00
DRAKEFORD,2487.00
DIPASQUALE,2487.00
DESOUSA,2487.00
DESHIELDS,2487.00
DEETER,2487.00
DEDMON,2487.00
DEBORD,2487.00
DAUGHTERY,2487.00
CUTTS,2487.00
COURTEMANCHE,2487.00
COURSEY,2487.00
COPPLE,2487.00
COOMES,2487.00
COLLIS,2487.00
COLL,2487.00
COGBURN,2487.00
CLOPTON,2487.00
CHOQUETTE,2487.00
CHAIDEZ,2487.00
CASTREJON,2487.00
CALHOON,2487.00
BURBACH,2487.00
BULLOCH,2487.00
BUCHMAN,2487.00
BRUHN,2487.00
BOHON,2487.00
BLOUGH,2487.00
BIEN,2487.00
BELMONT,2487.00
BAYNES,2487.00
BARSTOW,2487.00
ZEMAN,2487.00
ZACKERY,2487.00
YARDLEY,2487.00
YAMASHITA,2487.00
WULFF,2487.00
WILKEN,2487.00
WILIAMS,2487.00
WICKERSHAM,2487.00
WIBLE,2487.00
WHIPKEY,2487.00
WEDGEWORTH,2487.00
WALMSLEY,2487.00
WALKUP,2487.00
VREELAND,2487.00
VERRILL,2487.00
VALERA,2487.00
UMANA,2487.00
TRAUB,2487.00
TIMOTHY,2487.00
SWINGLE,2487.00
SWING,2487.00
SUMMEY,2487.00
STROUPE,2487.00
STOCKSTILL,2487.00
STEFFEY,2487.00
STEFANSKI,2487.00
STATLER,2487.00
STAPP,2487.00
SPEIGHTS,2487.00
SONS,2487.00
SOLARI,2487.00
SODERBERG,2487.00
SLICK,2487.00
SHUNK,2487.00
SHOREY,2487.00
SHEWMAKER,2487.00
SHEILDS,2487.00
SCHIFFER,2487.00
SCHANK,2487.00
SCHAFF,2487.00
SAGERS,2487.00
RODGER,2487.00
ROCHON,2487.00
RISER,2487.00
RICKETT,2487.00
REALE,2487.00
RAGLIN,2487.00
POON,2487.00
POLLY,2487.00
POLEN,2487.00
PLATA,2487.00
PITCOCK,2487.00
PERCIVAL,2487.00
PALEN,2487.00
PAHL,2487.00
ORONA,2487.00
OBERLE,2487.00
NOCERA,2487.00
NAVAS,2487.00
NAULT,2487.00
MULLINGS,2487.00
MOUSER,2487.00
MOOS,2487.00
MONTEJANO,2487.00
MONREAL,2487.00
MINICK,2487.00
MIDDLEBROOK,2487.00
MEECE,2487.00
MCMILLION,2487.00
MCCULLEN,2487.00
MAUCK,2487.00
MARSHBURN,2487.00
MAILLET,2487.00
MAHANEY,2487.00
MAGNER,2487.00
MACLIN,2487.00
LUCEY,2487.00
LITTERAL,2487.00
LIPPINCOTT,2487.00
LEITE,2487.00
LEIS,2487.00
LEAKS,2487.00
LAURIE,2487.00
LAMARRE,2487.00
KOST,2487.00
JURGENS,2487.00
JESUS,2487.00
JERKINS,2487.00
JAGER,2487.00
HURWITZ,2487.00
HUGHLEY,2487.00
HOTALING,2487.00
HORSTMAN,2487.00
HOHMAN,2487.00
HOCKER,2487.00
HIVELY,2487.00
HIPPS,2487.00
HILE,2487.00
HESSLER,2487.00
HERMANSON,2487.00
HEPWORTH,2487.00
HENN,2487.00
HELLAND,2487.00
HEDLUND,2487.00
HARKLESS,2487.00
HAIGLER,2487.00
GUTIEREZ,2487.00
GUM,2487.00
GRINDSTAFF,2487.00
GLANTZ,2487.00
GIARDINA,2487.00
GERKEN,2487.00
GADSDEN,2487.00
FREDA,2487.00
FINNERTY,2487.00
FELD,2487.00
FARNUM,2487.00
ENCINAS,2487.00
ELTON,2487.00
EAGER,2487.00
DRAKES,2487.00
DENNIE,2487.00
CUTLIP,2487.00
CURTSINGER,2487.00
COUTO,2487.00
CORTINAS,2487.00
CORBY,2487.00
CHOICE,2487.00
CHIASSON,2487.00
CARLE,2487.00
CARBALLO,2487.00
BRINDLE,2487.00
BORUM,2487.00
BOBER,2487.00
BLAGG,2487.00
BIRK,2487.00
BERTHIAUME,2487.00
BEAHM,2487.00
BATRES,2487.00
BASNIGHT,2487.00
BARBARA,2487.00
BACKES,2487.00
AXTELL,2487.00
AUST,2487.00
AU,2487.00
ATTERBERRY,2487.00
ALVARES,2487.00
ALT,2487.00
ALEGRIA,2487.00
ABE,2487.00
YOW,2487.00
YIP,2487.00
WOODELL,2487.00
WOJCIECHOWSKI,2487.00
WINFREE,2487.00
WINBUSH,2487.00
WIEST,2487.00
WESNER,2487.00
WAX,2487.00
WAMSLEY,2487.00
WAKEMAN,2487.00
VERNER,2487.00
TRUEX,2487.00
TRAFTON,2487.00
TOMAN,2487.00
THORSEN,2487.00
THOR,2487.00
THEUS,2487.00
TELLIER,2487.00
TALLANT,2487.00
SZETO,2487.00
STROPE,2487.00
STILLS,2487.00
STAGE,2487.00
SORG,2487.00
SIMKINS,2487.00
SHUEY,2487.00
SHAUL,2487.00
SERVIN,2487.00
SERIO,2487.00
SERAFIN,2487.00
SENIOR,2487.00
SEBRING,2487.00
SALGUERO,2487.00
SABA,2487.00
RYERSON,2487.00
RUDDER,2487.00
RUARK,2487.00
ROTHER,2487.00
ROHRBAUGH,2487.00
ROHRBACH,2487.00
ROHAN,2487.00
ROGERSON,2487.00
RISHER,2487.00
RIGG,2487.00
REESER,2487.00
PRYCE,2487.00
PROKOP,2487.00
PRINS,2487.00
PRIEBE,2487.00
PREJEAN,2487.00
PINHEIRO,2487.00
PETRONE,2487.00
PETRI,2487.00
PENSON,2487.00
PEARLMAN,2487.00
PARIKH,2487.00
PAL,2487.00
PAIR,2487.00
NATOLI,2487.00
MURAKAMI,2487.00
MULLIKIN,2487.00
MULLANE,2487.00
MOTES,2487.00
MORNINGSTAR,2487.00
MONKS,2487.00
MCVEIGH,2487.00
MCGRADY,2487.00
MCGAUGHEY,2487.00
MCCURLEY,2487.00
MASI,2487.00
MARCHAN,2487.00
MANSKE,2487.00
MAINE,2487.00
MAEZ,2487.00
LUSBY,2487.00
LINDE,2487.00
LILE,2487.00
LIKENS,2487.00
LICON,2487.00
LEROUX,2487.00
LEMAIRE,2487.00
LEGETTE,2487.00
LAX,2487.00
LASKEY,2487.00
LAPRADE,2487.00
LAPLANT,2487.00
LADY,2487.00
KOLAR,2487.00
KITTREDGE,2487.00
KINLEY,2487.00
KERBER,2487.00
KANAGY,2487.00
JOHANNES,2487.00
JETTON,2487.00
JAYNE,2487.00
JANUARY,2487.00
JANIK,2487.00
IPPOLITO,2487.00
INOUYE,2487.00
HUNSINGER,2487.00
HOWLEY,2487.00
HOWERY,2487.00
HORRELL,2487.00
HOOSIER,2487.00
HOLTHAUS,2487.00
HINER,2487.00
HILSON,2487.00
HILDERBRAND,2487.00
HASAN,2487.00
HARTZLER,2487.00
HARNISH,2487.00
HARADA,2487.00
HANSFORD,2487.00
HALLIGAN,2487.00
HAGEDORN,2487.00
GWYNN,2487.00
GUDINO,2487.00
GREENSTEIN,2487.00
GREEAR,2487.00
GRACEY,2487.00
GOUDEAU,2487.00
GOSE,2487.00
GOODNER,2487.00
GINSBURG,2487.00
GERTH,2487.00
GERNER,2487.00
FYFE,2487.00
FUJII,2487.00
FRIER,2487.00
FRENETTE,2487.00
FOLMAR,2487.00
FLEISHER,2487.00
FLEISCHMANN,2487.00
FETZER,2487.00
FERN,2487.00
EISENMAN,2487.00
EARHART,2487.00
DUPUY,2487.00
DUNKELBERGER,2487.00
DRUMMER,2487.00
DREXLER,2487.00
DILLINGER,2487.00
DILBECK,2487.00
DIANA,2487.00
DEWALD,2487.00
DEMBY,2487.00
DEFORD,2487.00
DANIELL,2487.00
DAKE,2487.00
CRAINE,2487.00
COMO,2487.00
CLEVER,2487.00
CHESNUT,2487.00
CASADY,2487.00
CARSTENS,2487.00
CARRICK,2487.00
CARINO,2487.00
CARIGNAN,2487.00
CANCHOLA,2487.00
CALE,2487.00
BUSHONG,2487.00
BURMAN,2487.00
BUONO,2487.00
BROWNLOW,2487.00
BROACH,2487.00
BRITTEN,2487.00
BRICKHOUSE,2487.00
BOYDEN,2487.00
BOULTON,2487.00
BORNE,2487.00
BORLAND,2487.00
BOHRER,2487.00
BLUBAUGH,2487.00
BEVER,2487.00
BERGGREN,2487.00
BENEVIDES,2487.00
AROCHO,2487.00
ARENDS,2487.00
AMEZCUA,2487.00
ALMENDAREZ,2487.00
ZALEWSKI,2487.00
WITZEL,2487.00
WINKFIELD,2487.00
WILHOITE,2487.00
VARA,2487.00
VANGUNDY,2487.00
VANFLEET,2487.00
VANETTEN,2487.00
VANDERGRIFF,2487.00
URBANSKI,2487.00
TYRELL,2487.00
TROIANO,2487.00
TICKLE,2487.00
THIBODAUX,2487.00
STRAUS,2487.00
STONEKING,2487.00
STJEAN,2487.00
STILLINGS,2487.00
STIFF,2487.00
STANGE,2487.00
SQUARE,2487.00
SPEICHER,2487.00
SPEEGLE,2487.00
SOWA,2487.00
SMELTZER,2487.00
SLAWSON,2487.00
SIMMONDS,2487.00
SHUTTLEWORTH,2487.00
SERPA,2487.00
SENGER,2487.00
SEIDMAN,2487.00
SCHWEIGER,2487.00
SCHLOSS,2487.00
SCHIMMEL,2487.00
SCHECHTER,2487.00
SAYLER,2487.00
SABB,2487.00
SABATINI,2487.00
RONAN,2487.00
RODIGUEZ,2487.00
RIGGLEMAN,2487.00
RICHINS,2487.00
REEP,2487.00
REAMER,2487.00
PRUNTY,2487.00
PORATH,2487.00
PLUNK,2487.00
PILAND,2487.00
PHILBROOK,2487.00
PETTITT,2487.00
PERNA,2487.00
PERALEZ,2487.00
PASCALE,2487.00
PADULA,2487.00
OBOYLE,2487.00
NIVENS,2487.00
NICKOLS,2487.00
MURPH,2487.00
MUNDT,2487.00
MUNDEN,2487.00
MONTIJO,2487.00
MCMANIS,2487.00
MCGRANE,2487.00
MCCRIMMON,2487.00
MANZI,2487.00
MANGOLD,2487.00
MALICK,2487.00
MAHAR,2487.00
MADDOCK,2487.00
LUST,2487.00
LOSEY,2487.00
LOOP,2487.00
LITTEN,2487.00
LINER,2487.00
LEFF,2487.00
LEEDY,2487.00
LEAVELL,2487.00
LADUE,2487.00
KRAHN,2487.00
KLUGE,2487.00
JUNKER,2487.00
IVERSEN,2487.00
IMLER,2487.00
HURTT,2487.00
HUIZAR,2487.00
HUBBERT,2487.00
HOWINGTON,2487.00
HOLLOMON,2487.00
HOLDREN,2487.00
HOISINGTON,2487.00
HISE,2487.00
HEIDEN,2487.00
HAUGE,2487.00
HARTIGAN,2487.00
GUTIRREZ,2487.00
GRIFFIE,2487.00
GREENHILL,2487.00
GRATTON,2487.00
GRANATA,2487.00
GOTTFRIED,2487.00
GERTZ,2487.00
GAUTREAUX,2487.00
FURRY,2487.00
FUREY,2487.00
FUNDERBURG,2487.00
FLIPPEN,2487.00
FITZGIBBON,2487.00
FERGUS,2487.00
FELICE,2487.00
EYE,2487.00
DYAR,2487.00
DRUCKER,2487.00
DONOGHUE,2487.00
DILDY,2487.00
DEVERS,2487.00
DETWEILER,2487.00
DESPRES,2487.00
DENBY,2487.00
DEGEORGE,2487.00
CUETO,2487.00
CRANSTON,2487.00
COURVILLE,2487.00
CLUKEY,2487.00
CIRILLO,2487.00
CHON,2487.00
CHIVERS,2487.00
CAUDILLO,2487.00
CATT,2487.00
BUTERA,2487.00
BULLUCK,2487.00
BUCKMASTER,2487.00
BRAUNSTEIN,2487.00
BRACAMONTE,2487.00
BOURDEAU,2487.00
BORDER,2487.00
BONNETTE,2487.00
BOBADILLA,2487.00
BOAZ,2487.00
BLACKLEDGE,2487.00
BESHEARS,2487.00
BERNHARD,2487.00
BERGESON,2487.00
BAVER,2487.00
BARTHEL,2487.00
BALSAMO,2487.00
BAK,2487.00
AZIZ,2487.00
AWAD,2487.00
AUTHEMENT,2487.00
ALTOM,2487.00
ALTIERI,2487.00
ABELS,2487.00
ZIGLER,2487.00
ZHU,2487.00
YOUNKER,2487.00
YEOMANS,2487.00
YEARWOOD,2487.00
WURSTER,2487.00
WINGET,2487.00
WHITSETT,2487.00
WECHSLER,2487.00
WEATHERWAX,2487.00
WATHEN,2487.00
WARRINER,2487.00
WANAMAKER,2487.00
WALRAVEN,2487.00
VIENS,2487.00
VANDEMARK,2487.00
VANCAMP,2487.00
UCHIDA,2487.00
TRIANA,2487.00
TINOCO,2487.00
TERPSTRA,2487.00
TELLIS,2487.00
TARIN,2487.00
TARANTO,2487.00
TAKACS,2487.00
STUDDARD,2487.00
STRUTHERS,2487.00
STROUT,2487.00
STILLER,2487.00
SPATARO,2487.00
SODERQUIST,2487.00
SLIGER,2487.00
SILBERMAN,2487.00
SHURTLEFF,2487.00
SHEETZ,2487.00
SCHILLINGER,2487.00
RITCH,2487.00
REIF,2487.00
RAYBON,2487.00
RATZLAFF,2487.00
RADLEY,2487.00
PUTT,2487.00
PUTNEY,2487.00
PRIME,2487.00
PRESS,2487.00
PINETTE,2487.00
PINER,2487.00
PETRIN,2487.00
PARISE,2487.00
OSBOURNE,2487.00
NYMAN,2487.00
NORTHINGTON,2487.00
NOBLITT,2487.00
NISHIMURA,2487.00
NELL,2487.00
NEHER,2487.00
NALLS,2487.00
NACCARATO,2487.00
MUCHA,2487.00
MOUNCE,2487.00
MIRON,2487.00
MILLIS,2487.00
MEANEY,2487.00
MCNICHOLS,2487.00
MCKINNIS,2487.00
MCJUNKIN,2487.00
MCDUFFY,2487.00
MAX,2487.00
MARCELLO,2487.00
MANRIQUE,2487.00
MANNION,2487.00
MANGUAL,2487.00
MALVEAUX,2487.00
MAINS,2487.00
LUMSDEN,2487.00
LUCIEN,2487.00
LOHMANN,2487.00
LIPE,2487.00
LIGHTSEY,2487.00
LEMASTERS,2487.00
LEIST,2487.00
LAXTON,2487.00
LAVERRIERE,2487.00
LATORRE,2487.00
LAMONS,2487.00
KRAL,2487.00
KOPF,2487.00
KNAUER,2487.00
KITT,2487.00
KAUL,2487.00
KARAS,2487.00
KAMPS,2487.00
JUSINO,2487.00
JANIS,2487.00
ISLAM,2487.00
HULLINGER,2487.00
HUGES,2487.00
HORNUNG,2487.00
HISER,2487.00
HEMPEL,2487.00
HELSEL,2487.00
HASSINGER,2487.00
HARGRAVES,2487.00
HAMMES,2487.00
HALLBERG,2487.00
GUTMAN,2487.00
GUMBS,2487.00
GRUVER,2487.00
GRADDY,2487.00
GONSALES,2487.00
GONCALVES,2487.00
GLENNON,2487.00
GILFORD,2487.00
GENO,2487.00
FRESHOUR,2487.00
FLIPPO,2487.00
FIFER,2487.00
FEW,2487.00
FERMIN,2487.00
FASON,2487.00
FARRISH,2487.00
FALLIN,2487.00
EWERT,2487.00
ESTEPP,2487.00
ESCUDERO,2487.00
ENSMINGER,2487.00
EMMANUEL,2487.00
EMBERTON,2487.00
ELMS,2487.00
ELLERBE,2487.00
EIDE,2487.00
DYSART,2487.00
DOUGAN,2487.00
DIERKING,2487.00
DICUS,2487.00
DETRICK,2487.00
DEROCHE,2487.00
DEPUE,2487.00
DEMARTINO,2487.00
DELOSREYES,2487.00
DALKE,2487.00
CULBREATH,2487.00
CROWNOVER,2487.00
CRISLER,2487.00
CRASS,2487.00
CORSI,2487.00
CHAGNON,2487.00
CENTERS,2487.00
CAVANAGH,2487.00
CASSON,2487.00
CAROLLO,2487.00
CADWALLADER,2487.00
BURNLEY,2487.00
BURCIAGA,2487.00
BURCHARD,2487.00
BROADHEAD,2487.00
BORIS,2487.00
BOOZE,2487.00
BOLTE,2487.00
BODY,2487.00
BERENS,2487.00
BELLMAN,2487.00
BELLARD,2487.00
BARIL,2487.00
ARDEN,2487.00
ANTONUCCI,2487.00
AMADO,2487.00
ALLIE,2487.00
WOLFGRAM,2487.00
WINSOR,2487.00
WIMBISH,2487.00
WILBERT,2487.00
WIER,2487.00
WALLACH,2487.00
VIVEROS,2487.00
VENTO,2487.00
VARLEY,2487.00
VANSLYKE,2487.00
VANGORDER,2487.00
TOUCHSTONE,2487.00
TOMKO,2487.00
TIEMANN,2487.00
THROOP,2487.00
TAMURA,2487.00
TALMADGE,2487.00
SWAYZE,2487.00
STURDEVANT,2487.00
STRAUSER,2487.00
STOLZ,2487.00
STENBERG,2487.00
STAYTON,2487.00
SPOHN,2487.00
SPILLERS,2487.00
SPILLANE,2487.00
SLUSS,2487.00
SLOANE,2487.00
SLAVENS,2487.00
SIMONETTI,2487.00
SHOFNER,2487.00
SHEAD,2487.00
SENECAL,2487.00
SEALES,2487.00
SCHUELER,2487.00
SCHLEY,2487.00
SCHACHT,2487.00
SAUVE,2487.00
SARNO,2487.00
SALSBURY,2487.00
ROTHSCHILD,2487.00
ROSIER,2487.00
RINES,2487.00
REVELES,2487.00
REIN,2487.00
REDUS,2487.00
REDFERN,2487.00
RECK,2487.00
RANNEY,2487.00
RAGGS,2487.00
PROUT,2487.00
PRILL,2487.00
PREBLE,2487.00
PRAGER,2487.00
PLEMONS,2487.00
PIPPEN,2487.00
PILON,2487.00
PICCIRILLO,2487.00
PEWITT,2487.00
PESINA,2487.00
PECORA,2487.00
OTANI,2487.00
ORSINI,2487.00
OLLIE,2487.00
OESTREICH,2487.00
ODEA,2487.00
OCALLAGHAN,2487.00
NORTHUP,2487.00
NIEHAUS,2487.00
NEWBERG,2487.00
NASSER,2487.00
NARRON,2487.00
MONARREZ,2487.00
MISHLER,2487.00
MCSHERRY,2487.00
MCELFRESH,2487.00
MAYON,2487.00
HAWORTH,4974.00
HARRELSON,4974.00
HAMBRICK,4974.00
FLICK,4974.00
EDMUNDS,4974.00
DACOSTA,4974.00
CROSSMAN,4974.00
COLSTON,4974.00
CHAPLIN,4974.00
CARRELL,4974.00
BUDD,4974.00
WEILER,4974.00
WAITS,4974.00
VIOLA,4974.00
VALENTINO,4974.00
TRANTHAM,4974.00
TARR,4974.00
STRAIGHT,4974.00
SOLORIO,4974.00
ROEBUCK,4974.00
POWE,4974.00
PLANK,4974.00
PETTUS,4974.00
PALM,4974.00
PAGANO,4974.00
MINK,4974.00
LUKER,4974.00
LEATHERS,4974.00
JOSLIN,4974.00
HARTZELL,4974.00
GAMBRELL,4974.00
FEARS,4974.00
DEUTSCH,4974.00
CEPEDA,4974.00
CARTY,4974.00
CAPUTO,4974.00
BREWINGTON,4974.00
BEDELL,4974.00
BALLEW,4974.00
APPLEWHITE,4974.00
WARNOCK,4974.00
WALZ,4974.00
URENA,4974.00
TUDOR,4974.00
REEL,4974.00
PIGG,4974.00
PARTON,4974.00
MICKELSON,4974.00
MEAGHER,4974.00
MCLELLAN,4974.00
MCCULLEY,4974.00
MANDEL,4974.00
LEECH,4974.00
LAVALLEE,4974.00
KRAEMER,4974.00
KLING,4974.00
KIPP,4974.00
KINGSTON,4974.00
KEHOE,4974.00
HOCHSTETLER,4974.00
HARRIMAN,4974.00
GREGOIRE,4974.00
GRABOWSKI,4974.00
GOSSELIN,4974.00
GAMMON,4974.00
FANCHER,4974.00
EDENS,4974.00
DESAI,4974.00
BUTT,4974.00
BRANNAN,4974.00
ARMENDARIZ,4974.00
WOOLSEY,4974.00
WHITEHOUSE,4974.00
WHETSTONE,4974.00
USSERY,4974.00
TOWNE,4974.00
TOWER,4974.00
TESTA,4974.00
TALLMAN,4974.00
STUDER,4974.00
STRAIT,4974.00
STEINMETZ,4974.00
SORRELLS,4974.00
SAUCEDA,4974.00
ROLFE,4974.00
RAE,4974.00
PADDOCK,4974.00
MITCHEM,4974.00
MCGINN,4974.00
MCCREA,4974.00
LUCK,4974.00
LOVATO,4974.00
LING,4974.00
HAZEN,4974.00
GILPIN,4974.00
GAYNOR,4974.00
FIKE,4974.00
DEVOE,4974.00
DELRIO,4974.00
CURIEL,4974.00
BURKHARDT,4974.00
BRISTOL,4974.00
BODE,4974.00
BACKUS,4974.00
ALTON,4974.00
ZINN,4974.00
WATANABE,4974.00
WACHTER,4974.00
VANPELT,4974.00
TURNAGE,4974.00
SHANER,4974.00
SCHRODER,4974.00
SATO,4974.00
RIORDAN,4974.00
QUIMBY,4974.00
PORTIS,4974.00
NATALE,4974.00
MCKOY,4974.00
MCCOWN,4974.00
MARKER,4974.00
LUCIO,4974.00
KILMER,4974.00
KARL,4974.00
HOTCHKISS,4974.00
HESSE,4974.00
HALBERT,4974.00
GWINN,4974.00
GODSEY,4974.00
DESMOND,4974.00
DELISLE,4974.00
CHRISMAN,4974.00
CANTER,4974.00
BROOK,4974.00
ARBOGAST,4974.00
ANGELL,4974.00
ACREE,4974.00
YANCY,4974.00
WOOLLEY,4974.00
WESSON,4974.00
WEATHERSPOON,4974.00
TRAINOR,4974.00
STOCKMAN,4974.00
SPILLER,4974.00
SIPE,4974.00
ROOKS,4974.00
REAVIS,4974.00
PROPST,4974.00
PORRAS,4974.00
NEILSON,4974.00
MULLENS,4974.00
LOUCKS,4974.00
LLEWELLYN,4974.00
LAMONT,4974.00
KUMAR,4974.00
KOESTER,4974.00
KLINGENSMITH,4974.00
KIRSCH,4974.00
KESTER,4974.00
HONAKER,4974.00
HODSON,4974.00
HENNESSY,4974.00
HELMICK,4974.00
GARRITY,4974.00
GARIBAY,4974.00
FEE,4974.00
DRAIN,4974.00
CASAREZ,4974.00
CALLIS,4974.00
BOTELLO,4974.00
BAY,4974.00
AYCOCK,4974.00
AVANT,4974.00
ANGLE,4974.00
WINGARD,4974.00
WAYMAN,4974.00
TULLY,4974.00
THEISEN,4974.00
SZYMANSKI,4974.00
STANSBURY,4974.00
SEGOVIA,4974.00
RUDY,4974.00
RAINWATER,4974.00
PREECE,4974.00
PIRTLE,4974.00
PADRON,4974.00
MINCEY,4974.00
MCKELVEY,4974.00
MATHES,4974.00
MARTY,4974.00
LARRABEE,4974.00
KORNEGAY,4974.00
KLUG,4974.00
JUDY,4974.00
INGERSOLL,4974.00
HECHT,4974.00
GERMAIN,4974.00
EGGERS,4974.00
DYKSTRA,4974.00
DENIS,4974.00
DEERING,4974.00
DECOTEAU,4974.00
DEASON,4974.00
DEARING,4974.00
COFIELD,4974.00
CARRIGAN,4974.00
BRUSH,4974.00
BONHAM,4974.00
BAHR,4974.00
AUCOIN,4974.00
APPLEBY,4974.00
ALMONTE,4974.00
YAGER,4974.00
WOMBLE,4974.00
WIMMER,4974.00
WEIMER,4974.00
VANDERPOOL,4974.00
STANCIL,4974.00
SPRINKLE,4974.00
ROMINE,4974.00
REMINGTON,4974.00
PFAFF,4974.00
PECKHAM,4974.00
OLIVERA,4974.00
MERAZ,4974.00
MAZE,4974.00
LATHROP,4974.00
KOEHN,4974.00
JONAS,4974.00
HAZELTON,4974.00
HALVORSON,4974.00
HALLOCK,4974.00
HADDOCK,4974.00
DUCHARME,4974.00
DEHAVEN,4974.00
COLTON,4974.00
CARUTHERS,4974.00
BREHM,4974.00
BOSWORTH,4974.00
BOST,4974.00
BLOW,4974.00
BIAS,4974.00
BEEMAN,4974.00
BASILE,4974.00
BANE,4974.00
AIKENS,4974.00
ZACHARY,4974.00
WOLD,4974.00
WALTHER,4974.00
TABB,4974.00
SUBER,4974.00
STRAWN,4974.00
STOCKS,4974.00
STOCKER,4974.00
SHIREY,4974.00
SCHLOSSER,4974.00
SALVADOR,4974.00
RIEDEL,4974.00
REMBERT,4974.00
REIMER,4974.00
PYLES,4974.00
PICKLE,4974.00
PEELE,4974.00
MERRIWEATHER,4974.00
LETOURNEAU,4974.00
LATTA,4974.00
KIDDER,4974.00
HIXON,4974.00
HILLIS,4974.00
HIGHT,4974.00
HERBST,4974.00
HENRIQUEZ,4974.00
HAYGOOD,4974.00
HAMILL,4974.00
GABEL,4974.00
FRITTS,4974.00
EUBANK,4974.00
DUTY,4974.00
DAWES,4974.00
CORRELL,4974.00
COFFEE,4974.00
CHA,4974.00
BUSHEY,4974.00
BUCHHOLZ,4974.00
BROTHERTON,4974.00
BRIDGE,4974.00
BOTTS,4974.00
BARNWELL,4974.00
AUGER,4974.00
ATCHLEY,4974.00
WESTPHAL,4974.00
VEILLEUX,4974.00
ULLOA,4974.00
TRUMAN,4974.00
STUTZMAN,4974.00
SHRIVER,4974.00
RYALS,4974.00
PRIOR,4974.00
PILKINGTON,4974.00
NEWPORT,4974.00
MOYERS,4974.00
MIRACLE,4974.00
MARRS,4974.00
MANGRUM,4974.00
MADDUX,4974.00
LOCKARD,4974.00
LAING,4974.00
KUHL,4974.00
HARNEY,4974.00
HAMMOCK,4974.00
HAMLETT,4974.00
FELKER,4974.00
DOERR,4974.00
DEPRIEST,4974.00
CARRASQUILLO,4974.00
CAROTHERS,4974.00
BOGLE,4974.00
BLOOD,4974.00
BISCHOFF,4974.00
BERGEN,4974.00
ALBANESE,4974.00
WYCKOFF,4974.00
VERMILLION,4974.00
VANSICKLE,4974.00
THIBAULT,4974.00
TETREAULT,4974.00
STICKNEY,4974.00
SHOEMAKE,4974.00
RUGGIERO,4974.00
RAWSON,4974.00
RACINE,4974.00
PHILPOT,4974.00
PASCHAL,4974.00
MCELHANEY,4974.00
MATHISON,4974.00
LEGRAND,4974.00
LAPIERRE,4974.00
KWAN,4974.00
KREMER,4974.00
JILES,4974.00
HILBERT,4974.00
GEYER,4974.00
FAIRCLOTH,4974.00
EHLERS,4974.00
EGBERT,4974.00
DESROSIERS,4974.00
DALRYMPLE,4974.00
COTTEN,4974.00
CASHMAN,4974.00
CADENA,4974.00
BREEDING,4974.00
BOARDMAN,4974.00
ALCARAZ,4974.00
AHN,4974.00
WYRICK,4974.00
THERRIEN,4974.00
TANKERSLEY,4974.00
STRICKLER,4974.00
PURYEAR,4974.00
PLOURDE,4974.00
PATTISON,4974.00
PARDUE,4974.00
MILAN,4974.00
MCGINTY,4974.00
MCEVOY,4974.00
LANDRETH,4974.00
KUHNS,4974.00
KOON,4974.00
HEWETT,4974.00
GIDDENS,4974.00
EVERETTE,4974.00
EMERICK,4974.00
EADES,4974.00
DEANGELIS,4974.00
COSME,4974.00
CEBALLOS,4974.00
BIRDSONG,4974.00
BENHAM,4974.00
BEMIS,4974.00
ARMOUR,4974.00
ANGUIANO,4974.00
ANGELES,4974.00
WELBORN,4974.00
TSOSIE,4974.00
STORMS,4974.00
SHOUP,4974.00
SESSOMS,4974.00
SAMANIEGO,4974.00
ROOD,4974.00
ROJO,4974.00
RHINEHART,4974.00
RABY,4974.00
NORTHCUTT,4974.00
MYER,4974.00
MUNGUIA,4974.00
MOREHOUSE,4974.00
MORE,4974.00
MCDEVITT,4974.00
MATEO,4974.00
MALLETT,4974.00
LOZADA,4974.00
LEMOINE,4974.00
KUEHN,4974.00
HALLETT,4974.00
GRIM,4974.00
GILLARD,4974.00
GAYLOR,4974.00
GARMAN,4974.00
GALLAHER,4974.00
FEASTER,4974.00
FARIS,4974.00
DARROW,4974.00
DARDAR,4974.00
CONEY,4974.00
CARREON,4974.00
BYRON,4974.00
BRAITHWAITE,4974.00
BOYLAN,4974.00
BOYETT,4974.00
BORN,4974.00
BIXLER,4974.00
BIGHAM,4974.00
BENFORD,4974.00
BARRAGAN,4974.00
BARNUM,4974.00
ZUBER,4974.00
WYCHE,4974.00
WESTCOTT,4974.00
VINING,4974.00
STOLTZFUS,4974.00
SIMONDS,4974.00
SHUPE,4974.00
SABIN,4974.00
RUBLE,4974.00
RITTENHOUSE,4974.00
RICHMAN,4974.00
PERRONE,4974.00
MULHOLLAND,4974.00
MILLAN,4974.00
MEISTER,4974.00
MATHEW,4974.00
LOMELI,4974.00
KITE,4974.00
JEMISON,4974.00
HULETT,4974.00
HOLLER,4974.00
HICKERSON,4974.00
HEROLD,4974.00
HAZELWOOD,4974.00
GRIFFEN,4974.00
GAUSE,4974.00
FORDE,4974.00
EISENBERG,4974.00
DILWORTH,4974.00
CHARRON,4974.00
CHAISSON,4974.00
BRODIE,4974.00
BRISTOW,4974.00
BREUNIG,4974.00
BRACE,4974.00
BOUTWELL,4974.00
BENTZ,4974.00
BELK,4974.00
BAYLESS,4974.00
BATCHELDER,4974.00
BARAN,4974.00
BAEZA,4974.00
ZIMMERMANN,4974.00
WEATHERSBY,4974.00
VOLK,4974.00
TOOLE,4974.00
THEIS,4974.00
TEDESCO,4974.00
SHINE,4974.00
SEARLE,4974.00
SCHENCK,4974.00
SATTERWHITE,4974.00
SANDY,4974.00
RUELAS,4974.00
ROYCE,4974.00
RANKINS,4974.00
PARTIDA,4974.00
NESBIT,4974.00
MOREL,4974.00
MENCHACA,4974.00
LEVASSEUR,4974.00
KAYLOR,4974.00
JOHNSTONE,4974.00
HULSE,4974.00
HOLLAR,4974.00
HERSEY,4974.00
HARRIGAN,4974.00
HARBISON,4974.00
GUYER,4974.00
GISH,4974.00
GIESE,4974.00
GERLACH,4974.00
GELLER,4974.00
GEISLER,4974.00
FALCONE,4974.00
ERNEST,4974.00
ELWELL,4974.00
DOUCET,4974.00
DEESE,4974.00
DARR,4974.00
CORDER,4974.00
CHAFIN,4974.00
BYLER,4974.00
BUSSELL,4974.00
BURDETT,4974.00
BRASHER,4974.00
BOWE,4974.00
BELLINGER,4974.00
BASTIAN,4974.00
BARNER,4974.00
ALLEYNE,4974.00
WILBORN,4974.00
WEIL,4974.00
WEGNER,4974.00
WALES,4974.00
TATRO,4974.00
SPITZER,4974.00
SMITHERS,4974.00
SCHOEN,4974.00
RESENDEZ,4974.00
PETE,4974.00
PARISI,4974.00
OVERMAN,4974.00
OBRIAN,4974.00
MUDD,4974.00
MOY,4974.00
MCLAREN,4974.00
MAHLER,4974.00
MAGGIO,4974.00
LINDNER,4974.00
LALONDE,4974.00
LACASSE,4974.00
LABOY,4974.00
KILLION,4974.00
KAHL,4974.00
JESSEN,4974.00
JAMERSON,4974.00
HOUK,4974.00
HENSHAW,4974.00
GUSTIN,4974.00
GROOM,4974.00
GRABER,4974.00
DURST,4974.00
DUENAS,4974.00
DAVEY,4974.00
CUNDIFF,4974.00
CONLON,4974.00
COLUNGA,4974.00
COAKLEY,4974.00
CHILES,4974.00
CAPERS,4974.00
BUELL,4974.00
BRICKER,4974.00
BISSONNETTE,4974.00
BIRMINGHAM,4974.00
BARTZ,4974.00
BAGBY,4974.00
ZAYAS,4974.00
VOLPE,4974.00
TREECE,4974.00
TOOMBS,4974.00
THOM,4974.00
TERRAZAS,4974.00
SWINNEY,4974.00
SKILES,4974.00
SILVEIRA,4974.00
SHOUSE,4974.00
SENN,4974.00
RAMBO,4974.00
RAMAGE,4974.00
NEZ,4974.00
MOUA,4974.00
MARLIN,4974.00
MALIK,4974.00
LANGHAM,4974.00
KYLES,4974.00
HOLSTON,4974.00
HOAGLAND,4974.00
HERD,4974.00
HECTOR,4974.00
FELLER,4974.00
EMORY,4974.00
DENISON,4974.00
CORLISS,4974.00
CARRAWAY,4974.00
BURFORD,4974.00
BICKEL,4974.00
AMBRIZ,4974.00
ABERCROMBIE,4974.00
YAMADA,4974.00
WINNER,4974.00
WEIDNER,4974.00
WADDLE,4974.00
VERDUZCO,4974.00
THURMOND,4974.00
SWINDLE,4974.00
SCHROCK,4974.00
SANABRIA,4974.00
ROSENBERGER,4974.00
PROBST,4974.00
PEABODY,4974.00
OLINGER,4974.00
NEIGHBORS,4974.00
NAZARIO,4974.00
MCCAFFERTY,4974.00
MCBROOM,4974.00
MCABEE,4974.00
MAZUR,4974.00
MATHERNE,4974.00
MAPES,4974.00
LEVERETT,4974.00
KILLINGSWORTH,4974.00
HEISLER,4974.00
GRIEGO,4974.00
GRANDE,4974.00
GOSNELL,4974.00
FRANKEL,4974.00
FRANKE,4974.00
FERRANTE,4974.00
FENN,4974.00
ELMER,4974.00
EHRLICH,4974.00
CHRISTOPHERSO,4974.00
CHICK,4974.00
CHASSE,4974.00
CHANCELLOR,4974.00
CATON,4974.00
BRUNELLE,4974.00
BLY,4974.00
BLOOMFIELD,4974.00
BABBITT,4974.00
AZEVEDO,4974.00
ABRAMSON,4974.00
ABLES,4974.00
ABEYTA,4974.00
YOUMANS,4974.00
WOZNIAK,4974.00
WAINWRIGHT,4974.00
SUMMER,4974.00
STOWELL,4974.00
SMITHERMAN,4974.00
SITES,4974.00
SAMUELSON,4974.00
RUNGE,4974.00
RULE,4974.00
ROTHMAN,4974.00
ROSENFELD,4974.00
QUAN,4974.00
PEAKE,4974.00
OXFORD,4974.00
OWINGS,4974.00
OLMOS,4974.00
MUNRO,4974.00
MOREIRA,4974.00
LEATHERWOOD,4974.00
LARKINS,4974.00
KRANTZ,4974.00
KOVACS,4974.00
KIZER,4974.00
KINDRED,4974.00
KARNES,4974.00
JAFFE,4974.00
HUBBELL,4974.00
HOSEY,4974.00
HAUCK,4974.00
HAROLD,4974.00
GOODELL,4974.00
FAVORS,4974.00
ERDMAN,4974.00
DVORAK,4974.00
DOANE,4974.00
CURETON,4974.00
COFER,4974.00
BUEHLER,4974.00
BIERMAN,4974.00
BERNDT,4974.00
BANTA,4974.00
ANNIS,4974.00
ABRAM,4974.00
ABDULLAH,4974.00
WARWICK,4974.00
WALTZ,4974.00
TURCOTTE,4974.00
TRINH,4974.00
TORREY,4974.00
STITH,4974.00
SEGER,4974.00
SACHS,4974.00
QUESADA,4974.00
PINDER,4974.00
PEPPERS,4974.00
PASCUAL,4974.00
PASCHALL,4974.00
PARKHURST,4974.00
OZUNA,4974.00
OSTER,4974.00
NICHOLLS,4974.00
MORTIMER,4974.00
LHEUREUX,4974.00
LAVALLEY,4974.00
KIMURA,4974.00
JABLONSKI,4974.00
HAUN,4974.00
GOURLEY,4974.00
GILLIGAN,4974.00
FIX,4974.00
DERBY,4974.00
CROY,4974.00
COTTO,4974.00
CARGILL,4974.00
BURWELL,4974.00
BURGETT,4974.00
BUCKMAN,4974.00
BRETT,4974.00
BOOHER,4974.00
ADORNO,4974.00
WRENN,4974.00
WHITTEMORE,4974.00
URIAS,4974.00
SZABO,4974.00
SAYLES,4974.00
SAIZ,4974.00
RUTLAND,4974.00
RAEL,4974.00
PLANT,4974.00
PHARR,4974.00
PENNEY,4974.00
PELKEY,4974.00
OGRADY,4974.00
NICKELL,4974.00
MUSICK,4974.00
MOATS,4974.00
MATHER,4974.00
MASSA,4974.00
LAURENT,4974.00
KIRSCHNER,4974.00
KIEFFER,4974.00
KELLAR,4974.00
HENDERSHOT,4974.00
GOTT,4974.00
GODOY,4974.00
GADSON,4974.00
FURTADO,4974.00
FIEDLER,4974.00
ERSKINE,4974.00
EDISON,4974.00
DUTCHER,4974.00
DEVER,4974.00
DAGGETT,4974.00
CHEVALIER,4974.00
CHAO,4974.00
BRAKE,4974.00
BALLESTEROS,4974.00
AMERSON,4974.00
ALEJANDRO,4974.00
WINGO,4974.00
WALDON,4974.00
TROTT,4974.00
SPIKES,4974.00
SILVEY,4974.00
SHOWERS,4974.00
SCHLEGEL,4974.00
RUE,4974.00
RITZ,4974.00
PEPIN,4974.00
PELAYO,4974.00
PARSLEY,4974.00
PALERMO,4974.00
MOOREHEAD,4974.00
MCHALE,4974.00
LETT,4974.00
KOCHER,4974.00
KILBURN,4974.00
IGLESIAS,4974.00
HUMBLE,4974.00
HULBERT,4974.00
HUCKABY,4974.00
HIX,4974.00
HAVEN,4974.00
HARTFORD,4974.00
HARDIMAN,4974.00
GURNEY,4974.00
GRIGG,4974.00
GRASSO,4974.00
GOINGS,4974.00
FILLMORE,4974.00
FARBER,4974.00
DEPEW,4974.00
DANDREA,4974.00
DAME,4974.00
COWEN,4974.00
COVARRUBIAS,4974.00
CORY,4974.00
BURRUS,4974.00
BRACY,4974.00
ARDOIN,4974.00
THOMPKINS,4974.00
SUZUKI,4974.00
STANDLEY,4974.00
RUSSEL,4974.00
RADCLIFFE,4974.00
POHL,4974.00
PERSAUD,4974.00
PERCY,4974.00
PARENTEAU,4974.00
PABON,4974.00
NEWSON,4974.00
NEWHOUSE,4974.00
NAPOLITANO,4974.00
MULCAHY,4974.00
MAYA,4974.00
MALAVE,4974.00
KEIM,4974.00
HOOTEN,4974.00
HERNANDES,4974.00
HEFFERNAN,4974.00
HEARNE,4974.00
GREENLEAF,4974.00
GLICK,4974.00
FUHRMAN,4974.00
FETTER,4974.00
FARIA,4974.00
DISHMAN,4974.00
DICKENSON,4974.00
CRITES,4974.00
CRISS,4974.00
CLAPPER,4974.00
CHENAULT,4974.00
CASTOR,4974.00
CASTO,4974.00
BUGG,4974.00
BOVE,4974.00
BONNEY,4974.00
BLESSING,4974.00
ARD,4974.00
ANDERTON,4974.00
ALLGOOD,4974.00
ALDERSON,4974.00
WOODMAN,4974.00
WISDOM,4974.00
WARRICK,4974.00
TOOMEY,4974.00
TOOLEY,4974.00
TARRANT,4974.00
SUMMERVILLE,4974.00
STEBBINS,4974.00
SOKOL,4974.00
SINK,4974.00
SEARLES,4974.00
SCHUTZ,4974.00
SCHUMANN,4974.00
SCHEER,4974.00
REMILLARD,4974.00
RAPER,4974.00
PROULX,4974.00
PALMORE,4974.00
MONROY,4974.00
MIGUEL,4974.00
MESSIER,4974.00
MELO,4974.00
MELANSON,4974.00
MASHBURN,4974.00
MANZANO,4974.00
LUSSIER,4974.00
LOVELY,4974.00
LIEN,4974.00
JENKS,4974.00
HUNEYCUTT,4974.00
HARTWIG,4974.00
GRIMSLEY,4974.00
FULK,4974.00
FIELDING,4974.00
FIDLER,4974.00
ENGSTROM,4974.00
ELDRED,4974.00
DANTZLER,4974.00
CRANDELL,4974.00
CHING,4974.00
CALDER,4974.00
BRUMLEY,4974.00
BRETON,4974.00
BRANN,4974.00
BRAMLETT,4974.00
BOYKINS,4974.00
BIANCO,4974.00
BANCROFT,4974.00
ALMARAZ,4974.00
ALCANTAR,4974.00
WHITMER,4974.00
WHITENER,4974.00
WELTON,4974.00
VINEYARD,4974.00
SU,4974.00
RAHN,4974.00
PAQUIN,4974.00
MIZELL,4974.00
MIX,4974.00
MCMILLIN,4974.00
MCKEAN,4974.00
MARSTON,4974.00
MACIEL,4974.00
LUNDQUIST,4974.00
LOUIE,4974.00
LIGGINS,4974.00
LAMPKIN,4974.00
KRANZ,4974.00
KOSKI,4974.00
KIRKHAM,4974.00
JIMINEZ,4974.00
HAZZARD,4974.00
HARROD,4974.00
GRAZIANO,4974.00
GRAMMER,4974.00
GENDRON,4974.00
GARRIDO,4974.00
FORDHAM,4974.00
ENGLERT,4974.00
ELWOOD,4974.00
DRYDEN,4974.00
DEMOSS,4974.00
DELUNA,4974.00
CRABB,4974.00
COMEAU,4974.00
CLAUDIO,4974.00
BRUMMETT,4974.00
BLUME,4974.00
BENALLY,4974.00
WESSEL,4974.00
VANBUSKIRK,4974.00
THORSON,4974.00
STUMPF,4974.00
STOCKWELL,4974.00
ROCCO,4974.00
REAMS,4974.00
RADTKE,4974.00
RACKLEY,4974.00
PELTON,4974.00
NIEMI,4974.00
NEWLAND,4974.00
NELSEN,4974.00
MORRISSETTE,4974.00
MIRAMONTES,4974.00
MCGINLEY,4974.00
MCCLUSKEY,4974.00
MARLEY,4974.00
MARCHANT,4974.00
LUEVANO,4974.00
LAMPE,4974.00
LAIL,4974.00
JEFFCOAT,4974.00
INFANTE,4974.00
HU,4974.00
HINMAN,4974.00
GAONA,4974.00
ERB,4974.00
EADY,4974.00
DESMARAIS,4974.00
DECOSTA,4974.00
DANSBY,4974.00
CISCO,4974.00
CHOE,4974.00
BRECKENRIDGE,4974.00
BOSTWICK,4974.00
BORG,4974.00
BIANCHI,4974.00
BEER,4974.00
ALBERTS,4974.00
ADRIAN,4974.00
WILKIE,4974.00
WHORTON,4974.00
VARGO,4974.00
TAIT,4974.00
SYLVIA,4974.00
SOUCY,4974.00
SCHUMAN,4974.00
OUSLEY,4974.00
MUMFORD,4974.00
LUM,4974.00
LIPPERT,4974.00
LEATH,4974.00
LAVERGNE,4974.00
LALIBERTE,4974.00
KIRKSEY,4974.00
KENNER,4974.00
JOHNSEN,4974.00
IZZO,4974.00
HILES,4974.00
GULLETT,4974.00
GREENWELL,4974.00
GASPAR,4974.00
GALBREATH,4974.00
GAITAN,4974.00
ERICSON,4974.00
DUCK,4974.00
DELAPAZ,4974.00
CROOM,4974.00
COTTINGHAM,4974.00
CLIFT,4974.00
BUSHNELL,4974.00
BOOZER,4974.00
BICE,4974.00
BERNARDO,4974.00
BEASON,4974.00
ARROWOOD,4974.00
WARING,4974.00
VOORHEES,4974.00
TRUAX,4974.00
SHREVE,4974.00
SHOCKEY,4974.00
SCHATZ,4974.00
SANDIFER,4974.00
RUBINO,4974.00
ROZIER,4974.00
ROSEBERRY,4974.00
ROLL,4974.00
PLAYER,4974.00
PIEPER,4974.00
PEDEN,4974.00
NESTER,4974.00
NAVE,4974.00
MURPHEY,4974.00
MALINOWSKI,4974.00
MACGREGOR,4974.00
LIANG,4974.00
LAFRANCE,4974.00
KUNKLE,4974.00
KIRKMAN,4974.00
JORGE,4974.00
HIPP,4974.00
HASTY,4974.00
HADDIX,4974.00
GERVAIS,4974.00
GERDES,4974.00
GARFIELD,4974.00
GAMACHE,4974.00
FOUTS,4974.00
FITZWATER,4974.00
DILLINGHAM,4974.00
DEMING,4974.00
DEANDA,4974.00
CEDENO,4974.00
CANNADY,4974.00
BURSON,4974.00
BOULDIN,4974.00
ARCENEAUX,4974.00
WOODHOUSE,4974.00
WHITFORD,4974.00
WESCOTT,4974.00
WELTY,4974.00
WEIGEL,4974.00
TORGERSON,4974.00
TOMS,4974.00
SURBER,4974.00
SUNDERLAND,4974.00
STERNER,4974.00
SETZER,4974.00
SALVATORE,4974.00
RIOJAS,4974.00
PUMPHREY,4974.00
PUGA,4974.00
PEDRO,4974.00
PATCH,4974.00
METTS,4974.00
MCGARRY,4974.00
MCCANDLESS,4974.00
MAGILL,4974.00
LUPO,4974.00
LOVELAND,4974.00
LLAMAS,4974.00
LECLERC,4974.00
KOONS,4974.00
KAHLER,4974.00
HUSS,4974.00
HOLBERT,4974.00
HEINTZ,4974.00
HAUPT,4974.00
GRIMMETT,4974.00
GASKILL,4974.00
FLOWER,4974.00
ELLINGSON,4974.00
DORR,4974.00
DINGESS,4974.00
DEWEESE,4974.00
DESILVA,4974.00
CROSSLEY,4974.00
CORDEIRO,4974.00
CONVERSE,4974.00
CONDE,4974.00
CHEEKS,4974.00
CALDERA,4974.00
CAIRNS,4974.00
BURMEISTER,4974.00
BURKHALTER,4974.00
BRAWNER,4974.00
BOTT,4974.00
YOUNGS,4974.00
VIERRA,4974.00
VALLADARES,4974.00
TIFFANY,4974.00
SHRUM,4974.00
SHROPSHIRE,4974.00
SEVILLA,4974.00
RUSK,4974.00
ROOF,4974.00
RODARTE,4974.00
PEDRAZA,4974.00
NINO,4974.00
MONTANA,4974.00
MERINO,4974.00
MCMINN,4974.00
MARKLE,4974.00
MAPP,4974.00
LUCIA,4974.00
LAJOIE,4974.00
KOERNER,4974.00
KITTRELL,4974.00
KATO,4974.00
HYDER,4974.00
HOLLIFIELD,4974.00
HEISER,4974.00
HAZLETT,4974.00
GREENWALD,4974.00
FANT,4974.00
ELDREDGE,4974.00
DREHER,4974.00
DELAFUENTE,4974.00
CRAVENS,4974.00
CLAYPOOL,4974.00
BEECHER,4974.00
ARONSON,4974.00
ALANIS,4974.00
WORTHEN,4974.00
WOJCIK,4974.00
WINGER,4974.00
WHITACRE,4974.00
WELLINGTON,4974.00
VALVERDE,4974.00
VALDIVIA,4974.00
TROUPE,4974.00
THROWER,4974.00
SWINDELL,4974.00
SUTTLES,4974.00
SUH,4974.00
STROMAN,4974.00
SPIRES,4974.00
SLATE,4974.00
SHEALY,4974.00
SARVER,4974.00
SARTIN,4974.00
SADOWSKI,4974.00
RONDEAU,4974.00
ROLON,4974.00
RICK,4974.00
REX,4974.00
RASCON,4974.00
PRIDDY,4974.00
PINE,4974.00
PAULINO,4974.00
NOLTE,4974.00
MUNROE,4974.00
MOLLOY,4974.00
MELLON,4974.00
MCIVER,4974.00
LYKINS,4974.00
LOGGINS,4974.00
LILLIE,4974.00
LENOIR,4974.00
KLOTZ,4974.00
KEMPF,4974.00
JONE,4974.00
HUPP,4974.00
HOLLOWELL,4974.00
HOLLANDER,4974.00
HAYNIE,4974.00
HASSAN,4974.00
HARKNESS,4974.00
HARKER,4974.00
GOTTLIEB,4974.00
FRITH,4974.00
EDDINS,4974.00
DRISKELL,4974.00
DOGGETT,4974.00
DENSMORE,4974.00
CHARETTE,4974.00
CASSADY,4974.00
CARROL,4974.00
BYRUM,4974.00
BURCHAM,4974.00
BUGGS,4974.00
BENN,4974.00
WHITTED,4974.00
WARRINGTON,4974.00
VANDUSEN,4974.00
VAILLANCOURT,4974.00
STEGER,4974.00
SPELL,4974.00
SIEBERT,4974.00
SCOFIELD,4974.00
QUIRK,4974.00
PURSER,4974.00
PLUMB,4974.00
ORCUTT,4974.00
NORTHERN,4974.00
NORDSTROM,4974.00
MOSELY,4974.00
MICHALSKI,4974.00
MCPHAIL,4974.00
MCDAVID,4974.00
MCCRAW,4974.00
MARTINI,4974.00
MARCHESE,4974.00
MANNINO,4974.00
LEO,4974.00
LEFEVRE,4974.00
LARGENT,4974.00
LANZA,4974.00
KRESS,4974.00
ISHAM,4974.00
HUNSAKER,4974.00
HOCH,4974.00
HILDEBRANDT,4974.00
GUARINO,4974.00
GRIJALVA,4974.00
GRAYBILL,4974.00
FICK,4974.00
EWELL,4974.00
EWALD,4974.00
DEANGELO,4974.00
CUSICK,4974.00
CRUMLEY,4974.00
COSTON,4974.00
CATHCART,4974.00
CARRUTHERS,4974.00
BULLINGTON,4974.00
BRIAN,4974.00
BOWES,4974.00
BLAIN,4974.00
BLACKFORD,4974.00
BARBOZA,4974.00
YINGLING,4974.00
WOODLAND,4974.00
WERT,4974.00
WEILAND,4974.00
VARGA,4974.00
SILVERSTEIN,4974.00
SIEVERS,4974.00
SHUSTER,4974.00
SHUMWAY,4974.00
SCUDDER,4974.00
RUNNELS,4974.00
RUMSEY,4974.00
RENFROE,4974.00
PROVENCHER,4974.00
POLLEY,4974.00
MOHLER,4974.00
MIDDLEBROOKS,4974.00
KUTZ,4974.00
KOSTER,4974.00
KORN,4974.00
GROW,4974.00
GROTH,4974.00
GLIDDEN,4974.00
FAZIO,4974.00
DEEN,4974.00
CORN,4974.00
COPPER,4974.00
CHIPMAN,4974.00
CHENOWETH,4974.00
CHAMPLIN,4974.00
CEDILLO,4974.00
CARRERO,4974.00
CARMODY,4974.00
BUCKLES,4974.00
BRIEN,4974.00
BOUTIN,4974.00
BOSCH,4974.00
BILL,4974.00
BERKOWITZ,4974.00
ALTAMIRANO,4974.00
WILFONG,4974.00
WIEGAND,4974.00
WAITES,4974.00
TRUESDALE,4974.00
TOUSSAINT,4974.00
TOBEY,4974.00
TEDDER,4974.00
STEELMAN,4974.00
SIROIS,4974.00
SCHNELL,4974.00
ROBICHAUD,4974.00
RIDGE,4974.00
RICHBURG,4974.00
PRAY,4974.00
PLUMLEY,4974.00
PIZARRO,4974.00
PIERCY,4974.00
ORTEGO,4974.00
OBERG,4974.00
NEACE,4974.00
MUSIC,4974.00
MICKEY,4974.00
MERTZ,4974.00
MCNEW,4974.00
MATTA,4974.00
LAWYER,4974.00
LAPP,4974.00
LAIR,4974.00
KIBLER,4974.00
JESSIE,4974.00
HOWLETT,4974.00
HOLLISTER,4974.00
HOFER,4974.00
HATTEN,4974.00
HAGLER,4974.00
GERMANY,4974.00
FALGOUST,4974.00
ENGELHARDT,4974.00
EBERLE,4974.00
EASTWOOD,4974.00
DOMBROWSKI,4974.00
DINSMORE,4974.00
DAYE,4974.00
COOL,4974.00
CASARES,4974.00
CAPONE,4974.00
BRAUD,4974.00
BALCH,4974.00
AUTREY,4974.00
WENDEL,4974.00
TYNDALL,4974.00
TOY,4974.00
STROBEL,4974.00
STOLTZ,4974.00
SPINELLI,4974.00
SERRATO,4974.00
ROCHESTER,4974.00
REBER,4974.00
REAL,4974.00
RATHBONE,4974.00
PALOMINO,4974.00
NOAH,4974.00
NICKELS,4974.00
MAYLE,4974.00
MATHERS,4974.00
MACH,4974.00
LOEFFLER,4974.00
LITTRELL,4974.00
LEVINSON,4974.00
LEONG,4974.00
LEMIRE,4974.00
LEJEUNE,4974.00
LAZO,4974.00
LASLEY,4974.00
KOLLER,4974.00
KENNARD,4974.00
JESTER,4974.00
HOELSCHER,4974.00
HINTZ,4974.00
HAGERMAN,4974.00
GREAVES,4974.00
FORE,4974.00
EUDY,4974.00
ENGLER,4974.00
CORRALES,4974.00
CORDES,4974.00
BRUNET,4974.00
BIDWELL,4974.00
BENNET,4974.00
BARE,4974.00
TYRRELL,4974.00
THARPE,4974.00
SWINTON,4974.00
STRIBLING,4974.00
STEVEN,4974.00
SOUTHWORTH,4974.00
SISNEROS,4974.00
SHANE,4974.00
SAVOIE,4974.00
SAMONS,4974.00
RUVALCABA,4974.00
ROSCOE,4974.00
RIES,4974.00
RAMER,4974.00
OMARA,4974.00
MOSQUEDA,4974.00
MILLAR,4974.00
MCPEAK,4974.00
MACOMBER,4974.00
LUCKEY,4974.00
LITTON,4974.00
LEHR,4974.00
LAVIN,4974.00
HUBBS,4974.00
HOARD,4974.00
HIBBS,4974.00
HAGANS,4974.00
FUTRELL,4974.00
EXUM,4974.00
EVENSON,4974.00
DICKS,4974.00
CULLER,4974.00
CHOU,4974.00
CARBAUGH,4974.00
CALLEN,4974.00
BRASHEAR,4974.00
BLOOMER,4974.00
BLAKENEY,4974.00
BIGLER,4974.00
ADDINGTON,4974.00
WOODFORD,4974.00
WITTER,4974.00
UNRUH,4974.00
TOLENTINO,4974.00
SUMRALL,4974.00
STGERMAIN,4974.00
SMOCK,4974.00
SHERER,4974.00
SALEM,4974.00
ROCHELLE,4974.00
RAYNER,4974.00
POOLER,4974.00
OQUINN,4974.00
NERO,4974.00
MILANO,4974.00
MCGLOTHLIN,4974.00
MARS,4974.00
LINDEN,4974.00
KOWAL,4974.00
KERRIGAN,4974.00
IBRAHIM,4974.00
HARVELL,4974.00
HANRAHAN,4974.00
GOODALL,4974.00
GEIST,4974.00
FUSSELL,4974.00
FUNG,4974.00
FEREBEE,4974.00
FEDERICO,4974.00
ELEY,4974.00
EGGERT,4974.00
DORSETT,4974.00
DINGMAN,4974.00
DESTEFANO,4974.00
COLUCCI,4974.00
CLEMMER,4974.00
CAESAR,4974.00
BURNELL,4974.00
BRUMBAUGH,4974.00
BODDIE,4974.00
BERRYHILL,4974.00
AVELAR,4974.00
ALCANTARA,4974.00
ABBEY,4974.00
WINDER,4974.00
WINCHELL,4974.00
VANDENBERG,4974.00
TROTMAN,4974.00
THURBER,4974.00
THIBEAULT,4974.00
STLOUIS,4974.00
STILWELL,4974.00
SPERLING,4974.00
SHATTUCK,4974.00
SARMIENTO,4974.00
RUPPERT,4974.00
RUMPH,4974.00
RENAUD,4974.00
RANDAZZO,4974.00
RADEMACHER,4974.00
QUILES,4974.00
PEARMAN,4974.00
PALOMO,4974.00
MERCURIO,4974.00
LOWREY,4974.00
LINDEMAN,4974.00
LAWLOR,4974.00
LAROSA,4974.00
LANDER,4974.00
LABRECQUE,4974.00
KIMBER,4974.00
HOVIS,4974.00
HOLIFIELD,4974.00
HENNINGER,4974.00
HAWKES,4974.00
HARTFIELD,4974.00
HANN,4974.00
HAGUE,4974.00
GENOVESE,4974.00
GARRICK,4974.00
FUDGE,4974.00
FRINK,4974.00
EDDINGS,4974.00
DINH,4974.00
DEAR,4974.00
CUTTER,4974.00
CRIBBS,4974.00
CONSTANT,4974.00
CALVILLO,4974.00
BUNTON,4974.00
BRODEUR,4974.00
BOLDING,4974.00
BLANDING,4974.00
AGOSTO,4974.00
ZAHN,4974.00
WIENER,4974.00
TRUSSELL,4974.00
TEW,4974.00
TELLO,4974.00
TEIXEIRA,4974.00
STEPHAN,4974.00
SPECK,4974.00
SHARMA,4974.00
SHANKLIN,4974.00
SEALY,4974.00
SCANLAN,4974.00
SANTAMARIA,4974.00
ROUNDY,4974.00
ROBICHAUX,4974.00
RINGER,4974.00
RIGNEY,4974.00
PREVOST,4974.00
POLSON,4974.00
PHILIP,4974.00
PASS,4974.00
NORD,4974.00
MOXLEY,4974.00
MOHAMMED,4974.00
MEDFORD,4974.00
MCCASLIN,4974.00
MCARDLE,4974.00
MACARTHUR,4974.00
LEWIN,4974.00
LASHER,4974.00
KETCHAM,4974.00
KEISER,4974.00
HEINE,4974.00
HACKWORTH,4974.00
GROSE,4974.00
GRIZZLE,4974.00
GRASS,4974.00
GILLMAN,4974.00
GARTNER,4974.00
GARTH,4974.00
FRAZEE,4974.00
FLEURY,4974.00
FAST,4974.00
EDSON,4974.00
EDMONSON,4974.00
DERRY,4974.00
DECK,4974.00
CRONK,4974.00
CONANT,4974.00
BURRESS,4974.00
BURGIN,4974.00
BROOM,4974.00
BROCKINGTON,4974.00
BOLICK,4974.00
BOGER,4974.00
BIRCHFIELD,4974.00
BILLINGTON,4974.00
BAILY,4974.00
BAHENA,4974.00
ARMBRUSTER,4974.00
ANSON,4974.00
YOHO,4974.00
WILCHER,4974.00
TINNEY,4974.00
TIMBERLAKE,4974.00
THOMA,4974.00
THIELEN,4974.00
SUTPHIN,4974.00
STULTZ,4974.00
SIKORA,4974.00
SERRA,4974.00
SCHULMAN,4974.00
SCHEFFLER,4974.00
SANTILLAN,4974.00
ROBIN,4974.00
REGO,4974.00
PRECIADO,4974.00
PINKHAM,4974.00
MONDAY,4974.00
MICKLE,4974.00
LUU,4974.00
LOMAS,4974.00
LIZOTTE,4974.00
LENT,4974.00
LENARD,4974.00
KELLERMAN,4974.00
KEIL,4974.00
JUAN,4974.00
JOHANSON,4974.00
HERNADEZ,4974.00
HARTSFIELD,4974.00
HANG,4974.00
HABER,4974.00
GORSKI,4974.00
FARKAS,4974.00
EBERHARDT,4974.00
DUQUETTE,4974.00
DELANO,4974.00
CROPPER,4974.00
COZART,4974.00
COCKERHAM,4974.00
CHAMBLEE,4974.00
CARTAGENA,4974.00
CAHOON,4974.00
BUZZELL,4974.00
BRISTER,4974.00
BREWTON,4974.00
BLACKSHEAR,4974.00
BENFIELD,4974.00
ASTON,4974.00
ASHBURN,4974.00
ARRUDA,4974.00
WETMORE,4974.00
WEISE,4974.00
VACCARO,4974.00
TUCCI,4974.00
SUDDUTH,4974.00
STROMBERG,4974.00
STOOPS,4974.00
SHOWALTER,4974.00
SHEARS,4974.00
RUNION,4974.00
ROWDEN,4974.00
ROSENBLUM,4974.00
RIFFLE,4974.00
RENFROW,4974.00
PERES,4974.00
OBRYANT,4974.00
NICOLAS,4974.00
LEFTWICH,4974.00
LARK,4974.00
LANDEROS,4974.00
KISTLER,4974.00
KILLOUGH,4974.00
KERLEY,4974.00
KASTNER,4974.00
HOGGARD,4974.00
HARTUNG,4974.00
GUERTIN,4974.00
GOVAN,4974.00
GATLING,4974.00
GAILEY,4974.00
FULLMER,4974.00
FULFORD,4974.00
FLATT,4974.00
ESQUIBEL,4974.00
ENDICOTT,4974.00
EDMISTON,4974.00
EDELSTEIN,4974.00
DUFRESNE,4974.00
DRESSLER,4974.00
DICKMAN,4974.00
CHEE,4974.00
BUSSE,4974.00
BONNETT,4974.00
BOGART,4974.00
BERARD,4974.00
BARRINGTON,4974.00
ARENA,4974.00
ANTON,4974.00
YOSHIDA,4974.00
VELARDE,4974.00
VEACH,4974.00
VANHOUTEN,4974.00
VACHON,4974.00
TOLSON,4974.00
TOLMAN,4974.00
TENNYSON,4974.00
STITES,4974.00
SOLER,4974.00
SHUTT,4974.00
RUGGLES,4974.00
RHONE,4974.00
PEGUES,4974.00
ONG,4974.00
NEESE,4974.00
MURO,4974.00
MONCRIEF,4974.00
MEFFORD,4974.00
MCPHEE,4974.00
MCMORRIS,4974.00
MCEACHERN,4974.00
MCCLURG,4974.00
MANSOUR,4974.00
MAI,4974.00
MADER,4974.00
LEIJA,4974.00
LECOMPTE,4974.00
LAFOUNTAIN,4974.00
LABRIE,4974.00
JAQUEZ,4974.00
HEALD,4974.00
HASH,4974.00
HARTLE,4974.00
GAINER,4974.00
FRISBY,4974.00
FARINA,4974.00
EIDSON,4974.00
EDGERTON,4974.00
DYKE,4974.00
DURRETT,4974.00
DUHON,4974.00
CUOMO,4974.00
COBOS,4974.00
CERVANTEZ,4974.00
BYBEE,4974.00
BROCKWAY,4974.00
BOROWSKI,4974.00
BINION,4974.00
BEERY,4974.00
ARGUELLO,4974.00
AMARO,4974.00
ACTON,4974.00
YUEN,4974.00
WINTON,4974.00
WIGFALL,4974.00
WEEKLEY,4974.00
VIDRINE,4974.00
VANNOY,4974.00
TARDIFF,4974.00
SHOOP,4974.00
SHILLING,4974.00
SCHICK,4974.00
SAND,4974.00
SAFFORD,4974.00
PRENDERGAST,4974.00
PILGRIM,4974.00
PELLERIN,4974.00
OSUNA,4974.00
NISSEN,4974.00
NALLEY,4974.00
MORITZ,4974.00
MOLLER,4974.00
MESSNER,4974.00
MESSICK,4974.00
MERRY,4974.00
MERRIFIELD,4974.00
MCGUINNESS,4974.00
MATHERLY,4974.00
MARCANO,4974.00
MAHONE,4974.00
LEMOS,4974.00
LEBRUN,4974.00
JARA,4974.00
HOFFER,4974.00
HEWLETT,4974.00
HERREN,4974.00
HECKER,4974.00
HAWS,4974.00
HAUG,4974.00
HACK,4974.00
GWIN,4974.00
GOBER,4974.00
GILLIARD,4974.00
FREDETTE,4974.00
FAVELA,4974.00
ECHEVERRIA,4974.00
DOWNER,4974.00
DONOFRIO,4974.00
DESROCHERS,4974.00
DEE,4974.00
CROZIER,4974.00
CORSON,4974.00
CLYDE,4974.00
BECHTOLD,4974.00
ARGUETA,4974.00
APARICIO,4974.00
ZAMUDIO,4974.00
WILLETTE,4974.00
WESTOVER,4974.00
WESTERMAN,4974.00
UTTER,4974.00
TROYER,4974.00
THIES,4974.00
TAPLEY,4974.00
SLAVIN,4974.00
SHIRK,4974.00
SANDLER,4974.00
ROOP,4974.00
RIMMER,4974.00
RAYMER,4974.00
RANGE,4974.00
RADCLIFF,4974.00
OTTEN,4974.00
MOORER,4974.00
MILLET,4974.00
MCKIBBEN,4974.00
MCCUTCHEN,4974.00
MCAVOY,4974.00
MCADOO,4974.00
MAYORGA,4974.00
MASTIN,4974.00
MARTINEAU,4974.00
MAREK,4974.00
MADORE,4974.00
LEFLORE,4974.00
KROEGER,4974.00
KENNON,4974.00
JIMERSON,4974.00
JAVIER,4974.00
HOSTETTER,4974.00
HORNBACK,4974.00
HENDLEY,4974.00
HANCE,4974.00
GUARDADO,4974.00
GRANADO,4974.00
GOWEN,4974.00
GOODALE,4974.00
FLINN,4974.00
FLEETWOOD,4974.00
FITZ,4974.00
DURKEE,4974.00
DUPREY,4974.00
DIPIETRO,4974.00
DILLEY,4974.00
CLYBURN,4974.00
BRAWLEY,4974.00
BECKLEY,4974.00
ARANA,4974.00
WEATHERBY,4974.00
VOLLMER,4974.00
VICTORIA,4974.00
VESTAL,4974.00
TUNNELL,4974.00
TRIGG,4974.00
TINGLE,4974.00
TAKAHASHI,4974.00
SWEATT,4974.00
STORER,4974.00
SNAPP,4974.00
SHIVER,4974.00
ROOKER,4974.00
RED,4974.00
RATHBUN,4974.00
POISSON,4974.00
PERRINE,4974.00
PERRI,4974.00
PASTOR,4974.00
PARMER,4974.00
PARKE,4974.00
PARE,4974.00
PAPA,4974.00
PALMIERI,4974.00
NOTTINGHAM,4974.00
MIDKIFF,4974.00
MECHAM,4974.00
MCCOMAS,4974.00
MCALPINE,4974.00
LOVELADY,4974.00
LILLARD,4974.00
LALLY,4974.00
KNOPP,4974.00
KILE,4974.00
KIGER,4974.00
HAILE,4974.00
GUPTA,4974.00
GOLDSBERRY,4974.00
GILREATH,4974.00
FULKS,4974.00
FRIESEN,4974.00
FRANZEN,4974.00
FLACK,4974.00
FINDLAY,4974.00
FERLAND,4974.00
DREYER,4974.00
DORE,4974.00
DENNARD,4974.00
DECKARD,4974.00
DEBOSE,4974.00
CRIM,4974.00
COULOMBE,4974.00
CORK,4974.00
CHANCEY,4974.00
CANTOR,4974.00
BRANTON,4974.00
BISSELL,4974.00
BARNS,4974.00
WOOLARD,4974.00
WITHAM,4974.00
WASSERMAN,4974.00
WALDO,4974.00
SPIEGEL,4974.00
SHOFFNER,4974.00
SCHOLZ,4974.00
RUCH,4974.00
ROSSMAN,4974.00
READY,4974.00
PETRY,4974.00
PALACIO,4974.00
PAEZ,4974.00
NEARY,4974.00
MORTENSON,4974.00
MILLSAP,4974.00
MIELE,4974.00
MICK,4974.00
MENKE,4974.00
MCKIM,4974.00
MCANALLY,4974.00
MARTINES,4974.00
MANOR,4974.00
MALCOM,4974.00
LEMLEY,4974.00
LAROCHELLE,4974.00
KLAUS,4974.00
KLATT,4974.00
KAUFMANN,4974.00
KAPP,4974.00
HELMER,4974.00
HEDGE,4974.00
HALLORAN,4974.00
GLISSON,4974.00
FRECHETTE,4974.00
FONTANA,4974.00
ENOCH,4974.00
EAGAN,4974.00
DRUM,4974.00
DISTEFANO,4974.00
DANLEY,4974.00
CREEKMORE,4974.00
CHARTIER,4974.00
CHAFFEE,4974.00
CARILLO,4974.00
BURG,4974.00
BOLINGER,4974.00
BERKLEY,4974.00
BENZ,4974.00
BASSO,4974.00
BASH,4974.00
BARRIER,4974.00
ZELAYA,4974.00
WOODRING,4974.00
WITKOWSKI,4974.00
WILMOT,4974.00
WILKENS,4974.00
WIELAND,4974.00
VIRGIL,4974.00
VERDUGO,4974.00
URQUHART,4974.00
TSAI,4974.00
TIMMS,4974.00
SWIGER,4974.00
SWAIM,4974.00
SUSSMAN,4974.00
SCARLETT,4974.00
PIRES,4974.00
MOLNAR,4974.00
MCATEE,4974.00
MAURICE,4974.00
LOWDER,4974.00
LOOS,4974.00
LINKER,4974.00
LANDES,4974.00
KINGERY,4974.00
KEELEY,4974.00
HUFFORD,4974.00
HIGA,4974.00
HENDREN,4974.00
HAMMACK,4974.00
HAMANN,4974.00
GILLAM,4974.00
GERHARDT,4974.00
FELL,4974.00
EUGENE,4974.00
EDELMAN,4974.00
EBY,4974.00
DELK,4974.00
DEANS,4974.00
CURL,4974.00
CONSTANTINE,4974.00
CLEAVER,4974.00
CLAAR,4974.00
CASIANO,4974.00
CARRUTH,4974.00
CARLYLE,4974.00
BUMP,4974.00
BROPHY,4974.00
BOLANOS,4974.00
BIBBS,4974.00
BESSETTE,4974.00
BEGGS,4974.00
BAUGHER,4974.00
BARTEL,4974.00
AVERILL,4974.00
ANDRESEN,4974.00
AMIN,4974.00
ALDEN,4974.00
ADAMES,4974.00
WILDMAN,4974.00
VIA,4974.00
VALENTE,4974.00
TURNBOW,4974.00
TSE,4974.00
SWINK,4974.00
SUBLETT,4974.00
STROH,4974.00
STRINGFELLOW,4974.00
RIDGWAY,4974.00
PUGLIESE,4974.00
POTEAT,4974.00
PANG,4974.00
OHARE,4974.00
NEUBAUER,4974.00
MURCHISON,4974.00
MOHAMED,4974.00
MINGO,4974.00
LUCKY,4974.00
LEMMONS,4974.00
KWON,4974.00
KELLAM,4974.00
KEAN,4974.00
JARMON,4974.00
HYDEN,4974.00
HUDAK,4974.00
HOLLINGER,4974.00
HENKEL,4974.00
HEMINGWAY,4974.00
HASSON,4974.00
HANSEL,4974.00
HALTER,4974.00
HAIRE,4974.00
GOODNIGHT,4974.00
GINSBERG,4974.00
GILLISPIE,4974.00
FOGEL,4974.00
FLORY,4974.00
ETTER,4974.00
ELLEDGE,4974.00
ECKMAN,4974.00
DEAS,4974.00
CURRIN,4974.00
CRAFTON,4974.00
COOMER,4974.00
COLTER,4974.00
CLAXTON,4974.00
BULTER,4974.00
BRADDOCK,4974.00
BOWYER,4974.00
BLIZZARD,4974.00
BINNS,4974.00
BING,4974.00
BELLOWS,4974.00
BASKERVILLE,4974.00
BARROS,4974.00
ANSLEY,4974.00
WOOLF,4974.00
WIGHT,4974.00
WALDMAN,4974.00
WADLEY,4974.00
TULL,4974.00
TRULL,4974.00
TESCH,4974.00
STRUCK,4974.00
STOUFFER,4974.00
STADLER,4974.00
SLAY,4974.00
SHUBERT,4974.00
SEDILLO,4974.00
SANTACRUZ,4974.00
REINKE,4974.00
RALEIGH,4974.00
POYNTER,4974.00
NERI,4974.00
NEALE,4974.00
NATIVIDAD,4974.00
MOWRY,4974.00
MORALEZ,4974.00
MONGER,4974.00
MITCHUM,4974.00
MERRYMAN,4974.00
MANION,4974.00
MACDOUGALL,4974.00
LUX,4974.00
LITCHFIELD,4974.00
LEY,4974.00
LEVITT,4974.00
LEPAGE,4974.00
LASALLE,4974.00
LAINE,4974.00
KHOURY,4974.00
KAVANAGH,4974.00
KARNS,4974.00
IVIE,4974.00
HUEBNER,4974.00
HODGKINS,4974.00
HALPIN,4974.00
GARICA,4974.00
EVERSOLE,4974.00
DUTRA,4974.00
DUNAGAN,4974.00
DUFFEY,4974.00
DILLMAN,4974.00
DILLION,4974.00
DEVILLE,4974.00
DEARBORN,4974.00
DAMATO,4974.00
COURSON,4974.00
COULSON,4974.00
BURDINE,4974.00
BRYCE,4974.00
BOUSQUET,4974.00
BONIN,4974.00
BISH,4974.00
ATENCIO,4974.00
WESTBROOKS,4974.00
WAGES,4974.00
VACA,4974.00
TYE,4974.00
TONER,4974.00
TOMAS,4974.00
TILLIS,4974.00
SWETT,4974.00
SURFACE,4974.00
STRUBLE,4974.00
STANFILL,4974.00
SON,4974.00
SOLORZANO,4974.00
SLUSHER,4974.00
SIPPLE,4974.00
SIM,4974.00
SILVAS,4974.00
SHULTS,4974.00
SCHEXNAYDER,4974.00
SAEZ,4974.00
RODAS,4974.00
RAGER,4974.00
PULVER,4974.00
PLAZA,4974.00
PENTON,4974.00
PANIAGUA,4974.00
MENESES,4974.00
MCFARLIN,4974.00
MCAULEY,4974.00
MATZ,4974.00
MALOY,4974.00
MAGRUDER,4974.00
LOHMAN,4974.00
LANDA,4974.00
LACOMBE,4974.00
JAIMES,4974.00
HOM,4974.00
HOLZER,4974.00
HOLST,4974.00
HEIL,4974.00
HACKLER,4974.00
GRUNDY,4974.00
GREGOR,4974.00
GILKEY,4974.00
FARNHAM,4974.00
DURFEE,4974.00
DUNTON,4974.00
DUNSTON,4974.00
DUDA,4974.00
DEWS,4974.00
DANA,4974.00
CRAVER,4974.00
CORRIVEAU,4974.00
CONWELL,4974.00
COLELLA,4974.00
CHAMBLESS,4974.00
BREMER,4974.00
BOUTTE,4974.00
BOURASSA,4974.00
BLAISDELL,4974.00
BACKMAN,4974.00
BABINEAUX,4974.00
AUDETTE,4974.00
ALLEMAN,4974.00
TOWNER,4974.00
TAVERAS,4974.00
TARANGO,4974.00
SULLINS,4974.00
SUITER,4974.00
STALLARD,4974.00
SOLBERG,4974.00
SCHLUETER,4974.00
POULOS,4974.00
PIMENTAL,4974.00
OWSLEY,4974.00
OLIVIER,4974.00
OKELLEY,4974.00
NATIONS,4974.00
MOFFATT,4974.00
METCALFE,4974.00
MEEKINS,4974.00
MEDELLIN,4974.00
MCGLYNN,4974.00
MCCOWAN,4974.00
MARRIOTT,4974.00
MARABLE,4974.00
LENNOX,4974.00
LAMOUREUX,4974.00
KOSS,4974.00
KERBY,4974.00
KARP,4974.00
JASON,4974.00
ISENBERG,4974.00
HOWZE,4974.00
HOCKENBERRY,4974.00
HIGHSMITH,4974.00
HARBOUR,4974.00
HALLMARK,4974.00
GUSMAN,4974.00
GREELEY,4974.00
GIDDINGS,4974.00
GAUDET,4974.00
GALLUP,4974.00
FLEENOR,4974.00
EICHER,4974.00
EDINGTON,4974.00
DIMAGGIO,4974.00
DEMENT,4974.00
DEMELLO,4974.00
DECASTRO,4974.00
CRUISE,4974.00
BUSHMAN,4974.00
BRUNDAGE,4974.00
BROOKER,4974.00
BROOKE,4974.00
BOURG,4974.00
BOARD,4974.00
BLACKSTOCK,4974.00
BERGMANN,4974.00
BEATON,4974.00
BANISTER,4974.00
ARGO,4974.00
APPLING,4974.00
WORTMAN,4974.00
WATTERSON,4974.00
VILLALPANDO,4974.00
TILLOTSON,4974.00
TIGHE,4974.00
SUNDBERG,4974.00
STERNBERG,4974.00
STAMEY,4974.00
SPEAKS,4974.00
SHIPE,4974.00
SEEGER,4974.00
SCARBERRY,4974.00
SATTLER,4974.00
SAIN,4974.00
ROTHSTEIN,4974.00
POTEET,4974.00
PLOWMAN,4974.00
PETTIFORD,4974.00
PENLAND,4974.00
PEACH,4974.00
PARTAIN,4974.00
PANKEY,4974.00
OYLER,4974.00
OGLETREE,4974.00
OGBURN,4974.00
MOTON,4974.00
MILLION,4974.00
MERKEL,4974.00
MASK,4974.00
MARKUS,4974.00
LUCIER,4974.00
LAZARUS,4974.00
LAVELLE,4974.00
LAKEY,4974.00
KRATZ,4974.00
KINSER,4974.00
KERSHAW,4974.00
JOSEPHSON,4974.00
JESSE,4974.00
IMHOFF,4974.00
IBANEZ,4974.00
HENDRY,4974.00
HAMMON,4974.00
FRISBIE,4974.00
FRIEDRICH,4974.00
FRAWLEY,4974.00
FRAGA,4974.00
FORESTER,4974.00
ESKEW,4974.00
EMMERT,4974.00
DRENNAN,4974.00
DOYON,4974.00
DOMINICK,4974.00
DANDRIDGE,4974.00
CUMMING,4974.00
CAWLEY,4974.00
CARVAJAL,4974.00
BRACEY,4974.00
BELISLE,4974.00
BATEY,4974.00
AHNER,4974.00
WYSOCKI,4974.00
WEISER,4974.00
VELIZ,4974.00
TINCHER,4974.00
SHERLOCK,4974.00
SANTO,4974.00
SANSONE,4974.00
SANKEY,4974.00
SANDSTROM,4974.00
SALE,4974.00
ROHRER,4974.00
RISNER,4974.00
PRIDEMORE,4974.00
PFEFFER,4974.00
PERSINGER,4974.00
PEERY,4974.00
OUBRE,4974.00
ORANGE,4974.00
NOWICKI,4974.00
MUSGRAVE,4974.00
MURDOCH,4974.00
MULLINAX,4974.00
MCCARY,4974.00
MATHIEU,4974.00
LIVENGOOD,4974.00
LEONARDO,4974.00
KYSER,4974.00
KLINK,4974.00
KIMES,4974.00
KELLNER,4974.00
KAVANAUGH,4974.00
KASTEN,4974.00
IMES,4974.00
HOEY,4974.00
HINSHAW,4974.00
HALLEY,4974.00
HAKE,4974.00
GURULE,4974.00
GRUBE,4974.00
GRILLO,4974.00
GETER,4974.00
GATTO,4974.00
GARVER,4974.00
GARRETSON,4974.00
FARWELL,4974.00
EILAND,4974.00
DUNFORD,4974.00
DECARLO,4974.00
CORSO,4974.00
CORE,4974.00
COLMAN,4974.00
COLLARD,4974.00
CLEGHORN,4974.00
CHASTEEN,4974.00
CAVENDER,4974.00
CARLILE,4974.00
CALVO,4974.00
BYERLY,4974.00
BROGDON,4974.00
BROADWATER,4974.00
BREAULT,4974.00
BONO,4974.00
BERGIN,4974.00
BEHR,4974.00
BALLENGER,4974.00
AMICK,4974.00
YAN,4974.00
VICE,4974.00
TAMEZ,4974.00
STIFFLER,4974.00
STEINKE,4974.00
SIMMON,4974.00
SHANKLE,4974.00
SCHALLER,4974.00
SALMONS,4974.00
SACKETT,4974.00
SAAD,4974.00
RIDEOUT,4974.00
READER,4974.00
RATCLIFFE,4974.00
RAO,4974.00
RANSON,4974.00
RANDELL,4974.00
PLASCENCIA,4974.00
PETTERSON,4974.00
OLSZEWSKI,4974.00
OLNEY,4974.00
OLGUIN,4974.00
NILSSON,4974.00
NEVELS,4974.00
MORELLI,4974.00
MONTIEL,4974.00
MONGE,4974.00
MICHELL,4974.00
MICHAELSON,4974.00
MERTENS,4974.00
MCCHESNEY,4974.00
MCALPIN,4974.00
MATHEWSON,4974.00
LOWER,4974.00
LOUDERMILK,4974.00
LINEBERRY,4974.00
LIGGETT,4974.00
LAMP,4974.00
KINLAW,4974.00
KIGHT,4974.00
JUST,4974.00
JOST,4974.00
HEREFORD,4974.00
HARDEMAN,4974.00
HALPERN,4974.00
HALLIDAY,4974.00
HAFER,4974.00
GAUL,4974.00
FRIEL,4974.00
FREITAG,4974.00
FRANCES,4974.00
FORSBERG,4974.00
EVANGELISTA,4974.00
DOERING,4974.00
DICARLO,4974.00
DENDY,4974.00
DELP,4974.00
DEGUZMAN,4974.00
DAMERON,4974.00
CURTISS,4974.00
COUSIN,4974.00
COSPER,4974.00
CHARLEY,4974.00
CAUTHEN,4974.00
CAO,4974.00
CAMPER,4974.00
BRADBERRY,4974.00
BOUTON,4974.00
BONNELL,4974.00
BIXBY,4974.00
BIEBER,4974.00
BEVERIDGE,4974.00
BELLE,4974.00
BEDWELL,4974.00
BARHORST,4974.00
BANNON,4974.00
BALTAZAR,4974.00
BAIER,4974.00
AYOTTE,4974.00
ATTAWAY,4974.00
ARENAS,4974.00
ALEX,4974.00
ABREGO,4974.00
WATFORD,4974.00
VALLEY,4974.00
TURGEON,4974.00
TUNSTALL,4974.00
THAXTON,4974.00
THAI,4974.00
TENORIO,4974.00
STOTTS,4974.00
STHILAIRE,4974.00
SPIKER,4974.00
SHEDD,4974.00
SENG,4974.00
SEABOLT,4974.00
SCALF,4974.00
SALYERS,4974.00
RUHL,4974.00
ROWLETT,4974.00
ROBINETT,4974.00
PFISTER,4974.00
PERLMAN,4974.00
PEPE,4974.00
PARKMAN,4974.00
PARADISE,4974.00
OLIN,4974.00
NUNNALLY,4974.00
NORVELL,4974.00
NAPPER,4974.00
MODLIN,4974.00
MCKELLAR,4974.00
MCCLEAN,4974.00
MASCARENAS,4974.00
MANCHESTER,4974.00
LEIBOWITZ,4974.00
LEDEZMA,4974.00
KUHLMAN,4974.00
KOBAYASHI,4974.00
HUNLEY,4974.00
HOLMQUIST,4974.00
HINKLEY,4974.00
HAZARD,4974.00
HARTSELL,4974.00
GRIBBLE,4974.00
GRAVELY,4974.00
FIFIELD,4974.00
ELIASON,4974.00
DOCTOR,4974.00
DOAK,4974.00
CROSSLAND,4974.00
COVER,4974.00
CLAIR,4974.00
CARLETON,4974.00
BUTTERS,4974.00
BRIDGEMAN,4974.00
BOJORQUEZ,4974.00
BOGGESS,4974.00
BANKER,4974.00
AUTEN,4974.00
WOOSLEY,2487.00
WINE,2487.00
WHITELEY,2487.00
WEXLER,2487.00
TWOMEY,2487.00
TULLIS,2487.00
TOWNLEY,2487.00
TO,2487.00
STANDRIDGE,2487.00
STAMP,2487.00
SPRINGS,2487.00
SANTOYO,2487.00
RUEDA,2487.00
RIENDEAU,2487.00
REVELL,2487.00
PLESS,2487.00
OTTINGER,2487.00
NIGRO,2487.00
NICKLES,2487.00
MULVEY,2487.00
MENEFEE,2487.00
MCSHANE,2487.00
MCLOUGHLIN,2487.00
MCKINZIE,2487.00
MARROW,2487.00
MARKEY,2487.00
MARIANO,2487.00
LOCKRIDGE,2487.00
LIPSEY,2487.00
KNISLEY,2487.00
KNEPPER,2487.00
KITTS,2487.00
KIEL,2487.00
JINKS,2487.00
HATHCOCK,2487.00
GODIN,2487.00
GALLEGO,2487.00
FIKES,2487.00
FECTEAU,2487.00
ESTABROOK,2487.00
ELLINGER,2487.00
DUSTIN,2487.00
DUNLOP,2487.00
DUDEK,2487.00
DIEGO,2487.00
COUNTRYMAN,2487.00
CHAUVIN,2487.00
CHATHAM,2487.00
BULLINS,2487.00
BROWNFIELD,2487.00
BOUGHTON,2487.00
BLOODWORTH,2487.00
BIBB,2487.00
BAUCOM,2487.00
BARBIERI,2487.00
AUBIN,2487.00
ARMITAGE,2487.00
ALESSI,2487.00
ABSHER,2487.00
ABBATE,2487.00
ZITO,2487.00
WOOLERY,2487.00
WIGGS,2487.00
WACKER,2487.00
VIOLETTE,2487.00
TYNES,2487.00
TOLLE,2487.00
TELLES,2487.00
TARTER,2487.00
SWAREY,2487.00
STRODE,2487.00
STOCKDALE,2487.00
STELLA,2487.00
STALNAKER,2487.00
SPINA,2487.00
SCHIFF,2487.00
SAARI,2487.00
RISLEY,2487.00
READING,2487.00
RAMERIZ,2487.00
RAKES,2487.00
PETTAWAY,2487.00
PENNER,2487.00
PAULUS,2487.00
PALLADINO,2487.00
OMEARA,2487.00
MONTELONGO,2487.00
MELNICK,2487.00
MEHTA,2487.00
MCGARY,2487.00
MCCOURT,2487.00
MCCOLLOUGH,2487.00
MARCHETTI,2487.00
MANZANARES,2487.00
LOWTHER,2487.00
LEIVA,2487.00
LAUDERDALE,2487.00
LAFONTAINE,2487.00
KOWALCZYK,2487.00
KNIGHTON,2487.00
JOUBERT,2487.00
JAWORSKI,2487.00
IDE,2487.00
HUTH,2487.00
HURDLE,2487.00
HUNG,2487.00
HOUSLEY,2487.00
HACKMAN,2487.00
GULICK,2487.00
GORDY,2487.00
GILSTRAP,2487.00
GEHRKE,2487.00
GEBHART,2487.00
GAUDETTE,2487.00
FOXWORTH,2487.00
FINGER,2487.00
ESSEX,2487.00
ENDRES,2487.00
DUNKLE,2487.00
CLARE,2487.00
CIMINO,2487.00
CARDINAL,2487.00
CADDELL,2487.00
BRAUER,2487.00
BRALEY,2487.00
BODINE,2487.00
BLACKMORE,2487.00
BELDEN,2487.00
BACKER,2487.00
AYER,2487.00
ANDRESS,2487.00
ALVA,2487.00
WISNER,2487.00
WALK,2487.00
VUONG,2487.00
VALLIERE,2487.00
TWIGG,2487.00
TSO,2487.00
TAVAREZ,2487.00
STRAHAN,2487.00
STEIB,2487.00
STAUB,2487.00
SOWDER,2487.00
SHOULDERS,2487.00
SEIBER,2487.00
SCHUTT,2487.00
SCHARF,2487.00
SCHADE,2487.00
RODRIQUES,2487.00
RISINGER,2487.00
RENSHAW,2487.00
RATH,2487.00
RAHMAN,2487.00
PRESNELL,2487.00
PILLOW,2487.00
PIATT,2487.00
PASQUALE,2487.00
NIEMAN,2487.00
NICOL,2487.00
NEVINS,2487.00
MILFORD,2487.00
MCILWAIN,2487.00
MCGAHA,2487.00
MCCULLY,2487.00
MCCOMB,2487.00
MAYE,2487.00
MASSENGALE,2487.00
MACEDO,2487.00
LINES,2487.00
LESHER,2487.00
LELAND,2487.00
KEARSE,2487.00
JAUREGUI,2487.00
HUSTED,2487.00
HUDNALL,2487.00
HOLMBERG,2487.00
HERTEL,2487.00
HERSHEY,2487.00
HARDIE,2487.00
GLIDEWELL,2487.00
FRAUSTO,2487.00
FASSETT,2487.00
DASH,2487.00
DALESSANDRO,2487.00
DAHLGREN,2487.00
CORUM,2487.00
CONSTANTINO,2487.00
CONLIN,2487.00
COLQUITT,2487.00
COLOMBO,2487.00
CLAYCOMB,2487.00
CARLEY,2487.00
CARDIN,2487.00
CANCEL,2487.00
BULLER,2487.00
BORING,2487.00
BONEY,2487.00
BOCANEGRA,2487.00
BLAZER,2487.00
BIGGERS,2487.00
BENEDETTO,2487.00
ARAIZA,2487.00
ANDINO,2487.00
ALBIN,2487.00
ZORN,2487.00
WERTH,2487.00
WEISMAN,2487.00
WALLEY,2487.00
VANEGAS,2487.00
ULIBARRI,2487.00
TOWERS,2487.00
TOWE,2487.00
TEDFORD,2487.00
TEASLEY,2487.00
SUTTLE,2487.00
STEFFENS,2487.00
STCYR,2487.00
SQUIRE,2487.00
SMYTHE,2487.00
SINGLEY,2487.00
SIFUENTES,2487.00
SHUCK,2487.00
SESSION,2487.00
SCHRAM,2487.00
SASS,2487.00
RIEGER,2487.00
RIDENHOUR,2487.00
RICKERT,2487.00
RICHERSON,2487.00
RAYBORN,2487.00
RABE,2487.00
RAAB,2487.00
PENDLEY,2487.00
PASTORE,2487.00
ORDWAY,2487.00
MOYNIHAN,2487.00
MELLOTT,2487.00
MCKISSICK,2487.00
MCGANN,2487.00
MCCREADY,2487.00
MAUNEY,2487.00
MARRUFO,2487.00
LIST,2487.00
LENHART,2487.00
LAZAR,2487.00
LAFAVE,2487.00
KEELE,2487.00
KAUTZ,2487.00
JARDINE,2487.00
JAHNKE,2487.00
JACOBO,2487.00
HORD,2487.00
HARDCASTLE,2487.00
HAGEMAN,2487.00
GRIFFEY,2487.00
GIGLIO,2487.00
GEHRING,2487.00
FORTSON,2487.00
DUQUE,2487.00
DUPLESSIS,2487.00
DONNER,2487.00
DICKEN,2487.00
DEROSIER,2487.00
DEITZ,2487.00
DALESSIO,2487.00
CYRUS,2487.00
CRAM,2487.00
CHI,2487.00
CENTER,2487.00
CASTLEMAN,2487.00
CANDELARIO,2487.00
CALLISON,2487.00
CACERES,2487.00
BOZARTH,2487.00
BILES,2487.00
BEJARANO,2487.00
BEECH,2487.00
BASHAW,2487.00
AVINA,2487.00
ARMENTROUT,2487.00
ANGUS,2487.00
ALVEREZ,2487.00
ACORD,2487.00
ZACK,2487.00
WATERHOUSE,2487.00
VEREEN,2487.00
VANLANDINGHAM,2487.00
UHL,2487.00
STRAWSER,2487.00
SHOTWELL,2487.00
SEVERANCE,2487.00
SELTZER,2487.00
SCHOONMAKER,2487.00
SCHOCK,2487.00
SCHAUB,2487.00
SCHAFFNER,2487.00
ROEDER,2487.00
RODRIGEZ,2487.00
RIFFE,2487.00
RHINE,2487.00
RASBERRY,2487.00
RANCOURT,2487.00
RAILEY,2487.00
QUADE,2487.00
PURSLEY,2487.00
PROUTY,2487.00
PERDOMO,2487.00
OXLEY,2487.00
OSTERMAN,2487.00
NICKENS,2487.00
MURPHREE,2487.00
MOUNTS,2487.00
MONTE,2487.00
MERIDA,2487.00
MAUS,2487.00
MATTERN,2487.00
MASSE,2487.00
MARTINELLI,2487.00
MANGAN,2487.00
LUTES,2487.00
LUDWICK,2487.00
LONEY,2487.00
LAUREANO,2487.00
LASATER,2487.00
KNIGHTEN,2487.00
KISSINGER,2487.00
KIMSEY,2487.00
KESSINGER,2487.00
HONEA,2487.00
HOLLINGSHEAD,2487.00
HOCKETT,2487.00
HEYER,2487.00
HERON,2487.00
GURROLA,2487.00
GOVE,2487.00
GLASSCOCK,2487.00
GILLETT,2487.00
GALAN,2487.00
FEATHERSTONE,2487.00
ECKHARDT,2487.00
DURON,2487.00
DUNSON,2487.00
DASHER,2487.00
CULBRETH,2487.00
COWDEN,2487.00
COWANS,2487.00
CLAYPOOLE,2487.00
CHURCHWELL,2487.00
CHABOT,2487.00
CAVINESS,2487.00
CATER,2487.00
CASTON,2487.00
CALLAN,2487.00
BYINGTON,2487.00
BURKEY,2487.00
BODEN,2487.00
BECKFORD,2487.00
ATWATER,2487.00
ARMS,2487.00
ARCHAMBAULT,2487.00
ALVEY,2487.00
ALSUP,2487.00
YON,2487.00
WHISENANT,2487.00
WEESE,2487.00
VOYLES,2487.00
VERRET,2487.00
TSANG,2487.00
TESSIER,2487.00
SWEITZER,2487.00
SHERWIN,2487.00
SHAUGHNESSY,2487.00
REVIS,2487.00
REMY,2487.00
PRINE,2487.00
PHILPOTT,2487.00
PEAVY,2487.00
PAYNTER,2487.00
PARMENTER,2487.00
OVALLE,2487.00
OFFUTT,2487.00
NIGHTINGALE,2487.00
NEWLIN,2487.00
NAKANO,2487.00
MYATT,2487.00
MUTH,2487.00
MOHAN,2487.00
MCMILLON,2487.00
MCCARLEY,2487.00
MCCALEB,2487.00
MAXSON,2487.00
MARINELLI,2487.00
MALEY,2487.00
MACY,2487.00
LISTON,2487.00
LETENDRE,2487.00
KAIN,2487.00
HUNTSMAN,2487.00
HIRST,2487.00
HAGERTY,2487.00
GULLEDGE,2487.00
GREENWAY,2487.00
GRAJEDA,2487.00
GORTON,2487.00
GOINES,2487.00
GITTENS,2487.00
FREDERICKSON,2487.00
FANELLI,2487.00
EMBREE,2487.00
EICHELBERGER,2487.00
DUNKIN,2487.00
DULL,2487.00
DIXSON,2487.00
DILLOW,2487.00
DEFELICE,2487.00
CHUMLEY,2487.00
BURLEIGH,2487.00
BORKOWSKI,2487.00
BINETTE,2487.00
BIGGERSTAFF,2487.00
BERGLUND,2487.00
BELLER,2487.00
AUDET,2487.00
ARBUCKLE,2487.00
ALLAIN,2487.00
ALFANO,2487.00
ZANDER,2487.00
YOUNGMAN,2487.00
WITTMAN,2487.00
WEINTRAUB,2487.00
VANZANT,2487.00
VADEN,2487.00
TWITTY,2487.00
TRADER,2487.00
TOON,2487.00
TILL,2487.00
STOLLINGS,2487.00
STANDIFER,2487.00
SPINNER,2487.00
SINES,2487.00
SHOPE,2487.00
SCALISE,2487.00
SAVILLE,2487.00
ROMANS,2487.00
POSADA,2487.00
PISANO,2487.00
OTTE,2487.00
NOLASCO,2487.00
NAPOLI,2487.00
MIER,2487.00
MERKLE,2487.00
MENDIOLA,2487.00
MELCHER,2487.00
MEJIAS,2487.00
MCMURRY,2487.00
MCCALLA,2487.00
MARKOWITZ,2487.00
MARINE,2487.00
MANIS,2487.00
MALLETTE,2487.00
MACFARLANE,2487.00
LOUGH,2487.00
LOOPER,2487.00
LANDIN,2487.00
KITTLE,2487.00
KINSELLA,2487.00
KINNARD,2487.00
HOBART,2487.00
HERALD,2487.00
HELMAN,2487.00
HELLMAN,2487.00
HARTSOCK,2487.00
HALFORD,2487.00
HAGE,2487.00
GORDAN,2487.00
GLASSER,2487.00
GAYTON,2487.00
GATTIS,2487.00
GASTELUM,2487.00
GASPARD,2487.00
FRISCH,2487.00
FORCE,2487.00
FITZHUGH,2487.00
ECKSTEIN,2487.00
EBERLY,2487.00
DOWDEN,2487.00
DESPAIN,2487.00
CRUMPLER,2487.00
CROTTY,2487.00
CORNELISON,2487.00
COLLIN,2487.00
COLIN,2487.00
CHOUINARD,2487.00
CHAMNESS,2487.00
CATLIN,2487.00
CANN,2487.00
BUMGARDNER,2487.00
BUDDE,2487.00
BRANUM,2487.00
BRADFIELD,2487.00
MAUER,2487.00
MATTICE,2487.00
MASH,2487.00
MARRONE,2487.00
MARMOLEJO,2487.00
MARINI,2487.00
MARIE,2487.00
MARA,2487.00
MALM,2487.00
MACHEN,2487.00
LUNCEFORD,2487.00
LOEWEN,2487.00
LIVERMAN,2487.00
LITWIN,2487.00
LINSCOTT,2487.00
LEVINS,2487.00
LENOX,2487.00
LEGASPI,2487.00
LEEMAN,2487.00
LEAVY,2487.00
LANNON,2487.00
LAMSON,2487.00
LAMBDIN,2487.00
LABARRE,2487.00
KNOUSE,2487.00
KLEMM,2487.00
KLEINSCHMIDT,2487.00
KIRKLIN,2487.00
KEELS,2487.00
JULIANO,2487.00
HOWSER,2487.00
HOTT,2487.00
HOSIER,2487.00
HOSEA,2487.00
HOPWOOD,2487.00
HOLYFIELD,2487.00
HODNETT,2487.00
HIRSH,2487.00
HEIMANN,2487.00
HEIGHT,2487.00
HECKEL,2487.00
HARGER,2487.00
HAMIL,2487.00
HAJEK,2487.00
GURGANUS,2487.00
GUNNING,2487.00
GRANGE,2487.00
GONZALAS,2487.00
GOGGINS,2487.00
GEROW,2487.00
GAYDOS,2487.00
GARDUNO,2487.00
GANLEY,2487.00
GALEY,2487.00
FARNER,2487.00
ESTER,2487.00
ENGLES,2487.00
EMOND,2487.00
EMERT,2487.00
ELLENBURG,2487.00
EDICK,2487.00
DUELL,2487.00
DUBLIN,2487.00
DORAZIO,2487.00
DONG,2487.00
DIMOND,2487.00
DIEDERICH,2487.00
DEWALT,2487.00
DEPUY,2487.00
DEMPSTER,2487.00
DEMARIA,2487.00
DEHOYOS,2487.00
DEARTH,2487.00
DEALBA,2487.00
DANE,2487.00
CZECH,2487.00
CROSE,2487.00
CRESPIN,2487.00
COGDILL,2487.00
CLINARD,2487.00
CIPRIANO,2487.00
CHRETIEN,2487.00
CHALK,2487.00
CERNY,2487.00
CENICEROS,2487.00
CELESTIN,2487.00
CAPLE,2487.00
CACHO,2487.00
BURRILL,2487.00
BUHR,2487.00
BUCKLAND,2487.00
BRANAM,2487.00
BOYSEN,2487.00
BOVEE,2487.00
BOOS,2487.00
BOLER,2487.00
BLOM,2487.00
BLASKO,2487.00
BEYERS,2487.00
BELZ,2487.00
BELMONTE,2487.00
BEDNARZ,2487.00
BECKMANN,2487.00
BEAUDIN,2487.00
BAZILE,2487.00
BARBEAU,2487.00
BALENTINE,2487.00
ABRAHAMS,2487.00
ABLE,2487.00
ZIELKE,2487.00
YUNKER,2487.00
YEATES,2487.00
WROBEL,2487.00
WIKE,2487.00
WHISNANT,2487.00
WHERRY,2487.00
WAGNON,2487.00
VOGAN,2487.00
VANSANT,2487.00
VANNEST,2487.00
VALLO,2487.00
ULLERY,2487.00
TOWLES,2487.00
TOWELL,2487.00
TIGER,2487.00
THILL,2487.00
TAORMINA,2487.00
TANNEHILL,2487.00
TAING,2487.00
STORRS,2487.00
STICKLES,2487.00
STETLER,2487.00
SPARLING,2487.00
SOLT,2487.00
SILCOX,2487.00
SHEARD,2487.00
SHADLE,2487.00
SEMAN,2487.00
SELLECK,2487.00
SCHLEMMER,2487.00
SCHER,2487.00
SAPIEN,2487.00
SAINZ,2487.00
RUMBLE,2487.00
ROYE,2487.00
ROSAMOND,2487.00
ROMAIN,2487.00
RIZZUTO,2487.00
RESCH,2487.00
RENTZ,2487.00
RATHER,2487.00
RASCH,2487.00
RANIERI,2487.00
PURTELL,2487.00
PRIMMER,2487.00
PORTWOOD,2487.00
PONTIUS,2487.00
PONS,2487.00
PLETCHER,2487.00
PLEDGER,2487.00
PIRKLE,2487.00
PILLSBURY,2487.00
PENTECOST,2487.00
PENG,2487.00
PAXSON,2487.00
ORTEZ,2487.00
ORGAN,2487.00
OLES,2487.00
NEWBORN,2487.00
MULLETT,2487.00
MUIRHEAD,2487.00
MOUZON,2487.00
MORK,2487.00
MOLLETT,2487.00
MOHN,2487.00
MITCHAM,2487.00
MELILLO,2487.00
MEE,2487.00
MEDDERS,2487.00
MCMILLER,2487.00
MCCLEERY,2487.00
MCCAUGHEY,2487.00
MANDERS,2487.00
MAK,2487.00
MACIEJEWSKI,2487.00
MACAULAY,2487.00
LUTE,2487.00
LIPMAN,2487.00
LEWTER,2487.00
LAROCQUE,2487.00
LANGTON,2487.00
KRINER,2487.00
KNIPP,2487.00
KILLEEN,2487.00
KARN,2487.00
KALISH,2487.00
KACZOR,2487.00
JONSON,2487.00
JEREZ,2487.00
JARRARD,2487.00
JANDA,2487.00
HYMES,2487.00
HOLLMAN,2487.00
HOLLANDSWORTH,2487.00
HOLL,2487.00
HOBDY,2487.00
HITCH,2487.00
HENNEN,2487.00
HEMMER,2487.00
HAGINS,2487.00
HADDOX,2487.00
GUITIERREZ,2487.00
GUERNSEY,2487.00
GORSUCH,2487.00
GHOLSON,2487.00
GENOVA,2487.00
GAZAWAY,2487.00
GAUNA,2487.00
GAMMONS,2487.00
FREELS,2487.00
FONVILLE,2487.00
FLY,2487.00
FLORIAN,2487.00
FLEET,2487.00
FETTERMAN,2487.00
FAVA,2487.00
FARQUHAR,2487.00
FARISH,2487.00
FABELA,2487.00
ESCOTO,2487.00
EISEN,2487.00
DOSSETT,2487.00
DORITY,2487.00
DORFMAN,2487.00
DEMMER,2487.00
DEHN,2487.00
DAWLEY,2487.00
DARBONNE,2487.00
DAMORE,2487.00
DAMM,2487.00
CROSLEY,2487.00
CRON,2487.00
CROMPTON,2487.00
CRICHTON,2487.00
COTNER,2487.00
CORDON,2487.00
CONERLY,2487.00
COLVARD,2487.00
CLAUSON,2487.00
CHESS,2487.00
CHEESEMAN,2487.00
CHARITY,2487.00
CAVALLARO,2487.00
CASTILLE,2487.00
CABELLO,2487.00
BURGAN,2487.00
BUFFUM,2487.00
BRUSS,2487.00
BRASSFIELD,2487.00
BOWERMAN,2487.00
BOTHWELL,2487.00
BORGEN,2487.00
BONAPARTE,2487.00
BOMBARD,2487.00
BOIVIN,2487.00
BOISSONNEAULT,2487.00
BOGNER,2487.00
BODDEN,2487.00
BOAN,2487.00
BLANCHE,2487.00
BITTINGER,2487.00
BICKHAM,2487.00
BEDOLLA,2487.00
BALE,2487.00
BAINBRIDGE,2487.00
AYBAR,2487.00
AVENDANO,2487.00
ASHLOCK,2487.00
AMIDON,2487.00
ALMANZAR,2487.00
AKRIDGE,2487.00
ACKERMANN,2487.00
ZAGER,2487.00
YONG,2487.00
XAVIER,2487.00
WORRALL,2487.00
WINANS,2487.00
WILSEY,2487.00
WIGHTMAN,2487.00
WESTRICK,2487.00
WENNER,2487.00
WARNE,2487.00
WARFORD,2487.00
VERVILLE,2487.00
UTECHT,2487.00
UPSON,2487.00
TUMA,2487.00
TSENG,2487.00
TRONCOSO,2487.00
TROLLINGER,2487.00
TORBERT,2487.00
TAULBEE,2487.00
SUTTERFIELD,2487.00
STOUGH,2487.00
STORCH,2487.00
STONEBRAKER,2487.00
STOLLE,2487.00
STILSON,2487.00
STIEFEL,2487.00
STEPTOE,2487.00
STEPNEY,2487.00
STENDER,2487.00
STEMPLE,2487.00
STAGGERS,2487.00
SPURRIER,2487.00
SPRAY,2487.00
SPINNEY,2487.00
SPENGLER,2487.00
SMARTT,2487.00
SKOOG,2487.00
SILVIS,2487.00
SIEG,2487.00
SHUFORD,2487.00
SELFRIDGE,2487.00
SEGUIN,2487.00
SEDGWICK,2487.00
SEASE,2487.00
SCOTTI,2487.00
SCHROER,2487.00
SCHLENKER,2487.00
SCHILL,2487.00
SAVARESE,2487.00
SAPIENZA,2487.00
SANSON,2487.00
SANDEFUR,2487.00
SALAMONE,2487.00
RUSNAK,2487.00
RUDISILL,2487.00
ROYALTY,2487.00
ROTHERMEL,2487.00
ROCA,2487.00
RESENDIZ,2487.00
RELIFORD,2487.00
RASCO,2487.00
RAIFORD,2487.00
QUISENBERRY,2487.00
QUIJADA,2487.00
PULLINS,2487.00
PUCCIO,2487.00
POSTELL,2487.00
POPPE,2487.00
PINTER,2487.00
PICHE,2487.00
PETRUCCI,2487.00
PELLEGRIN,2487.00
PELAEZ,2487.00
PATTI,2487.00
PATON,2487.00
PASCO,2487.00
PARKES,2487.00
PADEN,2487.00
PABST,2487.00
ORCHARD,2487.00
OLMSTED,2487.00
NEWLON,2487.00
MYNATT,2487.00
MUSTAFA,2487.00
MOWER,2487.00
MORRONE,2487.00
MOREE,2487.00
MOFFAT,2487.00
MIXSON,2487.00
MINNER,2487.00
MIN,2487.00
MILLETTE,2487.00
MEDEROS,2487.00
MCGAHAN,2487.00
MCCONVILLE,2487.00
MAUGHAN,2487.00
MASSINGILL,2487.00
MARANO,2487.00
MACRI,2487.00
LOVERN,2487.00
LICHTENSTEIN,2487.00
LEONETTI,2487.00
LEHNER,2487.00
LAWLEY,2487.00
LARAMIE,2487.00
LAPPIN,2487.00
LAHTI,2487.00
LAGO,2487.00
LACAYO,2487.00
KUESTER,2487.00
KNEE,2487.00
KINCADE,2487.00
JUNIOR,2487.00
JUHL,2487.00
JOSLYN,2487.00
JIRON,2487.00
JESSOP,2487.00
JERRY,2487.00
JAROSZ,2487.00
JAIN,2487.00
HULTS,2487.00
HOGE,2487.00
HODGINS,2487.00
HOBAN,2487.00
HINKSON,2487.00
HILLYARD,2487.00
HERZIG,2487.00
HERVEY,2487.00
HENRIKSEN,2487.00
HAWKER,2487.00
HAUSE,2487.00
HARD,2487.00
HANKERSON,2487.00
GREGSON,2487.00
GOLLIDAY,2487.00
GILCREASE,2487.00
GESSNER,2487.00
GERACE,2487.00
GARWOOD,2487.00
GARST,2487.00
GAILLARD,2487.00
FLINCHUM,2487.00
FISHEL,2487.00
FISHBACK,2487.00
FILKINS,2487.00
FENTRESS,2487.00
FABRE,2487.00
ETHIER,2487.00
ESPANA,2487.00
EISNER,2487.00
EHRHART,2487.00
EFIRD,2487.00
DRENNON,2487.00
DOMINY,2487.00
DOMINIQUE,2487.00
DOMINGUE,2487.00
DIPAOLO,2487.00
DINAN,2487.00
DIMARTINO,2487.00
DESKINS,2487.00
DENGLER,2487.00
DEFREITAS,2487.00
DEFRANCO,2487.00
DANCER,2487.00
DAHLIN,2487.00
CUTSHAW,2487.00
CUTHBERT,2487.00
CROYLE,2487.00
CROTHERS,2487.00
CRITCHFIELD,2487.00
COWIE,2487.00
COSTNER,2487.00
COPPEDGE,2487.00
COPES,2487.00
CICCONE,2487.00
CHAMP,2487.00
CESAR,2487.00
CAUFIELD,2487.00
CAPO,2487.00
CAMBRON,2487.00
CAMBRIDGE,2487.00
BUSER,2487.00
BURNES,2487.00
BUHL,2487.00
BUENDIA,2487.00
BRINDLEY,2487.00
BRECHT,2487.00
BOURGOIN,2487.00
BOOMER,2487.00
BLACKSHIRE,2487.00
BIRGE,2487.00
BENNINGER,2487.00
BEMBRY,2487.00
BEIL,2487.00
BEGAYE,2487.00
BARRENTINE,2487.00
BARKS,2487.00
BANTON,2487.00
BALMER,2487.00
BAITY,2487.00
AUERBACH,2487.00
AMBLER,2487.00
ALEXANDRE,2487.00
ACKERSON,2487.00
ZURCHER,2487.00
ZELL,2487.00
WYNKOOP,2487.00
WALLICK,2487.00
WAID,2487.00
VOS,2487.00
VIZCAINO,2487.00
VESTER,2487.00
VEALE,2487.00
VANDERMARK,2487.00
VANDERFORD,2487.00
TUTHILL,2487.00
TRIVETTE,2487.00
THIESSEN,2487.00
TEWKSBURY,2487.00
TAO,2487.00
TABRON,2487.00
SWIM,2487.00
SWASEY,2487.00
SWANIGAN,2487.00
STOUGHTON,2487.00
STOUDT,2487.00
STIMSON,2487.00
STECKER,2487.00
STEAD,2487.00
STALL,2487.00
SPADY,2487.00
SOUTHER,2487.00
SMOAK,2487.00
SKLAR,2487.00
SIMCOX,2487.00
SIDWELL,2487.00
SHARON,2487.00
SEYBERT,2487.00
SESCO,2487.00
SEEMAN,2487.00
SEABORN,2487.00
SCHWENK,2487.00
SCHMELING,2487.00
ROSSIGNOL,2487.00
ROBILLARD,2487.00
ROBICHEAUX,2487.00
RIVERIA,2487.00
RIPPEON,2487.00
RIDGLEY,2487.00
REMALEY,2487.00
REHKOP,2487.00
REDDISH,2487.00
REACH,2487.00
RAUSCHER,2487.00
RACHEL,2487.00
QUIRION,2487.00
PUSEY,2487.00
PRUDEN,2487.00
PRESSLER,2487.00
POTVIN,2487.00
POSPISIL,2487.00
PARADISO,2487.00
PANGBURN,2487.00
PALMATEER,2487.00
OWNBY,2487.00
OTWELL,2487.00
OSTERBERG,2487.00
OSMOND,2487.00
OLSSON,2487.00
OLD,2487.00
OBERLANDER,2487.00
NUSBAUM,2487.00
NOVACK,2487.00
NOKES,2487.00
NICASTRO,2487.00
NEHLS,2487.00
NAY,2487.00
NABER,2487.00
MULHERN,2487.00
MOTTER,2487.00
MORETZ,2487.00
MILIAN,2487.00
MERCEDES,2487.00
MCKEEL,2487.00
MCCLAY,2487.00
MCCART,2487.00
MATSUDA,2487.00
MARY,2487.00
MARTUCCI,2487.00
MARPLE,2487.00
MARKO,2487.00
MARCINIAK,2487.00
MANES,2487.00
MANCIA,2487.00
MAKER,2487.00
MACRAE,2487.00
LYBARGER,2487.00
LINT,2487.00
LINEBERGER,2487.00
LEVINGSTON,2487.00
LECROY,2487.00
LATTIMER,2487.00
LASETER,2487.00
KULICK,2487.00
KRIER,2487.00
KNUTSEN,2487.00
KLEM,2487.00
KINNE,2487.00
KINKADE,2487.00
KETTERMAN,2487.00
KERSTETTER,2487.00
KERSTEN,2487.00
KARAM,2487.00
JURY,2487.00
JOSHI,2487.00
JIN,2487.00
JENT,2487.00
JEFCOAT,2487.00
HILLIER,2487.00
HILLHOUSE,2487.00
HETTINGER,2487.00
HENTHORN,2487.00
HENLINE,2487.00
HELZER,2487.00
HEITZMAN,2487.00
HEINEMAN,2487.00
HEENAN,2487.00
HAUGHTON,2487.00
HARIS,2487.00
HARBERT,2487.00
HAMAN,2487.00
GRINSTEAD,2487.00
GREMILLION,2487.00
GORBY,2487.00
GIRALDO,2487.00
GIOIA,2487.00
GERARDI,2487.00
GERAGHTY,2487.00
GAUNT,2487.00
GATSON,2487.00
GARDIN,2487.00
GANS,2487.00
GAMMILL,2487.00
GAMES,2487.00
GAIN,2487.00
FRIEDLANDER,2487.00
FRAHM,2487.00
FOSSETT,2487.00
FOSDICK,2487.00
FORTH,2487.00
FORBUSH,2487.00
FONDREN,2487.00
FLECKENSTEIN,2487.00
FITCHETT,2487.00
FILER,2487.00
FELIZ,2487.00
FEIST,2487.00
EWART,2487.00
EVELYN,2487.00
ESTERS,2487.00
ELSNER,2487.00
EDGIN,2487.00
EDDIE,2487.00
EASTERLY,2487.00
DUSSAULT,2487.00
DURAZO,2487.00
DON,2487.00
DEVEREAUX,2487.00
DESHOTEL,2487.00
DECKERT,2487.00
DARGAN,2487.00
DARE,2487.00
CORNMAN,2487.00
CONKLE,2487.00
CONDIT,2487.00
COMMANDER,2487.00
CLAUNCH,2487.00
CLABAUGH,2487.00
CHUTE,2487.00
CHEESMAN,2487.00
CHEA,2487.00
CHARNEY,2487.00
CHARLESTON,2487.00
CASELLA,2487.00
CARONE,2487.00
CARBONELL,2487.00
CANIPE,2487.00
CAMPANA,2487.00
CALLES,2487.00
CABEZAS,2487.00
CABELL,2487.00
BUTTRAM,2487.00
BUSTILLOS,2487.00
BUSKIRK,2487.00
BOYLAND,2487.00
BOURKE,2487.00
BLAKELEY,2487.00
BIG,2487.00
BERUMEN,2487.00
BERRIER,2487.00
BENCH,2487.00
BELLI,2487.00
BEHRENDT,2487.00
BAUMBACH,2487.00
BARTSCH,2487.00
BANEY,2487.00
ARAMBULA,2487.00
ALLDREDGE,2487.00
ALLBRITTON,2487.00
ZIEMBA,2487.00
ZANDERS,2487.00
YOUNGQUIST,2487.00
YOSHIOKA,2487.00
YOHE,2487.00
WUNDER,2487.00
WOODFIN,2487.00
WOJTOWICZ,2487.00
WINKEL,2487.00
WILMORE,2487.00
WILLBANKS,2487.00
WESOLOWSKI,2487.00
WENDLAND,2487.00
WALKO,2487.00
VOTAW,2487.00
VANEK,2487.00
URIARTE,2487.00
URBANO,2487.00
TURNIPSEED,2487.00
TRICHE,2487.00
TRAUTMAN,2487.00
TOWLER,2487.00
TOKARZ,2487.00
TEMPLES,2487.00
TEFFT,2487.00
TEEGARDEN,2487.00
SYED,2487.00
SWIGART,2487.00
STRYKER,2487.00
STOLLER,2487.00
STAPLER,2487.00
STANSFIELD,2487.00
SMIT,2487.00
SMELLEY,2487.00
SICARD,2487.00
SHULMAN,2487.00
SHEW,2487.00
SHEAR,2487.00
SHEAHAN,2487.00
SHARPTON,2487.00
SELVIDGE,2487.00
SCHLESINGER,2487.00
SAVELL,2487.00
SANDFORD,2487.00
SABATINO,2487.00
ROSENBLOOM,2487.00
ROEPKE,2487.00
RISH,2487.00
RHAMES,2487.00
RENKEN,2487.00
REGER,2487.00
RAPPAPORT,2487.00
QUARTERMAN,2487.00
PUIG,2487.00
PRASAD,2487.00
POPLAR,2487.00
PIZANO,2487.00
PIGOTT,2487.00
PICK,2487.00
PHAIR,2487.00
PETRICK,2487.00
PATT,2487.00
PASCUA,2487.00
PARAMORE,2487.00
PAPINEAU,2487.00
OLIVIERI,2487.00
OGREN,2487.00
NORDEN,2487.00
NOGA,2487.00
NISBET,2487.00
MUNK,2487.00
MUNCH,2487.00
MUI,2487.00
MORVANT,2487.00
MORO,2487.00
MOLONEY,2487.00
MERZ,2487.00
MENG,2487.00
MELTZER,2487.00
MELLINGER,2487.00
MEHL,2487.00
MCNEALY,2487.00
MCKERNAN,2487.00
MCHANEY,2487.00
MCCLESKEY,2487.00
MCANDREWS,2487.00
MAYTON,2487.00
MAYOR,2487.00
MARKERT,2487.00
MARESCA,2487.00
MARCELLUS,2487.00
MANER,2487.00
MANDUJANO,2487.00
MALPASS,2487.00
MACINTYRE,2487.00
LYTTON,2487.00
LYALL,2487.00
LUMMUS,2487.00
LONGSHORE,2487.00
LONGFELLOW,2487.00
LOKEY,2487.00
LOCHER,2487.00
LEVERETTE,2487.00
LEPE,2487.00
LEFEVER,2487.00
LEESON,2487.00
LEDERER,2487.00
LAMPERT,2487.00
LAGRONE,2487.00
LA,2487.00
KREIDER,2487.00
KORTH,2487.00
KNOPF,2487.00
KLEIST,2487.00
KISS,2487.00
KELTNER,2487.00
KELLING,2487.00
KASPAR,2487.00
KAPPLER,2487.00
JUSTIN,2487.00
JOSEPHS,2487.00
JIANG,2487.00
HUCKINS,2487.00
HORACE,2487.00
HOLUB,2487.00
HOFSTETTER,2487.00
HOEHN,2487.00
HIGGINSON,2487.00
HENNINGS,2487.00
HEID,2487.00
HAVEL,2487.00
HAUER,2487.00
HARNDEN,2487.00
HARGREAVES,2487.00
HANGER,2487.00
GUILD,2487.00
GUIDI,2487.00
GRATE,2487.00
GRANDY,2487.00
GRANDSTAFF,2487.00
GOZA,2487.00
GOODRIDGE,2487.00
GOODFELLOW,2487.00
GOGGANS,2487.00
GODLEY,2487.00
GIUSTI,2487.00
GILYARD,2487.00
GEOGHEGAN,2487.00
GALYON,2487.00
GAETA,2487.00
FUNES,2487.00
FONT,2487.00
FLOR,2487.00
FLANARY,2487.00
FALES,2487.00
ERLANDSON,2487.00
ELLETT,2487.00
ELIA,2487.00
EDINGER,2487.00
DZIEDZIC,2487.00
DUERR,2487.00
DRAUGHN,2487.00
DONOHO,2487.00
DIMATTEO,2487.00
DEVOS,2487.00
DEMATTEO,2487.00
DEGNAN,2487.00
DARLINGTON,2487.00
DANIS,2487.00
DAM,2487.00
DAHLSTROM,2487.00
DAHLKE,2487.00
CZAJKOWSKI,2487.00
CUMBIE,2487.00
CULBERT,2487.00
CROSIER,2487.00
CROLEY,2487.00
CORRY,2487.00
CLINGER,2487.00
CHESHIRE,2487.00
CHALKER,2487.00
CEPHAS,2487.00
CAYWOOD,2487.00
CAVALIER,2487.00
CAPEHART,2487.00
CALES,2487.00
CADIZ,2487.00
BUSSIERE,2487.00
BURRISS,2487.00
BURKART,2487.00
BRUNDIDGE,2487.00
BRONSTEIN,2487.00
BREEZE,2487.00
BRADT,2487.00
BOYDSTON,2487.00
BOSTROM,2487.00
BOREL,2487.00
BOLLES,2487.00
BLAY,2487.00
BLACKWELDER,2487.00
BISSETT,2487.00
BEVERS,2487.00
BESTER,2487.00
BERNARDINO,2487.00
BENEFIEL,2487.00
BELOTE,2487.00
BEEDLE,2487.00
BECKLES,2487.00
BAYSINGER,2487.00
BASSLER,2487.00
BARTEE,2487.00
BARLETT,2487.00
BARGAS,2487.00
BAREFIELD,2487.00
BAPTISTA,2487.00
ARTERBURN,2487.00
ARMAS,2487.00
APPERSON,2487.00
AMOROSO,2487.00
AMEDEE,2487.00
ZULLO,2487.00
ZELLNER,2487.00
YELTON,2487.00
WILLEMS,2487.00
WILKIN,2487.00
WIGGIN,2487.00
WIDMAN,2487.00
WELK,2487.00
WEINGARTEN,2487.00
WALLA,2487.00
VIERS,2487.00
VESS,2487.00
VERDI,2487.00
VEAZEY,2487.00
VANNOTE,2487.00
TULLOS,2487.00
TRUDELL,2487.00
TROWER,2487.00
TROSPER,2487.00
TRIMM,2487.00
TREW,2487.00
TOUSIGNANT,2487.00
TOPP,2487.00
TOCCO,2487.00
THORESON,2487.00
TERHUNE,2487.00
TATOM,2487.00
SUNIGA,2487.00
SUMTER,2487.00
STEEVES,2487.00
STANSELL,2487.00
SOLTIS,2487.00
SLOSS,2487.00
SLAVEN,2487.00
SING,2487.00
SHISLER,2487.00
SHERIFF,2487.00
SHANLEY,2487.00
SERVANTES,2487.00
SELDERS,2487.00
SEGREST,2487.00
SEESE,2487.00
SEEBER,2487.00
SCHAIBLE,2487.00
SAVALA,2487.00
SARTOR,2487.00
RUTT,2487.00
RUMBAUGH,2487.00
RUIS,2487.00
ROTEN,2487.00
ROESSLER,2487.00
RITENOUR,2487.00
RINEY,2487.00
RESTIVO,2487.00
RENE,2487.00
RENARD,2487.00
RAKESTRAW,2487.00
RAKE,2487.00
RACHAL,2487.00
QUIROS,2487.00
PULLIN,2487.00
PRUDHOMME,2487.00
PRIMEAUX,2487.00
PRESTRIDGE,2487.00
PRESSWOOD,2487.00
PONTE,2487.00
POLZIN,2487.00
POARCH,2487.00
PITTENGER,2487.00
PIGGOTT,2487.00
PICKELL,2487.00
PHANEUF,2487.00
PARVIN,2487.00
PARMLEY,2487.00
PALMERI,2487.00
PAISLEY,2487.00
OZMENT,2487.00
ORMOND,2487.00
ORDAZ,2487.00
ONO,2487.00
OLEA,2487.00
OBANION,2487.00
OAKMAN,2487.00
NOVICK,2487.00
NICKLAS,2487.00
NEMEC,2487.00
NAPPI,2487.00
MUND,2487.00
MORFIN,2487.00
MERA,2487.00
MELGOZA,2487.00
MELBY,2487.00
MCGOLDRICK,2487.00
MCELWAIN,2487.00
MCCHRISTIAN,2487.00
MCCAW,2487.00
MARQUART,2487.00
MARLATT,2487.00
MARKOVICH,2487.00
MAHR,2487.00
LUPTON,2487.00
LUCUS,2487.00
LORUSSO,2487.00
LERMAN,2487.00
LEDDY,2487.00
LEAMAN,2487.00
LEACHMAN,2487.00
LAVALLE,2487.00
LADUKE,2487.00
KUMMER,2487.00
KOURY,2487.00
KONOPKA,2487.00
KOH,2487.00
KOEPP,2487.00
KLOSS,2487.00
KLOCK,2487.00
KHALIL,2487.00
KERNAN,2487.00
KAPPEL,2487.00
JAKES,2487.00
INOUE,2487.00
HUTSELL,2487.00
HOWLE,2487.00
HONORE,2487.00
HOLE,2487.00
HOCKMAN,2487.00
HOCKADAY,2487.00
HILTZ,2487.00
HETHERINGTON,2487.00
HESSER,2487.00
HERSHMAN,2487.00
HENG,2487.00
HEFFRON,2487.00
HEADEN,2487.00
HASKETT,2487.00
HARTLINE,2487.00
HARNED,2487.00
GUILLEMETTE,2487.00
GUGLIELMO,2487.00
GUERCIO,2487.00
GREENBAUM,2487.00
GORIS,2487.00
GLINES,2487.00
GILMOUR,2487.00
GARDELLA,2487.00
GADD,2487.00
GABLER,2487.00
GABBERT,2487.00
FUSELIER,2487.00
FREUDENBURG,2487.00
FRAGOSO,2487.00
FOLLIS,2487.00
FLEMINGS,2487.00
FELTMAN,2487.00
FEBUS,2487.00
FARREN,2487.00
FALLIS,2487.00
EVERT,2487.00
EKSTROM,2487.00
EASTRIDGE,2487.00
DYCK,2487.00
DUFAULT,2487.00
DUBREUIL,2487.00
DRESSER,2487.00
DRAPEAU,2487.00
DOMINGUES,2487.00
DOLEZAL,2487.00
DINKEL,2487.00
DIDONATO,2487.00
DEVITT,2487.00
DEVANE,2487.00
DEMOTT,2487.00
DAUGHTREY,2487.00
DAUBERT,2487.00
DAS,2487.00
DARRELL,2487.00
CREASON,2487.00
CRARY,2487.00
COSTILLA,2487.00
CHIPPS,2487.00
CHEATWOOD,2487.00
CARMEAN,2487.00
CANTON,2487.00
CAFFREY,2487.00
BURGHER,2487.00
BUKER,2487.00
BRUNK,2487.00
BRODBECK,2487.00
BRANTNER,2487.00
BRANDY,2487.00
BOLIVAR,2487.00
BOERNER,2487.00
BODKIN,2487.00
BIEL,2487.00
BETTY,2487.00
BENCOMO,2487.00
BELLINO,2487.00
BELIVEAU,2487.00
BEAUVAIS,2487.00
BEAUPRE,2487.00
BAYLIS,2487.00
BASKETT,2487.00
BARCUS,2487.00
BARBERA,2487.00
BALTZ,2487.00
ASAY,2487.00
ARNEY,2487.00
ARCURI,2487.00
ANKNEY,2487.00
AGOSTINI,2487.00
ADDY,2487.00
ZWILLING,2487.00
ZUBIA,2487.00
ZOLLINGER,2487.00
ZEITZ,2487.00
YARD,2487.00
YANES,2487.00
WINSHIP,2487.00
WINNINGHAM,2487.00
WICKLINE,2487.00
WEBRE,2487.00
WADDINGTON,2487.00
VOSBURGH,2487.00
VESSELS,2487.00
VERRETT,2487.00
VEDDER,2487.00
VARNUM,2487.00
VANDEVENTER,2487.00
VACCA,2487.00
USRY,2487.00
TOWRY,2487.00
TOUCHET,2487.00
TOOKES,2487.00
TONKIN,2487.00
TIMKO,2487.00
TIBBITTS,2487.00
THEDFORD,2487.00
TARLETON,2487.00
TALTY,2487.00
TALAMANTEZ,2487.00
TAFOLLA,2487.00
SUGG,2487.00
STRECKER,2487.00
STIRLING,2487.00
STEFFAN,2487.00
SPIVA,2487.00
SLAPE,2487.00
SIEMENS,2487.00
SHATZER,2487.00
SEYLER,2487.00
SEAMANS,2487.00
SCHMALTZ,2487.00
SCHIPPER,2487.00
SASSO,2487.00
SAILOR,2487.00
RUPPE,2487.00
RUNNER,2487.00
ROYALS,2487.00
ROUDEBUSH,2487.00
RIPPLE,2487.00
RIEMER,2487.00
RICHARSON,2487.00
REVILLA,2487.00
REICHENBACH,2487.00
RATLEY,2487.00
RAILSBACK,2487.00
QUAYLE,2487.00
POPLIN,2487.00
POORMAN,2487.00
PONTON,2487.00
POLO,2487.00
POLLITT,2487.00
POITRAS,2487.00
PISCITELLI,2487.00
PIEDRA,2487.00
PICKLES,2487.00
PEW,2487.00
PERERA,2487.00
PEOPLE,2487.00
PENWELL,2487.00
PELT,2487.00
PAULINE,2487.00
PARKHILL,2487.00
PALADINO,2487.00
ORE,2487.00
ORAM,2487.00
OLMO,2487.00
OLIVERAS,2487.00
OLIVARRIA,2487.00
OGORMAN,2487.00
NEAR,2487.00
NARON,2487.00
NA,2487.00
MUNCIE,2487.00
MOWBRAY,2487.00
MORONES,2487.00
MORETTI,2487.00
MONN,2487.00
MITTS,2487.00
MINKS,2487.00
MINARIK,2487.00
MIMMS,2487.00
MILLIRON,2487.00
MILLINGTON,2487.00
MILLHOUSE,2487.00
MESSERSMITH,2487.00
MCNETT,2487.00
MCKINSTRY,2487.00
MCGEORGE,2487.00
MCDILL,2487.00
MCATEER,2487.00
MAZZEO,2487.00
MATCHETT,2487.00
MAHOOD,2487.00
MABERY,2487.00
LUNDELL,2487.00
LOUDEN,2487.00
LOSOYA,2487.00
LISK,2487.00
LEZAMA,2487.00
LEIB,2487.00
LEBO,2487.00
LANOUE,2487.00
LANFORD,2487.00
LAFORTUNE,2487.00
KUMP,2487.00
KRONE,2487.00
KREPS,2487.00
KOTT,2487.00
KOPECKY,2487.00
KOLODZIEJ,2487.00
KNUCKLES,2487.00
KINMAN,2487.00
KIMMONS,2487.00
KELTY,2487.00
KASTER,2487.00
KARLSON,2487.00
KANIA,2487.00
JULES,2487.00
JOYAL,2487.00
JOB,2487.00
JENNER,2487.00
JASINSKI,2487.00
JANDREAU,2487.00
ISENHOUR,2487.00
HUNZIKER,2487.00
HUHN,2487.00
HOUDE,2487.00
HOUCHINS,2487.00
HOLTMAN,2487.00
HODO,2487.00
HEYMAN,2487.00
HENTGES,2487.00
HEDBERG,2487.00
HAYNE,2487.00
HAYCRAFT,2487.00
HARSHBARGER,2487.00
HARSHAW,2487.00
HARRISS,2487.00
HARING,2487.00
HANSELL,2487.00
HANFORD,2487.00
HANDLER,2487.00
HAMBURG,2487.00
HAMBLEN,2487.00
GUNNELL,2487.00
GROAT,2487.00
GORECKI,2487.00
GOCHENOUR,2487.00
GLEESON,2487.00
GENEST,2487.00
GEISER,2487.00
GABRIELE,2487.00
FULGHUM,2487.00
FRIESE,2487.00
FRIDLEY,2487.00
FREEBORN,2487.00
FRAILEY,2487.00
FLAUGHER,2487.00
FIALA,2487.00
ETTINGER,2487.00
ETHEREDGE,2487.00
ESPITIA,2487.00
ERIKSEN,2487.00
ENGELBRECHT,2487.00
ENGEBRETSON,2487.00
ELIE,2487.00
EICKHOFF,2487.00
EDNEY,2487.00
EDELEN,2487.00
EBERHARD,2487.00
EASTIN,2487.00
EAKES,2487.00
DRIGGS,2487.00
DONER,2487.00
DONAGHY,2487.00
DISALVO,2487.00
DESHONG,2487.00
DAHMS,2487.00
DAHLQUIST,2487.00
CURREN,2487.00
CRIPE,2487.00
CREE,2487.00
CREAGER,2487.00
CORLE,2487.00
CONATSER,2487.00
COMMONS,2487.00
COGGIN,2487.00
CODER,2487.00
COAXUM,2487.00
CLOSSON,2487.00
CLODFELTER,2487.00
CLASSEN,2487.00
CHITTENDEN,2487.00
CASTILLEJA,2487.00
CASALE,2487.00
CARTEE,2487.00
CARRIERE,2487.00
CANUP,2487.00
CANIZALES,2487.00
BURGOON,2487.00
BUNGER,2487.00
BUGARIN,2487.00
BUCHANON,2487.00
BRUNING,2487.00
BRUCK,2487.00
BROOKES,2487.00
BROADWELL,2487.00
BRIER,2487.00
BREKKE,2487.00
BREESE,2487.00
BRACERO,2487.00
BOWLEY,2487.00
BOWERSOX,2487.00
BOSE,2487.00
BOGAR,2487.00
BLOSSOM,2487.00
BLAUSER,2487.00
BLACKER,2487.00
BJORKLUND,2487.00
BELAIR,2487.00
BAUMER,2487.00
BASLER,2487.00
BARB,2487.00
BALTIMORE,2487.00
BAIZE,2487.00
BADEN,2487.00
AUMAN,2487.00
AMUNDSEN,2487.00
AMORE,2487.00
ALVARENGA,2487.00
ADAN,2487.00
ADAMCZYK,2487.00
YERKES,2487.00
YERBY,2487.00
YAWN,2487.00
YAMAGUCHI,2487.00
WORTHEY,2487.00
WOLK,2487.00
WIXOM,2487.00
WIERSMA,2487.00
WIECZOREK,2487.00
WHIDDON,2487.00
WEYER,2487.00
WETHERINGTON,2487.00
WEIN,2487.00
WATCHMAN,2487.00
WARF,2487.00
WANSLEY,2487.00
VESELY,2487.00
VELAZCO,2487.00
VANNORMAN,2487.00
VALASQUEZ,2487.00
UTZ,2487.00
URSO,2487.00
TURCO,2487.00
TURBEVILLE,2487.00
TRIVETT,2487.00
TORRANCE,2487.00
TOOTHAKER,2487.00
TOOHEY,2487.00
TONDREAU,2487.00
THALER,2487.00
SYLVAIN,2487.00
SWINDLER,2487.00
SWIGERT,2487.00
SWIDER,2487.00
STINER,2487.00
STEVER,2487.00
STEFFES,2487.00
STAMPLEY,2487.00
STAIR,2487.00
SMIDT,2487.00
SKEETE,2487.00
SILVESTRE,2487.00
SHY,2487.00
SHUTTS,2487.00
SHOCK,2487.00
SHEALEY,2487.00
SEIGLER,2487.00
SCHWEIZER,2487.00
SCHULDT,2487.00
SCHLICHTING,2487.00
SCHERR,2487.00
SAULSBERRY,2487.00
SANER,2487.00
ROSIN,2487.00
ROSATO,2487.00
ROLING,2487.00
ROHN,2487.00
RIX,2487.00
RISTER,2487.00
REMLEY,2487.00
REMICK,2487.00
RECINOS,2487.00
RAMM,2487.00
RAABE,2487.00
PURSELL,2487.00
POYTHRESS,2487.00
POLI,2487.00
POKORNY,2487.00
PLUM,2487.00
PETTRY,2487.00
PETREY,2487.00
PETITT,2487.00
PENMAN,2487.00
PAYSON,2487.00
PAQUET,2487.00
PAPPALARDO,2487.00
OUTLAND,2487.00
OSCAR,2487.00
ORENSTEIN,2487.00
NUTTALL,2487.00
NUCKOLS,2487.00
NOTT,2487.00
NIMMO,2487.00
MURTAGH,2487.00
MOUSSEAU,2487.00
MOULDER,2487.00
MOONEYHAN,2487.00
MOAK,2487.00
MINCH,2487.00
MIERA,2487.00
MERCURI,2487.00
MEIGHAN,2487.00
MCNELLY,2487.00
MCGUFFIN,2487.00
MCCREERY,2487.00
MCCLASKEY,2487.00
MAN,2487.00
MAINOR,2487.00
LUONGO,2487.00
LUNDSTROM,2487.00
LOUGHMAN,2487.00
LOOSE,2487.00
LOBO,2487.00
LOBB,2487.00
LINHART,2487.00
LIBERTY,2487.00
LEVER,2487.00
LEU,2487.00
LEITER,2487.00
LEHOUX,2487.00
LEHN,2487.00
LARES,2487.00
LAPAN,2487.00
LANGHORNE,2487.00
LAMON,2487.00
LADWIG,2487.00
LADSON,2487.00
KUZMA,2487.00
KREITZER,2487.00
KNOP,2487.00
KEECH,2487.00
KEA,2487.00
KADLEC,2487.00
JO,2487.00
JHONSON,2487.00
JANTZ,2487.00
INGLIS,2487.00
HUSK,2487.00
HULME,2487.00
HOUSEL,2487.00
HOFMAN,2487.00
HILLERY,2487.00
HEIDENREICH,2487.00
HEAPS,2487.00
HASLETT,2487.00
HARTING,2487.00
HARTIG,2487.00
HAMLER,2487.00
HALTON,2487.00
HALLUM,2487.00
GUTIERRES,2487.00
GUIDA,2487.00
GUERRIER,2487.00
GROSSI,2487.00
GRESS,2487.00
GREENHALGH,2487.00
GRAVELLE,2487.00
GOW,2487.00
GOSLIN,2487.00
GONYEA,2487.00
GIPE,2487.00
GERSTNER,2487.00
GASSER,2487.00
GARCEAU,2487.00
GANNAWAY,2487.00
GAMA,2487.00
GALLOP,2487.00
GAISER,2487.00
FULLILOVE,2487.00
FOUTZ,2487.00
FOSSUM,2487.00
FLANNAGAN,2487.00
FARRIOR,2487.00
FALLER,2487.00
ERICKSEN,2487.00
ENTREKIN,2487.00
ENOCHS,2487.00
ENGLUND,2487.00
ELLENBERGER,2487.00
EASTLAND,2487.00
EARWOOD,2487.00
DUDASH,2487.00
DU,2487.00
DROZD,2487.00
DESOTO,2487.00
DELPH,2487.00
DEKKER,2487.00
DEJOHN,2487.00
DEGARMO,2487.00
DEFEO,2487.00
DEFALCO,2487.00
DEBLOIS,2487.00
DACUS,2487.00
CUDD,2487.00
CROSSEN,2487.00
CROOMS,2487.00
CRONAN,2487.00
COSTIN,2487.00
COSTANZA,2487.00
CORDRAY,2487.00
COMERFORD,2487.00
COLLIE,2487.00
COLEGROVE,2487.00
COLDWELL,2487.00
CLAASSEN,2487.00
CHARTRAND,2487.00
CASTIGLIONE,2487.00
CARTE,2487.00
CARDELLA,2487.00
CARBERRY,2487.00
CAPP,2487.00
CAPOBIANCO,2487.00
CANGELOSI,2487.00
BUCH,2487.00
BRUNELL,2487.00
BRUCKER,2487.00
BROCKETT,2487.00
BRIZENDINE,2487.00
BRINEGAR,2487.00
BRIMER,2487.00
BRASE,2487.00
BOSQUE,2487.00
BONK,2487.00
BOLGER,2487.00
BOHANON,2487.00
BOHAN,2487.00
BLAZEK,2487.00
BERNING,2487.00
BERGAN,2487.00
BENNETTE,2487.00
BEAUCHEMIN,2487.00
BATTISTE,2487.00
BARRA,2487.00
BALOGH,2487.00
AVIS,2487.00
AVALLONE,2487.00
AUBRY,2487.00
ASHCROFT,2487.00
ASENCIO,2487.00
ARLEDGE,2487.00
ANCHONDO,2487.00
AMY,2487.00
ALVORD,2487.00
ACHESON,2487.00
ZALESKI,2487.00
YONKER,2487.00
WYSS,2487.00
WYCOFF,2487.00
WOODBURN,2487.00
WININGER,2487.00
WINDERS,2487.00
WILLMON,2487.00
WIECHMANN,2487.00
WESTLEY,2487.00
WEATHERHOLT,2487.00
WARNICK,2487.00
WARDLE,2487.00
WARBURTON,2487.00
VOLKERT,2487.00
VIRGIN,2487.00
VILLANVEVA,2487.00
VEIT,2487.00
VASS,2487.00
VANALLEN,2487.00
TUNG,2487.00
TORIBIO,2487.00
TOOTHMAN,2487.00
TIGGS,2487.00
THORNSBERRY,2487.00
THOME,2487.00
TEPPER,2487.00
TEEPLE,2487.00
TEBO,2487.00
TASSONE,2487.00
TANN,2487.00
SULTAN,2487.00
STUCKER,2487.00
STOTLER,2487.00
STONEMAN,2487.00
STEHLE,2487.00
STANBACK,2487.00
STALLCUP,2487.00
SPURR,2487.00
SPEERS,2487.00
SPADA,2487.00
SOLUM,2487.00
SMOLEN,2487.00
SINN,2487.00
SILVERNAIL,2487.00
SHOLES,2487.00
SHIVES,2487.00
SHAIN,2487.00
SECREST,2487.00
SEAGLE,2487.00
SCHUETTE,2487.00
SCHOCH,2487.00
SCHNIEDERS,2487.00
SCHILD,2487.00
SCHIAVONE,2487.00
SCHIAVO,2487.00
SCHARFF,2487.00
SANTEE,2487.00
SANDELL,2487.00
SALVO,2487.00
ROLLINGS,2487.00
ROLLIN,2487.00
RIVENBURG,2487.00
RITZMAN,2487.00
RIST,2487.00
RIO,2487.00
RICARDO,2487.00
REYNOSA,2487.00
RETANA,2487.00
REIBER,2487.00
REGNIER,2487.00
RARICK,2487.00
RANSOME,2487.00
RALL,2487.00
PROPES,2487.00
PRALL,2487.00
POYNER,2487.00
PONDS,2487.00
POITRA,2487.00
PLASTER,2487.00
PIPPINS,2487.00
PINION,2487.00
PICCOLO,2487.00
PHU,2487.00
PERILLO,2487.00
PENROSE,2487.00
PENDERGRAFT,2487.00
PELCHAT,2487.00
PEED,2487.00
PATENAUDE,2487.00
PALKO,2487.00
ODOMS,2487.00
ODDO,2487.00
NOVOA,2487.00
NOONE,2487.00
NEWBURN,2487.00
NEGRI,2487.00
NANTZ,2487.00
MOSSER,2487.00
MOSHIER,2487.00
MOLTER,2487.00
MOLINARI,2487.00
MOLER,2487.00
MILLMAN,2487.00
MEURER,2487.00
MENDEL,2487.00
MCRAY,2487.00
MCNICHOLAS,2487.00
MCNERNEY,2487.00
MCKILLIP,2487.00
MCILVAIN,2487.00
MCADORY,2487.00
MATTER,2487.00
MASTER,2487.00
MARMOL,2487.00
MARINEZ,2487.00
MANZER,2487.00
MANKIN,2487.00
MAKRIS,2487.00
MAJESKI,2487.00
MAGNUS,2487.00
MAFFEI,2487.00
LUOMA,2487.00
LUMAN,2487.00
LUEBKE,2487.00
LUBY,2487.00
LOMONACO,2487.00
LOAR,2487.00
LITCHFORD,2487.00
LINTZ,2487.00
LICHT,2487.00
LEVENSON,2487.00
LEGGE,2487.00
LAUGHTER,2487.00
LANIGAN,2487.00
KROM,2487.00
KREGER,2487.00
KOOP,2487.00
KOBER,2487.00
KLIMA,2487.00
KITTERMAN,2487.00
KINKEAD,2487.00
KIMBELL,2487.00
KILIAN,2487.00
KIBBE,2487.00
KENDIG,2487.00
KEMMER,2487.00
KASH,2487.00
JENKIN,2487.00
INNISS,2487.00
HURLBUT,2487.00
HUNSUCKER,2487.00
HUGO,2487.00
HUCKABEE,2487.00
HOXIE,2487.00
HOGLUND,2487.00
HOCKENSMITH,2487.00
HOADLEY,2487.00
HINKEL,2487.00
HIGUERA,2487.00
HERRMAN,2487.00
HEINER,2487.00
HAUSMANN,2487.00
HAUBRICH,2487.00
HASSEN,2487.00
HANLIN,2487.00
HALLINAN,2487.00
HAGLUND,2487.00
HAGBERG,2487.00
GULLO,2487.00
GULLION,2487.00
GRONER,2487.00
GREENWALT,2487.00
GRAND,2487.00
GOODWILL,2487.00
GONG,2487.00
GOBERT,2487.00
GLOWACKI,2487.00
GLESSNER,2487.00
GINES,2487.00
GILDERSLEEVE,2487.00
GILDEA,2487.00
GERKE,2487.00
GERHARD,2487.00
GEBHARD,2487.00
GATTON,2487.00
GATELY,2487.00
GALASSO,2487.00
FRALICK,2487.00
FOUSE,2487.00
FLUHARTY,2487.00
FAUCETTE,2487.00
FAIRFAX,2487.00
EVANOFF,2487.00
ELSER,2487.00
ELLARD,2487.00
EGERTON,2487.00
EDIE,2487.00
ECTOR,2487.00
EBLING,2487.00
DUNKEL,2487.00
DUHART,2487.00
DRYSDALE,2487.00
DOSTAL,2487.00
DOREY,2487.00
DOLPH,2487.00
DOLES,2487.00
DISMUKES,2487.00
DIGREGORIO,2487.00
DIGBY,2487.00
DEWEES,2487.00
DERAMUS,2487.00
DENNISTON,2487.00
DENNETT,2487.00
DELONEY,2487.00
DELAUGHTER,2487.00
DARCY,2487.00
CUNEO,2487.00
CUMBERLAND,2487.00
CROTTS,2487.00
CROSSWHITE,2487.00
CREMEANS,2487.00
CREASEY,2487.00
COTTMAN,2487.00
COTHERN,2487.00
COSTALES,2487.00
COSNER,2487.00
CORPUS,2487.00
CORA,2487.00
CONSTABLE,2487.00
COLLIGAN,2487.00
COBBLE,2487.00
CLUTTER,2487.00
CHUPP,2487.00
CHEVEZ,2487.00
CHATMON,2487.00
CHAIRES,2487.00
CAPLAN,2487.00
CAFFEE,2487.00
CABANA,2487.00
BURROUGH,2487.00
BURDITT,2487.00
BUCKLER,2487.00
BRUNSWICK,2487.00
BROUILLARD,2487.00
BROADY,2487.00
BOWLBY,2487.00
BOULEY,2487.00
BORGMAN,2487.00
BOLTZ,2487.00
BODDY,2487.00
BLACKSTON,2487.00
BIRDSELL,2487.00
BEDGOOD,2487.00
BATE,2487.00
BASIL,2487.00
BARTOS,2487.00
BARRIGA,2487.00
BARRIE,2487.00
BARNA,2487.00
BARCENAS,2487.00
BANACH,2487.00
BACCUS,2487.00
AUCLAIR,2487.00
ASHMAN,2487.00
ARTER,2487.00
ARENDT,2487.00
ANSELL,2487.00
ALLUMS,2487.00
ALLSOP,2487.00
ALLENDER,2487.00
ALBER,2487.00
ALBARRAN,2487.00
ADELSON,2487.00
ZOLL,2487.00
WYSONG,2487.00
WIMBLEY,2487.00
WILDES,2487.00
WHITIS,2487.00
WHITEHILL,2487.00
WHICKER,2487.00
WEYMOUTH,2487.00
WELL,2487.00
WELDY,2487.00
WARK,2487.00
WAREHAM,2487.00
WADDY,2487.00
VIVEIROS,2487.00
VITO,2487.00
VIDES,2487.00
VECCHIO,2487.00
VATH,2487.00
VANDOREN,2487.00
VANDERHOOF,2487.00
UNREIN,2487.00
UECKER,2487.00
TSAN,2487.00
TREPANIER,2487.00
TREGRE,2487.00
TORKELSON,2487.00
TON,2487.00
TOBLER,2487.00
TINEO,2487.00
TIMMER,2487.00
SWOPES,2487.00
SWOFFORD,2487.00
SWEETEN,2487.00
SWARTS,2487.00
SUMMERFIELD,2487.00
SUMLER,2487.00
STUCKY,2487.00
STROZIER,2487.00
STIGALL,2487.00
STICKEL,2487.00
STENNIS,2487.00
STELZER,2487.00
STEELY,2487.00
SOLAR,2487.00
SLAYDEN,2487.00
SKILLERN,2487.00
SHURTZ,2487.00
SHELOR,2487.00
SHELLENBARGER,2487.00
SHAND,2487.00
SHABAZZ,2487.00
SEO,2487.00
SCROGGS,2487.00
SCHWANDT,2487.00
SCHRECENGOST,2487.00
SCHOENROCK,2487.00
SCHIRMER,2487.00
SANDRIDGE,2487.00
RUZICKA,2487.00
ROZEK,2487.00
ROWLANDS,2487.00
ROSER,2487.00
ROSENDAHL,2487.00
ROMANOWSKI,2487.00
ROMAINE,2487.00
ROLSTON,2487.00
RINK,2487.00
RIGGIO,2487.00
REICHMAN,2487.00
REDONDO,2487.00
REAY,2487.00
RAWLINSON,2487.00
RASKIN,2487.00
RAINE,2487.00
QUANDT,2487.00
PURPURA,2487.00
PURDUE,2487.00
PRUNEDA,2487.00
PREVATTE,2487.00
PRETTYMAN,2487.00
PINEDO,2487.00
PIERRO,2487.00
PIDGEON,2487.00
PHILLIPPI,2487.00
PFEIL,2487.00
PENIX,2487.00
PEASLEY,2487.00
PARO,2487.00
OVERALL,2487.00
OSPINA,2487.00
ORTEGON,2487.00
OGATA,2487.00
OGARA,2487.00
NORMANDIN,2487.00
NORDMAN,2487.00
NIMS,2487.00
NASSAR,2487.00
MOTZ,2487.00
MORLAN,2487.00
MOORING,2487.00
MOLES,2487.00
MOIR,2487.00
MIZRAHI,2487.00
MIRE,2487.00
MINAYA,2487.00
MILLWOOD,2487.00
MIKULA,2487.00
MESSMER,2487.00
MEIKLE,2487.00
MCTAGGART,2487.00
MCGONAGLE,2487.00
MCEWAN,2487.00
MCCASLAND,2487.00
MCCANE,2487.00
MCCAFFERY,2487.00
MCALEXANDER,2487.00
MATTOCKS,2487.00
MATTIE,2487.00
MATRANGA,2487.00
MARTONE,2487.00
MARKLAND,2487.00
MARAVILLA,2487.00
MANNO,2487.00
MANLY,2487.00
MANCHA,2487.00
MALLERY,2487.00
MAGNO,2487.00
LORENTZ,2487.00
LOCKLIN,2487.00
LIVINGSTONE,2487.00
LIPFORD,2487.00
LININGER,2487.00
LINE,2487.00
LIAO,2487.00
LEPLEY,2487.00
LEMING,2487.00
LEMELIN,2487.00
LEADBETTER,2487.00
LAWHON,2487.00
LATTIN,2487.00
LANGWORTHY,2487.00
LAMPMAN,2487.00
LAMBETH,2487.00
LAMARR,2487.00
LAHEY,2487.00
KRAJEWSKI,2487.00
KLOPP,2487.00
KINNISON,2487.00
KESTNER,2487.00
KERRY,2487.00
KENNELL,2487.00
KARIM,2487.00
JOZWIAK,2487.00
JAKUBOWSKI,2487.00
JAGGER,2487.00
IVERY,2487.00
ISHMAEL,2487.00
ILIFF,2487.00
IDDINGS,2487.00
HUDKINS,2487.00
HOUSEMAN,2487.00
HOLZ,2487.00
HOLDERMAN,2487.00
HOEHNE,2487.00
HIGHFILL,2487.00
HIETT,2487.00
HESKETT,2487.00
HELDT,2487.00
HEDMAN,2487.00
HAYSLETT,2487.00
HATCHELL,2487.00
HASSE,2487.00
HAMON,2487.00
HAMADA,2487.00
HAKALA,2487.00
HAISLIP,2487.00
HAFFEY,2487.00
HACKBARTH,2487.00
GUO,2487.00
GULLICKSON,2487.00
GUERRETTE,2487.00
GUAN,2487.00
GREENBLATT,2487.00
GOUDREAU,2487.00
GONGORA,2487.00
GODBOUT,2487.00
GLAUDE,2487.00
GILLS,2487.00
GILLISON,2487.00
GIGLIOTTI,2487.00
GARGANO,2487.00
GALLUCCI,2487.00
GALLI,2487.00
GALANTE,2487.00
FRASURE,2487.00
FODOR,2487.00
FIZER,2487.00
FISHBURN,2487.00
FINKBEINER,2487.00
FINCK,2487.00
FAGER,2487.00
ESTEY,2487.00
ESPIRITU,2487.00
EPPINGER,2487.00
EPPERLY,2487.00
EMIG,2487.00
ECKLEY,2487.00
DRAY,2487.00
DORSCH,2487.00
DILLE,2487.00
DEVITA,2487.00
DESLAURIERS,2487.00
DEMERY,2487.00
DELORME,2487.00
DELBOSQUE,2487.00
DAUPHIN,2487.00
DANTONIO,2487.00
CURD,2487.00
CRUME,2487.00
CROWN,2487.00
COZAD,2487.00
COSSETTE,2487.00
COMACHO,2487.00
CLIMER,2487.00
CHADBOURNE,2487.00
CESPEDES,2487.00
CAYTON,2487.00
CASTALDO,2487.00
CARPINO,2487.00
CARLS,2487.00
CAPOZZI,2487.00
CANELA,2487.00
CADET,2487.00
BUZARD,2487.00
BUSICK,2487.00
BURLISON,2487.00
BRINKMANN,2487.00
BRIDGEFORTH,2487.00
BOURBEAU,2487.00
BORNSTEIN,2487.00
BOOTS,2487.00
BONFIGLIO,2487.00
BOICE,2487.00
BOESE,2487.00
BIONDI,2487.00
BILSKI,2487.00
BETTON,2487.00
BERWICK,2487.00
BERLANGA,2487.00
BEHAN,2487.00
BECRAFT,2487.00
BARRIENTEZ,2487.00
BANH,2487.00
BALKE,2487.00
BALDERRAMA,2487.00
BAHE,2487.00
BACHAND,2487.00
ATLAS,2487.00
ARMER,2487.00
ARCEO,2487.00
ALIFF,2487.00
ALATORRE,2487.00
ZERMENO,2487.00
ZANE,2487.00
YOUNCE,2487.00
YOU,2487.00
YEOMAN,2487.00
YAMASAKI,2487.00
WROTEN,2487.00
WORM,2487.00
WOODBY,2487.00
WINER,2487.00
WILMER,2487.00
WILLITS,2487.00
WILCOXON,2487.00
WEHMEYER,2487.00
WATERBURY,2487.00
WASS,2487.00
WANN,2487.00
WAKE,2487.00
WACHTEL,2487.00
VIZCARRA,2487.00
VINCE,2487.00
VICTORY,2487.00
VEITCH,2487.00
VANDERBILT,2487.00
VALLONE,2487.00
VALLERY,2487.00
URENO,2487.00
TYER,2487.00
TIPPS,2487.00
TIEDEMAN,2487.00
THEBERGE,2487.00
TEXEIRA,2487.00
TAUB,2487.00
TAPSCOTT,2487.00
STUTTS,2487.00
STULTS,2487.00
STUKES,2487.00
STAFF,2487.00
SPINK,2487.00
SOTTILE,2487.00
SMITHWICK,2487.00
SLANE,2487.00
SIMEONE,2487.00
SILVESTER,2487.00
SIEGRIST,2487.00
SHIFFER,2487.00
SHEEDY,2487.00
SHEAFFER,2487.00
SEVERIN,2487.00
SELLMAN,2487.00
SCOTTO,2487.00
SCHUPP,2487.00
SCHUELLER,2487.00
SCHREIER,2487.00
SCHOOLCRAFT,2487.00
SCHOENBERGER,2487.00
SCHNABEL,2487.00
SANGSTER,2487.00
SAMFORD,2487.00
SALIBA,2487.00
RYLES,2487.00
RYANS,2487.00
ROSSETTI,2487.00
RODRIGUZ,2487.00
RISCH,2487.00
RIEL,2487.00
REZENDES,2487.00
RESTER,2487.00
RENCHER,2487.00
RECKER,2487.00
RATHJEN,2487.00
PROFITT,2487.00
POTEETE,2487.00
POLIZZI,2487.00
PERRIGO,2487.00
PATRIDGE,2487.00
OSBY,2487.00
ORVIS,2487.00
OPPERMAN,2487.00
OPPENHEIM,2487.00
ONORATO,2487.00
OLAUGHLIN,2487.00
OHAGAN,2487.00
OGLES,2487.00
OEHLER,2487.00
OBYRNE,2487.00
NUZZO,2487.00
NICKLE,2487.00
NEASE,2487.00
NEAGLE,2487.00
NAVARETTE,2487.00
NAGATA,2487.00
MUSTO,2487.00
MORNING,2487.00
MORISON,2487.00
MONTZ,2487.00
MOGENSEN,2487.00
MIZER,2487.00
MIRAGLIA,2487.00
MINGUS,2487.00
MIGLIORE,2487.00
MERIDETH,2487.00
MENGES,2487.00
MELLOR,2487.00
MCNEAR,2487.00
MCNAB,2487.00
MCLOUD,2487.00
MCELLIGOTT,2487.00
MCCOLLOM,2487.00
MAYNES,2487.00
MARQUETTE,2487.00
MARKOWSKI,2487.00
MARCANTONIO,2487.00
MAR,2487.00
MALDANADO,2487.00
MAKIN,2487.00
MACEY,2487.00
LUNDEEN,2487.00
LOVIN,2487.00
LONGINO,2487.00
LISLE,2487.00
LINTHICUM,2487.00
LIMONES,2487.00
LESURE,2487.00
LESAGE,2487.00
LEISURE,2487.00
LAUVER,2487.00
LAUBACH,2487.00
LATSHAW,2487.00
LARY,2487.00
LAPHAM,2487.00
LACOSTE,2487.00
LACHER,2487.00
KUTCHER,2487.00
KNICKERBOCKER,2487.00
KLOS,2487.00
KLINGLER,2487.00
KLEIMAN,2487.00
KITTLESON,2487.00
KIMBREL,2487.00
KIMBERLY,2487.00
KEMMERER,2487.00
KELSON,2487.00
KEESE,2487.00
KAM,2487.00
KALLAS,2487.00
JURGENSEN,2487.00
JUNKINS,2487.00
JUNEAU,2487.00
JUERGENS,2487.00
JOLLIFF,2487.00
JELKS,2487.00
JANICKI,2487.00
JANG,2487.00
INNOCENT,2487.00
INGLES,2487.00
INGE,2487.00
HUGULEY,2487.00
HUGGARD,2487.00
HOWTON,2487.00
HONE,2487.00
HOLFORD,2487.00
HOLDING,2487.00
HOGLE,2487.00
HIPPLE,2487.00
HEIMBACH,2487.00
HEIDER,2487.00
HEIDEL,2487.00
HAVENER,2487.00
HATTAWAY,2487.00
HARRAH,2487.00
HANSCOM,2487.00
HANKINSON,2487.00
HAMDAN,2487.00
GRIDLEY,2487.00
GOULETTE,2487.00
GOULART,2487.00
GOODSPEED,2487.00
GOODROW,2487.00
GO,2487.00
GIRARDI,2487.00
GENT,2487.00
GAUTREAU,2487.00
GANZ,2487.00
GANDARA,2487.00
GAMBLIN,2487.00
GALIPEAU,2487.00
FYFFE,2487.00
FURROW,2487.00
FULP,2487.00
FRICKS,2487.00
FRASE,2487.00
FRANDSEN,2487.00
FOUT,2487.00
FOULKS,2487.00
FOUCHE,2487.00
FOSKEY,2487.00
FORGEY,2487.00
FOOR,2487.00
FOBBS,2487.00
FINKLEA,2487.00
FINCHAM,2487.00
FIGUEIREDO,2487.00
FESTA,2487.00
FERRIER,2487.00
FELLMAN,2487.00
ESLICK,2487.00
EILERMAN,2487.00
ECKART,2487.00
EAGLIN,2487.00
DUNFEE,2487.00
DUMOND,2487.00
DREWRY,2487.00
DOUSE,2487.00
DOMINO,2487.00
DIMICK,2487.00
DIENER,2487.00
DICKERT,2487.00
DEINES,2487.00
DEGREE,2487.00
DECLUE,2487.00
DAW,2487.00
DATTILO,2487.00
DANKO,2487.00
CUSTODIO,2487.00
CUCCIA,2487.00
CRUNK,2487.00
CRISPIN,2487.00
CORP,2487.00
CORNWALL,2487.00
COREA,2487.00
COPPIN,2487.00
CONSIDINE,2487.00
CONIGLIO,2487.00
CONBOY,2487.00
COLLAR,2487.00
COCKRUM,2487.00
CLUTE,2487.00
CLEWIS,2487.00
CLAUDE,2487.00
CHRISTIANO,2487.00
CHANNELL,2487.00
CHANNEL,2487.00
CERRATO,2487.00
CECERE,2487.00
CATOE,2487.00
CASTILLON,2487.00
CASTILE,2487.00
CARSTARPHEN,2487.00
CARMOUCHE,2487.00
CAPERTON,2487.00
BUTEAU,2487.00
BURY,2487.00
BUMPERS,2487.00
BREY,2487.00
BRENTON,2487.00
BRAZEAL,2487.00
BRASSARD,2487.00
BRASS,2487.00
BRAGA,2487.00
BRADHAM,2487.00
BOURGET,2487.00
BORRELLI,2487.00
BORBA,2487.00
BOOTHBY,2487.00
BOHR,2487.00
BOHM,2487.00
BOEHME,2487.00
BODIN,2487.00
BLOSS,2487.00
BLOCHER,2487.00
BIZZELL,2487.00
BIEKER,2487.00
BERTHELOT,2487.00
BERNARDINI,2487.00
BERENDS,2487.00
BENARD,2487.00
BELSER,2487.00
BAZE,2487.00
BARTLING,2487.00
BARRIENTES,2487.00
BARRAS,2487.00
BARCIA,2487.00
BANFIELD,2487.00
AURAND,2487.00
ARTMAN,2487.00
ARNOTT,2487.00
AREND,2487.00
ARDIS,2487.00
AMON,2487.00
ALMAGUER,2487.00
ALLEE,2487.00
ALBARADO,2487.00
ALAMEDA,2487.00
ABDO,2487.00
ZUEHLKE,2487.00
ZOELLER,2487.00
YOKOYAMA,2487.00
YOCOM,2487.00
WYLLIE,2487.00
WOOLUM,2487.00
WINT,2487.00
WINLAND,2487.00
WINK,2487.00
WILNER,2487.00
WILMES,2487.00
WHITLATCH,2487.00
WESTERVELT,2487.00
WALTHALL,2487.00
WALKOWIAK,2487.00
WALBURN,2487.00
VIVIANO,2487.00
VANDERHOFF,2487.00
VALEZ,2487.00
UGALDE,2487.00
TRUMBULL,2487.00
TODARO,2487.00
TILFORD,2487.00
TIDD,2487.00
TIBBITS,2487.00
TERRANOVA,2487.00
TEMPLEMAN,2487.00
TANNENBAUM,2487.00
TALMAGE,2487.00
TABAREZ,2487.00
SWEARENGIN,2487.00
SWARTWOOD,2487.00
SVENDSEN,2487.00
STRUM,2487.00
STRACK,2487.00
STORIE,2487.00
STOCKARD,2487.00
STEINBECK,2487.00
STARNS,2487.00
STANKO,2487.00
STANKIEWICZ,2487.00
STACKS,2487.00
STACH,2487.00
SPROLES,2487.00
SPENSER,2487.00
SMOTHERMAN,2487.00
SLUSSER,2487.00
SINHA,2487.00
SILBER,2487.00
SIEFERT,2487.00
SIDDIQUI,2487.00
SHUFF,2487.00
SHERBURNE,2487.00
SELDON,2487.00
SEDDON,2487.00
SCHWEIGERT,2487.00
SCHROETER,2487.00
SCHMUCKER,2487.00
SAFFOLD,2487.00
RUTZ,2487.00
RUNDLE,2487.00
ROSINSKI,2487.00
ROSENOW,2487.00
ROGALSKI,2487.00
RIDOUT,2487.00
RHYMER,2487.00
REPLOGLE,2487.00
REGINA,2487.00
REDA,2487.00
RAYGOZA,2487.00
RATNER,2487.00
RASCOE,2487.00
RAHM,2487.00
QUINCY,2487.00
QUAST,2487.00
PRY,2487.00
PRESSNELL,2487.00
PREDMORE,2487.00
POU,2487.00
PORTO,2487.00
PLEASANTS,2487.00
PIGFORD,2487.00
PAVONE,2487.00
PATNAUDE,2487.00
PARRAMORE,2487.00
PAPADOPOULOS,2487.00
PALMATIER,2487.00
OUZTS,2487.00
OSHIELDS,2487.00
ORTIS,2487.00
OLMEDA,2487.00
OLDEN,2487.00
OKAMOTO,2487.00
NORBY,2487.00
NITZ,2487.00
NIEBUHR,2487.00
NEVIUS,2487.00
NEIMAN,2487.00
NEIDIG,2487.00
NEECE,2487.00
MURAWSKI,2487.00
MROZ,2487.00
MOYLAN,2487.00
MOULTRY,2487.00
MOSTELLER,2487.00
MORING,2487.00
MORGANTI,2487.00
MOOK,2487.00
MOFFET,2487.00
METTLER,2487.00
MERLO,2487.00
MENGEL,2487.00
MENDELSOHN,2487.00
MELI,2487.00
MELCHIOR,2487.00
MCMEANS,2487.00
MCFADDIN,2487.00
MCCULLERS,2487.00
MCCOLLISTER,2487.00
MCCLOY,2487.00
MCCLAINE,2487.00
MAURY,2487.00
MASER,2487.00
MARTELLI,2487.00
MANTHEY,2487.00
MALKIN,2487.00
MAIO,2487.00
MAGWOOD,2487.00
MAGINNIS,2487.00
MABON,2487.00
LUTON,2487.00
LUSHER,2487.00
LUCHT,2487.00
LOBATO,2487.00
LEVIS,2487.00
LETELLIER,2487.00
LEGENDRE,2487.00
LAUREL,2487.00
LATSON,2487.00
LARMON,2487.00
LARGO,2487.00
LANDRENEAU,2487.00
LANDGRAF,2487.00
LAMBERSON,2487.00
KURLAND,2487.00
KRESGE,2487.00
KORMAN,2487.00
KORANDO,2487.00
KLAPPER,2487.00
KITSON,2487.00
KINYON,2487.00
KINCHELOE,2487.00
KAWAMOTO,2487.00
KAWAKAMI,2487.00
JENNEY,2487.00
JEANPIERRE,2487.00
IVERS,2487.00
ISSA,2487.00
INCE,2487.00
HUGH,2487.00
HUG,2487.00
HONDA,2487.00
HOLLIER,2487.00
HOLLARS,2487.00
HOERNER,2487.00
HODGKINSON,2487.00
HIOTT,2487.00
HIBBITTS,2487.00
HERLIHY,2487.00
HENRICKS,2487.00
HEAVNER,2487.00
HAYHURST,2487.00
HARVILL,2487.00
HAREWOOD,2487.00
HANSELMAN,2487.00
HANNING,2487.00
GWYN,2487.00
GUSTAVSON,2487.00
GROUNDS,2487.00
GRIZZARD,2487.00
GRINDER,2487.00
GRAYBEAL,2487.00
GRAVLEY,2487.00
GORNEY,2487.00
GOLL,2487.00
GOEHRING,2487.00
GODINES,2487.00
GOBEIL,2487.00
GLICKMAN,2487.00
GIULIANO,2487.00
GIMBEL,2487.00
GIFT,2487.00
GEIB,2487.00
GAYHART,2487.00
GATTI,2487.00
GAINS,2487.00
GADBERRY,2487.00
FREI,2487.00
FRAISE,2487.00
FOUCH,2487.00
FORST,2487.00
FORSMAN,2487.00
FOLDEN,2487.00
FOGLEMAN,2487.00
FIGARO,2487.00
FETTY,2487.00
FEELY,2487.00
FABRY,2487.00
EURY,2487.00
ESTILL,2487.00
EPLING,2487.00
ELAMIN,2487.00
ECHAVARRIA,2487.00
DUTIL,2487.00
DURYEA,2487.00
DUMAIS,2487.00
DRAGO,2487.00
DOWNARD,2487.00
DOUTHIT,2487.00
DOOLIN,2487.00
DOBOS,2487.00
DISON,2487.00
DINGES,2487.00
DIEBOLD,2487.00
DESILETS,2487.00
DESHAZO,2487.00
DEPAZ,2487.00
DEGENNARO,2487.00
DALL,2487.00
CYPHERS,2487.00
CRYER,2487.00
CROCE,2487.00
CRISMAN,2487.00
CREDLE,2487.00
CORIELL,2487.00
COPP,2487.00
COOP,2487.00
COMPOS,2487.00
COLMENERO,2487.00
COGAR,2487.00
CLIFF,2487.00
CHAPEL,2487.00
CARNEVALE,2487.00
CAMPANELLA,2487.00
CALEY,2487.00
CALDERONE,2487.00
BURTCH,2487.00
BROUWER,2487.00
BREHMER,2487.00
BRASSELL,2487.00
BRAFFORD,2487.00
BOURQUIN,2487.00
BOURN,2487.00
BOHNERT,2487.00
BLEWETT,2487.00
BLASS,2487.00
BLAKES,2487.00
BHAKTA,2487.00
BESSER,2487.00
BERGE,2487.00
BELLIS,2487.00
BALFOUR,2487.00
AVERA,2487.00
AUSTRIA,2487.00
APPLIN,2487.00
AMMON,2487.00
ALSOP,2487.00
ALESHIRE,2487.00
AKBAR,2487.00
ZOLLER,2487.00
ZAPIEN,2487.00
WYMORE,2487.00
WYBLE,2487.00
WOLKEN,2487.00
WIX,2487.00
WICKSTROM,2487.00
WHOBREY,2487.00
WHIGHAM,2487.00
WESTERLUND,2487.00
WELSCH,2487.00
WEISSER,2487.00
WEISNER,2487.00
WEINSTOCK,2487.00
WEHNER,2487.00
WATLINGTON,2487.00
WAKELAND,2487.00
WAFER,2487.00
VIRGEN,2487.00
VICTORINO,2487.00
VELTRI,2487.00
VEITH,2487.00
URICH,2487.00
URESTI,2487.00
UMBERGER,2487.00
TWEDT,2487.00
TUOHY,2487.00
TSCHIDA,2487.00
TRUMBLE,2487.00
TROIA,2487.00
TRISTAN,2487.00
TRIMMER,2487.00
TOPPS,2487.00
TONN,2487.00
TIERNAN,2487.00
THREET,2487.00
THRALL,2487.00
THETFORD,2487.00
TENEYCK,2487.00
TARTAGLIA,2487.00
SWORDS,2487.00
STROHL,2487.00
STREATER,2487.00
STRAUSBAUGH,2487.00
STRADLEY,2487.00
STONECIPHER,2487.00
STEADHAM,2487.00
STANSEL,2487.00
STALCUP,2487.00
STABILE,2487.00
SPRENGER,2487.00
SPRADLEY,2487.00
SPEIER,2487.00
SOUTHWOOD,2487.00
SORRELS,2487.00
SLEZAK,2487.00
SKOW,2487.00
SIRMANS,2487.00
SIMENTAL,2487.00
SILK,2487.00
SIFFORD,2487.00
SIEVERT,2487.00
SHOVER,2487.00
SHELEY,2487.00
SELZER,2487.00
SCRIVEN,2487.00
SCHWINDT,2487.00
SCHWAN,2487.00
SCHROTH,2487.00
SAYLORS,2487.00
SARAGOSA,2487.00
SANT,2487.00
SALAAM,2487.00
SAEPHAN,2487.00
ROUTT,2487.00
ROUSEY,2487.00
ROS,2487.00
ROLFES,2487.00
RIEKE,2487.00
RIEDER,2487.00
RICHESON,2487.00
REDINGER,2487.00
RASNICK,2487.00
RAPOZA,2487.00
RAMBERT,2487.00
RAFAEL,2487.00
QUIST,2487.00
PYRON,2487.00
PUNCH,2487.00
PULLMAN,2487.00
PRZYBYLSKI,2487.00
PRIDMORE,2487.00
POOLEY,2487.00
PINES,2487.00
PERKINSON,2487.00
PERINE,2487.00
PERHAM,2487.00
PECOR,2487.00
PEAVLER,2487.00
PARTINGTON,2487.00
PANTON,2487.00
OLIVERIO,2487.00
OLAGUE,2487.00
OHMAN,2487.00
OHEARN,2487.00
NOYOLA,2487.00
NICOLAI,2487.00
NEBEL,2487.00
MURTHA,2487.00
MUFF,2487.00
MOWREY,2487.00
MORONEY,2487.00
MORGENSTERN,2487.00
MORANT,2487.00
MONTY,2487.00
MONSOUR,2487.00
MOHAMMAD,2487.00
MOFFIT,2487.00
MIJARES,2487.00
MERIWETHER,2487.00
MENDIETA,2487.00
MELENDREZ,2487.00
MEJORADO,2487.00
MCKITTRICK,2487.00
MCKEY,2487.00
MCKENNY,2487.00
MCKELVY,2487.00
MCKECHNIE,2487.00
MCELVAIN,2487.00
MCCOIN,2487.00
MAZZARELLA,2487.00
MAZON,2487.00
MAURIN,2487.00
MATTHIES,2487.00
MASTON,2487.00
MASKE,2487.00
MARZANO,2487.00
MARMON,2487.00
MARBURGER,2487.00
MANGUS,2487.00
MANGINO,2487.00
MALLET,2487.00
LUO,2487.00
LOSADA,2487.00
LONDONO,2487.00
LOBDELL,2487.00
LIPSON,2487.00
LESNIAK,2487.00
LEIGHTY,2487.00
LEI,2487.00
LEAGUE,2487.00
LAVALLIE,2487.00
LAREAU,2487.00
LAPERLE,2487.00
LAPE,2487.00
LAFORCE,2487.00
LAFFEY,2487.00
KUEHNER,2487.00
KRAVITZ,2487.00
KOWALSKY,2487.00
KOHR,2487.00
KINSMAN,2487.00
KEPPLER,2487.00
KENNEMER,2487.00
KEIPER,2487.00
KEELY,2487.00
KALER,2487.00
JUN,2487.00
JELINEK,2487.00
JARNAGIN,2487.00
ISSAC,2487.00
ISAKSON,2487.00
HYPES,2487.00
HUTZLER,2487.00
HULS,2487.00
HORAK,2487.00
HITZ,2487.00
HICE,2487.00
HERRELL,2487.00
HENSLEE,2487.00
HEITZ,2487.00
HEISS,2487.00
HEIMAN,2487.00
HASTING,2487.00
HARTWICK,2487.00
HARMER,2487.00
HARLAND,2487.00
HAMMONTREE,2487.00
HALDEMAN,2487.00
HAKES,2487.00
GUSE,2487.00
GUILLOTTE,2487.00
GUARD,2487.00
GROLEAU,2487.00
GREVE,2487.00
GREENOUGH,2487.00
GOLUB,2487.00
GOLSON,2487.00
GOLDSCHMIDT,2487.00
GOLDER,2487.00
GODBOLT,2487.00
GILMARTIN,2487.00
GIES,2487.00
GIBBY,2487.00
GEREN,2487.00
GENTHNER,2487.00
GENDREAU,2487.00
GEMMILL,2487.00
GAYMON,2487.00
GALYEAN,2487.00
GALEANO,2487.00
FRIAR,2487.00
FOLKERTS,2487.00
FLEEMAN,2487.00
FITZGIBBONS,2487.00
FERRANTI,2487.00
FELAN,2487.00
FARRAND,2487.00
EOFF,2487.00
ENGER,2487.00
ENGELS,2487.00
DUCKSWORTH,2487.00
DUBY,2487.00
DRY,2487.00
DRUMHELLER,2487.00
DOUTHITT,2487.00
DORIS,2487.00
DONIS,2487.00
DIXION,2487.00
DITTRICH,2487.00
DIALS,2487.00
DESSERT,2487.00
DESCOTEAUX,2487.00
DEPAUL,2487.00
DENKER,2487.00
DEMUTH,2487.00
DEMELO,2487.00
DELACERDA,2487.00
DEFORGE,2487.00
DANOS,2487.00
DALLEY,2487.00
DAIGNEAULT,2487.00
CYBULSKI,2487.00
CRYSTAL,2487.00
CRISTOBAL,2487.00
COTHREN,2487.00
CORNS,2487.00
CORKERY,2487.00
COPAS,2487.00
COCO,2487.00
CLUBB,2487.00
CLORE,2487.00
CHITTY,2487.00
CHICHESTER,2487.00
CHERY,2487.00
CHARON,2487.00
CHAMBER,2487.00
CHACE,2487.00
CATANZARO,2487.00
CASTONGUAY,2487.00
CASSELLA,2487.00
CAROLL,2487.00
CARLBERG,2487.00
CAMMARATA,2487.00
CALLE,2487.00
CAJIGAS,2487.00
BYAS,2487.00
BUZBEE,2487.00
BUSEY,2487.00
BURLING,2487.00
BUFKIN,2487.00
BRZEZINSKI,2487.00
BRUN,2487.00
BRICKNER,2487.00
BRABHAM,2487.00
BOLLER,2487.00
BODILY,2487.00
BOCKMAN,2487.00
BLEICH,2487.00
BLAKEMAN,2487.00
BISBEE,2487.00
BIER,2487.00
BEZANSON,2487.00
BEVILACQUA,2487.00
BESAW,2487.00
BERRIAN,2487.00
BERKELEY,2487.00
BEQUETTE,2487.00
BEAUFORD,2487.00
BAUMGARTEN,2487.00
BAUDOIN,2487.00
BATIE,2487.00
BASALDUA,2487.00
BARDIN,2487.00
BANGERT,2487.00
BANES,2487.00
BACKLUND,2487.00
AVITIA,2487.00
ARTZ,2487.00
ARCHEY,2487.00
APEL,2487.00
AMICO,2487.00
ALAM,2487.00
ADEN,2487.00
ZEBROWSKI,2487.00
YOKOTA,2487.00
WORMLEY,2487.00
WOOTTON,2487.00
WOODIE,2487.00
WOMAC,2487.00
WILTZ,2487.00
WIGINGTON,2487.00
WHITEHORN,2487.00
WHISMAN,2487.00
WEISGERBER,2487.00
WEIGLE,2487.00
WEEDMAN,2487.00
WATKIN,2487.00
WASILEWSKI,2487.00
WADLINGTON,2487.00
WADKINS,2487.00
VIVERETTE,2487.00
VIDAURRI,2487.00
VIDALES,2487.00
VEZINA,2487.00
VANLEER,2487.00
VANHOY,2487.00
VANGUILDER,2487.00
VANBRUNT,2487.00
UY,2487.00
UPDEGRAFF,2487.00
TYLOR,2487.00
TRINKLE,2487.00
TOUCHETTE,2487.00
TILSON,2487.00
TILMAN,2487.00
TENGAN,2487.00
TARKINGTON,2487.00
SURRETT,2487.00
SUPER,2487.00
SUMMY,2487.00
STREETMAN,2487.00
STRAUGHTER,2487.00
STEERE,2487.00
STALLING,2487.00
SPRUELL,2487.00
SPADARO,2487.00
SOLLEY,2487.00
SMATHERS,2487.00
SILVERA,2487.00
SIEMS,2487.00
SHREFFLER,2487.00
SHOLAR,2487.00
SELDEN,2487.00
SCHAPER,2487.00
SAMAYOA,2487.00
RUGGERI,2487.00
ROWEN,2487.00
ROSSO,2487.00
ROSENBALM,2487.00
ROOSEVELT,2487.00
ROOSE,2487.00
RONQUILLO,2487.00
ROGOWSKI,2487.00
REXFORD,2487.00
REPASS,2487.00
RENZI,2487.00
RENICK,2487.00
RENDA,2487.00
REHBERG,2487.00
REAPER,2487.00
RANCK,2487.00
RAFFA,2487.00
RACKERS,2487.00
RAAP,2487.00
PUGSLEY,2487.00
PUGLISI,2487.00
PRINZ,2487.00
PRIMUS,2487.00
POUNDERS,2487.00
PON,2487.00
POMPA,2487.00
PLASENCIA,2487.00
PIPKINS,2487.00
PILLAR,2487.00
PETROSKY,2487.00
PELLEY,2487.00
PAULS,2487.00
PAULI,2487.00
PARKISON,2487.00
PARISIEN,2487.00
PANGLE,2487.00
PANCOAST,2487.00
PALAZZOLO,2487.00
OWENBY,2487.00
OVERBAY,2487.00
ORRIS,2487.00
ORLOWSKI,2487.00
NIPP,2487.00
NEWBERN,2487.00
NEDD,2487.00
NEALON,2487.00
NAJAR,2487.00
MYSLIWIEC,2487.00
MYRON,2487.00
MYRES,2487.00
MUSSON,2487.00
MURRIETA,2487.00
MUNSELL,2487.00
MUMMA,2487.00
MULDOWNEY,2487.00
MOYLE,2487.00
MOWEN,2487.00
MOSE,2487.00
MOREJON,2487.00
MOODIE,2487.00
MONIER,2487.00
MIKKELSEN,2487.00
MIERS,2487.00
METZINGER,2487.00
MELIN,2487.00
MCQUAY,2487.00
MCPEEK,2487.00
MCNEELEY,2487.00
MCGLOTHIN,2487.00
MCGHIE,2487.00
MCDONELL,2487.00
MCCUMBER,2487.00
MCCRANIE,2487.00
MCBEAN,2487.00
MAYHUGH,2487.00
MARTS,2487.00
MARENCO,2487.00
MANGES,2487.00
LYNAM,2487.00
LUPIEN,2487.00
LUFF,2487.00
LUEBBERT,2487.00
LOH,2487.00
LOFLIN,2487.00
LOCOCO,2487.00
LOCH,2487.00
LIS,2487.00
LINKE,2487.00
LIGHTLE,2487.00
LEWELLYN,2487.00
LEISHMAN,2487.00
LEBOW,2487.00
LEBOUEF,2487.00
LEANOS,2487.00
LANZ,2487.00
LANDY,2487.00
LANDAVERDE,2487.00
LACEFIELD,2487.00
KYLER,2487.00
KUEBLER,2487.00
KROPF,2487.00
KROEKER,2487.00
KLUESNER,2487.00
KLASS,2487.00
KIMBERLING,2487.00
KILKENNY,2487.00
KIKER,2487.00
KETTER,2487.00
KELEMEN,2487.00
KEASLER,2487.00
KAWAMURA,2487.00
KARST,2487.00
KARDOS,2487.00
JEREMIAH,2487.00
JARED,2487.00
IGO,2487.00
HUSEMAN,2487.00
HUSEBY,2487.00
HURLBERT,2487.00
HUARD,2487.00
HOTTINGER,2487.00
HORNBERGER,2487.00
HOPPS,2487.00
HOLDSWORTH,2487.00
HENSEN,2487.00
HEILIG,2487.00
HEETER,2487.00
HARPOLE,2487.00
HAAK,2487.00
GUTOWSKI,2487.00
GUNNELS,2487.00
GRIMMER,2487.00
GRIEVE,2487.00
GRAVATT,2487.00
GRANDERSON,2487.00
GOTCHER,2487.00
GLEAVES,2487.00
GENAO,2487.00
GARFINKEL,2487.00
FRERICHS,2487.00
FOUSHEE,2487.00
FLANERY,2487.00
FINNIE,2487.00
FELDT,2487.00
FAGIN,2487.00
EWALT,2487.00
ELLEFSON,2487.00
EILER,2487.00
ECKHART,2487.00
EASTEP,2487.00
DWIGHT,2487.00
DIGIROLAMO,2487.00
DIDOMENICO,2487.00
DEVERA,2487.00
DELAVEGA,2487.00
DEFILIPPO,2487.00
DEBUSK,2487.00
DAUB,2487.00
DAMIANI,2487.00
CUPPLES,2487.00
CUDDY,2487.00
CROFOOT,2487.00
COURTER,2487.00
COTO,2487.00
COSTIGAN,2487.00
CORNING,2487.00
CORMAN,2487.00
CORLETT,2487.00
COOPERMAN,2487.00
COLLISON,2487.00
COGHLAN,2487.00
COBBINS,2487.00
COADY,2487.00
COACHMAN,2487.00
CLOTHIER,2487.00
CLIENT,2487.00
CLEAR,2487.00
CIPOLLA,2487.00
CHMIELEWSKI,2487.00
CHIODO,2487.00
CHATTERTON,2487.00
CHAPPELLE,2487.00
CHAIREZ,2487.00
CERON,2487.00
CASPERSON,2487.00
CASLER,2487.00
CASADOS,2487.00
CARROW,2487.00
CAROLINA,2487.00
CARLINO,2487.00
CARICO,2487.00
CARDILLO,2487.00
CAOUETTE,2487.00
CANTO,2487.00
CANAVAN,2487.00
CAMBRA,2487.00
BYARD,2487.00
BUTERBAUGH,2487.00
BUSE,2487.00
BUCY,2487.00
BUCKWALTER,2487.00
BUBB,2487.00
BRYD,2487.00
BRISSETTE,2487.00
BRAULT,2487.00
BRADWELL,2487.00
BOSHEARS,2487.00
BORCHERT,2487.00
BLANSETT,2487.00
BLANCH,2487.00
BLADE,2487.00
BIONDO,2487.00
BILBO,2487.00
BIEHL,2487.00
BESSEY,2487.00
BERTA,2487.00
BELLES,2487.00
BELLA,2487.00
BEEKS,2487.00
BEEKMAN,2487.00
BEAUFORT,2487.00
BAYLISS,2487.00
BARDSLEY,2487.00
AVILLA,2487.00
ASTUDILLO,2487.00
ARDITO,2487.00
ANWAR,2487.00
ANTUNEZ,2487.00
AMEN,2487.00
ADERHOLT,2487.00
ABATE,2487.00
YOWELL,2487.00
YIN,2487.00
YEARBY,2487.00
YE,2487.00
WURST,2487.00
WOOLVERTON,2487.00
WOOLBRIGHT,2487.00
WILDERMUTH,2487.00
WHITTENBURG,2487.00
WHITELY,2487.00
WETTER,2487.00
WETHERBEE,2487.00
WENZ,2487.00
WELLIVER,2487.00
WELLING,2487.00
WELCOME,2487.00
WASON,2487.00
WARRIOR,2487.00
WARLICK,2487.00
VOORHIES,2487.00
VIVIER,2487.00
VILLINES,2487.00
VIDA,2487.00
VERDE,2487.00
VEIGA,2487.00
VARGHESE,2487.00
VANWYK,2487.00
VANWINGERDEN,2487.00
VANHORNE,2487.00
UMSTEAD,2487.00
TWIGGS,2487.00
TUSING,2487.00
TREGO,2487.00
TOMPSON,2487.00
TINKLE,2487.00
THOMAN,2487.00
THOLE,2487.00
TATMAN,2487.00
TARTT,2487.00
SUDA,2487.00
STUDLEY,2487.00
STROCK,2487.00
STRAWBRIDGE,2487.00
STOKELY,2487.00
STEC,2487.00
STANG,2487.00
STALTER,2487.00
SPEIDEL,2487.00
SPAFFORD,2487.00
SPADE,2487.00
SONTAG,2487.00
SOKOLOWSKI,2487.00
SKILLMAN,2487.00
SKELLEY,2487.00
SKALSKI,2487.00
SISON,2487.00
SIPPEL,2487.00
SINQUEFIELD,2487.00
SIN,2487.00
SIEGLE,2487.00
SHER,2487.00
SHARROW,2487.00
SETLIFF,2487.00
SERA,2487.00
SELLNER,2487.00
SELIG,2487.00
SEIBOLD,2487.00
SEERY,2487.00
SCRIBER,2487.00
SCHULL,2487.00
SCHRUPP,2487.00
SCHIPPERS,2487.00
SAY,2487.00
SAULSBURY,2487.00
SAO,2487.00
SANTILLO,2487.00
SANOR,2487.00
SANCHO,2487.00
RUFUS,2487.00
RUBALCABA,2487.00
ROOSA,2487.00
RONK,2487.00
ROBBS,2487.00
ROACHE,2487.00
RIVER,2487.00
RIEBE,2487.00
REINOSO,2487.00
QUIN,2487.00
PRUDE,2487.00
PREUSS,2487.00
POTTORFF,2487.00
PONTIFF,2487.00
PLOUFFE,2487.00
PICOU,2487.00
PICKLESIMER,2487.00
PETTYJOHN,2487.00
PETTI,2487.00
PENALOZA,2487.00
PARMELEE,2487.00
PARDEE,2487.00
PALAZZO,2487.00
OVERHOLT,2487.00
OGAWA,2487.00
OFARRELL,2487.00
NOVA,2487.00
NOLTING,2487.00
NODA,2487.00
NICOLA,2487.00
NICKSON,2487.00
NEVITT,2487.00
NEVEU,2487.00
NAVARRE,2487.00
NAM,2487.00
MURROW,2487.00
MUNZ,2487.00
MULLOY,2487.00
MONZO,2487.00
MILLIMAN,2487.00
METIVIER,2487.00
MERLINO,2487.00
MCPETERS,2487.00
MCKISSACK,2487.00
MCKEEN,2487.00
MCGURK,2487.00
MCFEE,2487.00
MCFARREN,2487.00
MCELWEE,2487.00
MCEACHIN,2487.00
MCDONAGH,2487.00
MCCARVILLE,2487.00
MAYHALL,2487.00
MATTOON,2487.00
MARTELLO,2487.00
MARCONI,2487.00
MARBURY,2487.00
MAO,2487.00
MANZELLA,2487.00
MALY,2487.00
MALEC,2487.00
MAITLAND,2487.00
MAHEU,2487.00
MACLENNAN,2487.00
LYKE,2487.00
LUERA,2487.00
LOYOLA,2487.00
LOWENSTEIN,2487.00
LOSH,2487.00
LOPICCOLO,2487.00
LONGACRE,2487.00
LOMAN,2487.00
LODEN,2487.00
LOAIZA,2487.00
LIEBER,2487.00
LIBBEY,2487.00
LENHARDT,2487.00
LEFEBRE,2487.00
LAUTERBACH,2487.00
LAURITSEN,2487.00
LASS,2487.00
LAROCCO,2487.00
LARIMER,2487.00
LANSFORD,2487.00
LANCLOS,2487.00
LAMAY,2487.00
LAL,2487.00
KULIKOWSKI,2487.00
KRIEBEL,2487.00
KOSINSKI,2487.00
KLEINMAN,2487.00
KLEINER,2487.00
KLECKNER,2487.00
KISTNER,2487.00
KISSNER,2487.00
KISSELL,2487.00
KILROY,2487.00
KENNA,2487.00
KEISLER,2487.00
KEEBLE,2487.00
KEANEY,2487.00
KALE,2487.00
JOLY,2487.00
JIMISON,2487.00
JEANS,2487.00
IKNER,2487.00
HURSEY,2487.00
HRUSKA,2487.00
HOVE,2487.00
HOU,2487.00
HOST,2487.00
HOSKING,2487.00
HOOSE,2487.00
HOLLE,2487.00
HOEPPNER,2487.00
HITTLE,2487.00
HITCHENS,2487.00
HIRTH,2487.00
HINERMAN,2487.00
HILARIO,2487.00
HIGBY,2487.00
HERTZOG,2487.00
HENTZ,2487.00
HENSLER,2487.00
HEIST,2487.00
HEIER,2487.00
HEGG,2487.00
HASSEL,2487.00
HARPE,2487.00
HARA,2487.00
HANK,2487.00
HAIN,2487.00
HAGOPIAN,2487.00
GRIMSHAW,2487.00
GRADO,2487.00
GOWIN,2487.00
GOWANS,2487.00
GOOGE,2487.00
GOODLOW,2487.00
GOERING,2487.00
GLEATON,2487.00
GIDLEY,2487.00
GIANNONE,2487.00
GASCON,2487.00
GARNEAU,2487.00
GAMBREL,2487.00
GALAZ,2487.00
FUENTEZ,2487.00
FRISINA,2487.00
FRESQUEZ,2487.00
FRAHER,2487.00
FITTING,2487.00
FEUERSTEIN,2487.00
FELTEN,2487.00
EVERMAN,2487.00
ESTELL,2487.00
ERTEL,2487.00
ERAZO,2487.00
ENSIGN,2487.00
ENDO,2487.00
ELLERMAN,2487.00
EICHORN,2487.00
EDGELL,2487.00
EBRON,2487.00
EAKER,2487.00
DUNDAS,2487.00
DUNCANSON,2487.00
DUCHENE,2487.00
DUCAN,2487.00
DOMBROSKI,2487.00
DOMAN,2487.00
DOCK,2487.00
DICKISON,2487.00
DEWOODY,2487.00
DELOERA,2487.00
DELAHOUSSAYE,2487.00
DEJEAN,2487.00
DEGROAT,2487.00
DECARO,2487.00
DEARMOND,2487.00
DASHNER,2487.00
DALES,2487.00
CROSSETT,2487.00
CRESSEY,2487.00
COWGER,2487.00
COURTS,2487.00
COURT,2487.00
CORNETTE,2487.00
CORBO,2487.00
COPLIN,2487.00
COOVER,2487.00
CONDIE,2487.00
COKLEY,2487.00
CICERO,2487.00
CEASER,2487.00
CANNADAY,2487.00
CALLANAN,2487.00
CADLE,2487.00
BUSCHER,2487.00
BULLION,2487.00
BUCKLIN,2487.00
BRUENING,2487.00
BRUCKNER,2487.00
BROSE,2487.00
BRANAN,2487.00
BRADWAY,2487.00
BOTSFORD,2487.00
BORTZ,2487.00
BORELLI,2487.00
BONETTI,2487.00
BOLAN,2487.00
BOERGER,2487.00
BLOOMBERG,2487.00
BINGMAN,2487.00
BILGER,2487.00
BERNS,2487.00
BERINGER,2487.00
BERES,2487.00
BEETS,2487.00
BEEDE,2487.00
BEAUDET,2487.00
BEACHUM,2487.00
BAUGHN,2487.00
BATOR,2487.00
BASTIEN,2487.00
BASQUEZ,2487.00
BARREIRO,2487.00
BARGA,2487.00
BARATTA,2487.00
BALSER,2487.00
BAILLIE,2487.00
AXFORD,2487.00
ATTEBERY,2487.00
ARAKAKI,2487.00
ANNUNZIATA,2487.00
ANDRZEJEWSKI,2487.00
AMENT,2487.00
AMENDOLA,2487.00
ADCOX,2487.00
ABRIL,2487.00
ZENON,2487.00
ZEITLER,2487.00
ZANG,2487.00
ZAMBRANA,2487.00
YBANEZ,2487.00
YAGI,2487.00
WOLAK,2487.00
WILCOXSON,2487.00
WHITESEL,2487.00
WHITEHAIR,2487.00
WEYAND,2487.00
WESTENDORF,2487.00
WELKE,2487.00
WEINMANN,2487.00
WEI,2487.00
WEESNER,2487.00
WEEKES,2487.00
WEDEL,2487.00
WEDDING,2487.00
WEATHERALL,2487.00
WARTHEN,2487.00
VOSE,2487.00
VILLALTA,2487.00
VILA,2487.00
VIATOR,2487.00
VAZ,2487.00
VALTIERRA,2487.00
URBANEK,2487.00
TULLEY,2487.00
TROJANOWSKI,2487.00
TRAPANI,2487.00
TOUPS,2487.00
TORPEY,2487.00
TOMITA,2487.00
TINDAL,2487.00
TIEMAN,2487.00
TEVIS,2487.00
TEDROW,2487.00
TAUL,2487.00
TASH,2487.00
TAMMARO,2487.00
SYLVA,2487.00
SWIDERSKI,2487.00
SWEETING,2487.00
SUND,2487.00
STUTLER,2487.00
STOCKING,2487.00
STICH,2487.00
STERNS,2487.00
STEGNER,2487.00
STALDER,2487.00
SPLAWN,2487.00
SPEIRS,2487.00
SOUTHWELL,2487.00
SOLTYS,2487.00
SMEAD,2487.00
SLYE,2487.00
SKIPWORTH,2487.00
SIPOS,2487.00
SIMMERMAN,2487.00
SIGMUND,2487.00
SIDHU,2487.00
SHUFFLER,2487.00
SHINGLETON,2487.00
SHADWICK,2487.00
SERMONS,2487.00
SEEFELDT,2487.00
SCIPIO,2487.00
SCHWANKE,2487.00
SCHREFFLER,2487.00
SCHIRO,2487.00
SCHEIBER,2487.00
SANDOZ,2487.00
SAMSEL,2487.00
RUDDELL,2487.00
ROYSE,2487.00
ROUILLARD,2487.00
ROTELLA,2487.00
ROSALEZ,2487.00
ROMRIELL,2487.00
ROMMEL,2487.00
RIZER,2487.00
RINER,2487.00
RICKARDS,2487.00
RHOTON,2487.00
RHEM,2487.00
REPPERT,2487.00
RAYL,2487.00
RAULSTON,2487.00
RAPOSO,2487.00
RAPIER,2487.00
RAINVILLE,2487.00
RADEL,2487.00
QUINNEY,2487.00
PURDIE,2487.00
PUFFER,2487.00
PIZZO,2487.00
PINCUS,2487.00
PETRUS,2487.00
PENDELTON,2487.00
PENDARVIS,2487.00
PELTZ,2487.00
PEGUERO,2487.00
PEETE,2487.00
PATRICIO,2487.00
PATCHETT,2487.00
PARRINO,2487.00
PAPKE,2487.00
PAM,2487.00
PALAFOX,2487.00
OTTLEY,2487.00
OSTBY,2487.00
ORITZ,2487.00
OREN,2487.00
OGAN,2487.00
ODEGAARD,2487.00
OATMAN,2487.00
NOELL,2487.00
NIDA,2487.00
NICOLL,2487.00
NEWHALL,2487.00
NEWBILL,2487.00
NETZER,2487.00
NETTLETON,2487.00
NEBLETT,2487.00
MURLEY,2487.00
MUNGO,2487.00
MULHALL,2487.00
MOSCA,2487.00
MORISSETTE,2487.00
MORFORD,2487.00
MONTAG,2487.00
MONSEN,2487.00
MITZEL,2487.00
MISKELL,2487.00
MINDER,2487.00
MEHAFFEY,2487.00
MCQUILLEN,2487.00
MCLENNAN,2487.00
MCGRAIL,2487.00
MCCREIGHT,2487.00
MAYVILLE,2487.00
MAYSONET,2487.00
MAUST,2487.00
MATHIESON,2487.00
MASTRANGELO,2487.00
MASKELL,2487.00
MARTINA,2487.00
MANZ,2487.00
MALMBERG,2487.00
MAKELA,2487.00
MADRUGA,2487.00
LUZ,2487.00
LOTTS,2487.00
LONGNECKER,2487.00
LOGSTON,2487.00
LITTELL,2487.00
LISKA,2487.00
LINDAUER,2487.00
LILLIBRIDGE,2487.00
LEVRON,2487.00
LETCHWORTH,2487.00
LESH,2487.00
LEFFEL,2487.00
LEDAY,2487.00
LEAMON,2487.00
LAURA,2487.00
KULAS,2487.00
KULA,2487.00
KUCHARSKI,2487.00
KROMER,2487.00
KRAATZ,2487.00
KONIECZNY,2487.00
KONEN,2487.00
KOMAR,2487.00
KIVETT,2487.00
KIRTS,2487.00
KINNEAR,2487.00
KERSH,2487.00
KEITHLEY,2487.00
KEIFER,2487.00
JUDAH,2487.00
JIMENES,2487.00
JEPPESEN,2487.00
JASMIN,2487.00
JANSSON,2487.00
HUNTSBERRY,2487.00
HUND,2487.00
HUITT,2487.00
HUFFINE,2487.00
HOSFORD,2487.00
HOPES,2487.00
HOLMSTROM,2487.00
HOLLEN,2487.00
HODGIN,2487.00
HIRSCHMAN,2487.00
HILTNER,2487.00
HILLIKER,2487.00
HIBNER,2487.00
HENNIS,2487.00
HELT,2487.00
HEIDELBERG,2487.00
HEGER,2487.00
HEER,2487.00
HARTNESS,2487.00
HARDRICK,2487.00
HALLADAY,2487.00
GULA,2487.00
GUILLAUME,2487.00
GUERRIERO,2487.00
GRUNEWALD,2487.00
GROSSE,2487.00
GRIFFETH,2487.00
GRENZ,2487.00
GRASSI,2487.00
GRANDISON,2487.00
GINTHER,2487.00
GIMENEZ,2487.00
GILLINGHAM,2487.00
GILLHAM,2487.00
GESS,2487.00
GELMAN,2487.00
GEARHEART,2487.00
GASKELL,2487.00
GARIEPY,2487.00
GAMINO,2487.00
GALLIEN,2487.00
GALENTINE,2487.00
FUQUAY,2487.00
FROMAN,2487.00
FROELICH,2487.00
FRIEDEL,2487.00
FOOS,2487.00
FOMBY,2487.00
FOCHT,2487.00
FLYTHE,2487.00
FIQUEROA,2487.00
FILSON,2487.00
FILIP,2487.00
FIERROS,2487.00
FETT,2487.00
FEDELE,2487.00
FASCHING,2487.00
FARNEY,2487.00
FARGO,2487.00
EVERTS,2487.00
EVEN,2487.00
ETZEL,2487.00
ELZEY,2487.00
EICHNER,2487.00
EGER,2487.00
EATMAN,2487.00
DUCKER,2487.00
DUCHESNE,2487.00
DONATI,2487.00
DOMENECH,2487.00
DOLLARD,2487.00
DODRILL,2487.00
DINAPOLI,2487.00
DENN,2487.00
DELFINO,2487.00
DELCID,2487.00
DELAUNE,2487.00
DELATTE,2487.00
DEEMS,2487.00
DALUZ,2487.00
CUSSON,2487.00
CULLISON,2487.00
CUE,2487.00
CUADRADO,2487.00
CRUMRINE,2487.00
CRUICKSHANK,2487.00
CROSLAND,2487.00
CROLL,2487.00
CRIDDLE,2487.00
CREPEAU,2487.00
COUTU,2487.00
COUEY,2487.00
CORT,2487.00
COPPINGER,2487.00
COLLMAN,2487.00
COCKBURN,2487.00
COCA,2487.00
CLAYBORNE,2487.00
CLAFLIN,2487.00
CISSELL,2487.00
CHOWDHURY,2487.00
CHICOINE,2487.00
CHENIER,2487.00
CAUSBY,2487.00
CAULDER,2487.00
CASSANO,2487.00
CASNER,2487.00
CARDIEL,2487.00
BURNER,2487.00
BRUNTON,2487.00
BRUCH,2487.00
BROXTON,2487.00
BROSIUS,2487.00
BROOKING,2487.00
BRANCO,2487.00
BRACCO,2487.00
BOURGAULT,2487.00
BOSSERMAN,2487.00
BOOKS,2487.00
BONET,2487.00
BOLDS,2487.00
BOLANDER,2487.00
BOHMAN,2487.00
BOELTER,2487.00
BLOHM,2487.00
BLEA,2487.00
BLAISE,2487.00
BISCHOF,2487.00
BILLIE,2487.00
BEUS,2487.00
BELLEW,2487.00
BASTARACHE,2487.00
BAST,2487.00
BARTOLOME,2487.00
BARK,2487.00
BARCOMB,2487.00
BARCO,2487.00
BALLS,2487.00
BALK,2487.00
BALAS,2487.00
BAKOS,2487.00
AVEY,2487.00
ATNIP,2487.00
ASHBROOK,2487.00
ARNO,2487.00
ARBOUR,2487.00
AQUIRRE,2487.00
APPELL,2487.00
ALDACO,2487.00
ALCAZAR,2487.00
ALBAN,2487.00
AHLSTROM,2487.00
ABADIE,2487.00
ZYLSTRA,2487.00
ZICK,2487.00
ZHENG,2487.00
YOTHER,2487.00
WYSE,2487.00
WUNSCH,2487.00
WHITTY,2487.00
WEIST,2487.00
VROOMAN,2487.00
VINE,2487.00
VILLALON,2487.00
VIDRIO,2487.00
VAVRA,2487.00
VASBINDER,2487.00
VANMATRE,2487.00
VANDORN,2487.00
UGARTE,2487.00
TURBERVILLE,2487.00
TUEL,2487.00
TROGDON,2487.00
TOWN,2487.00
TOUPIN,2487.00
TOONE,2487.00
TOLLESON,2487.00
TINKHAM,2487.00
TINCH,2487.00
TIANO,2487.00
TESTON,2487.00
TEER,2487.00
TEA,2487.00
TAWNEY,2487.00
TAPLIN,2487.00
TANT,2487.00
TANSEY,2487.00
SWAYNE,2487.00
SUTCLIFFE,2487.00
SUNDERMAN,2487.00
SUITS,2487.00
STROTHERS,2487.00
STROMAIN,2487.00
STORK,2487.00
STONEBURNER,2487.00
STOLTE,2487.00
STOLP,2487.00
STOEHR,2487.00
STINGLEY,2487.00
STEGMAN,2487.00
STANGL,2487.00
SPINELLA,2487.00
SPIER,2487.00
SOULES,2487.00
SOMMERFIELD,2487.00
SIPP,2487.00
SIMEK,2487.00
SIDERS,2487.00
SHUFELT,2487.00
SHUE,2487.00
