club_name,club_league_id,club_league_name
Manchester City,13,Premier League
Paris Saint Germain,16,Ligue 1
Manchester City,13,Premier League
Manchester City,13,Premier League
FC Bayern München,19,Bundesliga
Real Madrid,53,La Liga
FC Barcelona,53,La Liga
Inter Miami,39,Major League Soccer
Manchester City,13,Premier League
Real Madrid,53,La Liga
Liverpool,13,Premier League
Liverpool,13,Premier League
Liverpool,13,Premier League
FC Barcelona,53,La Liga
Al Hilal,350,Pro League
Al Ittihad,350,Pro League
Real Madrid,53,La Liga
Real Madrid,53,La Liga
Inter,31,Serie A
Manchester City,13,Premier League
Manchester City,13,Premier League
Atlético Madrid,53,La Liga
Atlético Madrid,53,La Liga
Bayer 04 Leverkusen,19,Bundesliga
Borussia Dortmund,19,Bundesliga
Napoli,31,Serie A
Paris Saint Germain,16,Ligue 1
FC Barcelona,53,La Liga
Arsenal,13,Premier League
Milan,31,Serie A
FC Bayern München,19,Bundesliga
Manchester United,13,Premier League
Paris Saint Germain,16,Ligue 1
Tottenham Hotspur,13,Premier League
Real Madrid,53,La Liga
FC Bayern München,19,Bundesliga
FC Bayern München,19,Bundesliga
FC Barcelona,53,La Liga
FC Barcelona,53,La Liga
Napoli,31,Serie A
Arsenal,13,Premier League
Milan,31,Serie A
Real Madrid,53,La Liga
Manchester City,13,Premier League
Arsenal,13,Premier League
Chelsea,13,Premier League
Paris Saint Germain,16,Ligue 1
Liverpool,13,Premier League
Inter,31,Serie A
Al Hilal,350,Pro League
FC Bayern München,19,Bundesliga
Liverpool,13,Premier League
Roma,31,Serie A
FC Barcelona,53,La Liga
Bayer 04 Leverkusen,19,Bundesliga
Inter,31,Serie A
Al Ahli Jeddah,350,Pro League
Aston Villa,13,Premier League
Manchester United,13,Premier League
FC Barcelona,53,La Liga
Juventus,31,Serie A
Real Madrid,53,La Liga
Al Nassr,350,Pro League
Real Madrid,53,La Liga
FC Barcelona,53,La Liga
Inter,31,Serie A
Milan,31,Serie A
Liverpool,13,Premier League
Tottenham Hotspur,13,Premier League
Napoli,31,Serie A
Al Ittihad,350,Pro League
FC Bayern München,19,Bundesliga
Sassuolo,31,Serie A
Arsenal,13,Premier League
Al Hilal,350,Pro League
FC Bayern München,19,Bundesliga
Al Nassr,350,Pro League
Manchester City,13,Premier League
Real Madrid,53,La Liga
Manchester City,13,Premier League
Real Madrid,53,La Liga
Lazio,31,Serie A
Newcastle United,13,Premier League
Inter,31,Serie A
Bayer 04 Leverkusen,19,Bundesliga
Arsenal,13,Premier League
Newcastle United,13,Premier League
Juventus,31,Serie A
Arsenal,13,Premier League
Real Madrid,53,La Liga
Liverpool,13,Premier League
Tottenham Hotspur,13,Premier League
Juventus,31,Serie A
Manchester United,13,Premier League
FC Bayern München,19,Bundesliga
Juventus,31,Serie A
FC Bayern München,19,Bundesliga
Paris Saint Germain,16,Ligue 1
Arsenal,13,Premier League
FC Barcelona,53,La Liga
Milan,31,Serie A
Arsenal,13,Premier League
Athletic Club,53,La Liga
Fulham,13,Premier League
Real Sociedad,53,La Liga
Milan,31,Serie A
Atlético Madrid,53,La Liga
Real Sociedad,53,La Liga
Al Hilal,350,Pro League
Paris Saint Germain,16,Ligue 1
Atlético Madrid,53,La Liga
Borussia Dortmund,19,Bundesliga
Juventus,31,Serie A
Al Shabab,350,Pro League
Newcastle United,13,Premier League
Atlético Madrid,53,La Liga
Al Hilal,350,Pro League
Bayer 04 Leverkusen,19,Bundesliga
Lazio,31,Serie A
Atlético Madrid,53,La Liga
Celta de Vigo,53,La Liga
Roma,31,Serie A
Roma,31,Serie A
Villarreal,53,La Liga
Manchester City,13,Premier League
Benfica,308,Primeira Liga
Borussia Dortmund,19,Bundesliga
Inter Miami,39,Major League Soccer
Chelsea,13,Premier League
FC Barcelona,53,La Liga
Liverpool,13,Premier League
Newcastle United,13,Premier League
Borussia Dortmund,19,Bundesliga
Girona,53,La Liga
RB Leipzig,19,Bundesliga
RB Leipzig,19,Bundesliga
Aston Villa,13,Premier League
Aston Villa,13,Premier League
FC Barcelona,53,La Liga
Liverpool,13,Premier League
Chelsea,13,Premier League
Paris Saint Germain,16,Ligue 1
Porto,308,Primeira Liga
FC Bayern München,19,Bundesliga
Tottenham Hotspur,13,Premier League
Paris Saint Germain,16,Ligue 1
Manchester United,13,Premier League
Borussia Dortmund,19,Bundesliga
Arsenal,13,Premier League
Palmeiras,7,Série A
Real Sociedad,53,La Liga
Roma,31,Serie A
FC Bayern München,19,Bundesliga
Girona,53,La Liga
Roma,31,Serie A
Inter,31,Serie A
Manchester United,13,Premier League
Inter,31,Serie A
Real Betis,53,La Liga
FC Bayern München,19,Bundesliga
Sevilla,53,La Liga
Paris Saint Germain,16,Ligue 1
Benfica,308,Primeira Liga
Atlético Madrid,53,La Liga
Napoli,31,Serie A
Al Nassr,350,Pro League
FC Barcelona,53,La Liga
Bayer 04 Leverkusen,19,Bundesliga
Al Nassr,350,Pro League
Borussia Dortmund,19,Bundesliga
Lazio,31,Serie A
Bayer 04 Leverkusen,19,Bundesliga
Al Ittihad,350,Pro League
Juventus,31,Serie A
Villarreal,53,La Liga
SC Freiburg,19,Bundesliga
FC Bayern München,19,Bundesliga
Arsenal,13,Premier League
RB Leipzig,19,Bundesliga
Atlético Madrid,53,La Liga
Manchester United,13,Premier League
Real Madrid,53,La Liga
Inter,31,Serie A
Paris Saint Germain,16,Ligue 1
VfL Wolfsburg,19,Bundesliga
Inter Miami,39,Major League Soccer
Inter Miami,39,Major League Soccer
Eintracht Frankfurt,19,Bundesliga
Borussia Dortmund,19,Bundesliga
Fenerbahçe,68,Süper Lig
Milan,31,Serie A
Sevilla,53,La Liga
Athletic Club,53,La Liga
Paris Saint Germain,16,Ligue 1
Manchester City,13,Premier League
Real Madrid,53,La Liga
Tottenham Hotspur,13,Premier League
Chelsea,13,Premier League
Salernitana,31,Serie A
RB Leipzig,19,Bundesliga
Athletic Club,53,La Liga
Tottenham Hotspur,13,Premier League
Benfica,308,Primeira Liga
Liverpool,13,Premier League
Fenerbahçe,68,Süper Lig
Sporting CP,308,Primeira Liga
Atalanta,31,Serie A
Liverpool,13,Premier League
Aston Villa,13,Premier League
Liverpool,13,Premier League
Arsenal,13,Premier League
Sevilla,53,La Liga
Bayer 04 Leverkusen,19,Bundesliga
West Ham United,13,Premier League
Newcastle United,13,Premier League
Real Sociedad,53,La Liga
Atlético Madrid,53,La Liga
Rayo Vallecano,53,La Liga
Al Ahli Jeddah,350,Pro League
Athletico Paranaense,7,Série A
Palmeiras,7,Série A
Atlético Madrid,53,La Liga
Manchester City,13,Premier League
Real Madrid,53,La Liga
Tottenham Hotspur,13,Premier League
Osasuna,53,La Liga
Napoli,31,Serie A
Lazio,31,Serie A
Bayer 04 Leverkusen,19,Bundesliga
Galatasaray,68,Süper Lig
Newcastle United,13,Premier League
Al Hilal,350,Pro League
Juventus,31,Serie A
Aston Villa,13,Premier League
Lazio,31,Serie A
Cádiz,53,La Liga
Real Betis,53,La Liga
Athletic Club,53,La Liga
Atlético Madrid,53,La Liga
Tottenham Hotspur,13,Premier League
Sporting Braga,308,Primeira Liga
Al Nassr,350,Pro League
Bayer 04 Leverkusen,19,Bundesliga
Valencia,53,La Liga
Al Nassr,350,Pro League
Napoli,31,Serie A
Newcastle United,13,Premier League
FC Bayern München,19,Bundesliga
Fenerbahçe,68,Süper Lig
Manchester City,13,Premier League
Borussia Dortmund,19,Bundesliga
Manchester City,13,Premier League
Manchester United,13,Premier League
Real Madrid,53,La Liga
Everton,13,Premier League
Lens,16,Ligue 1
FC Barcelona,53,La Liga
Chelsea,13,Premier League
Mallorca,53,La Liga
Monaco,16,Ligue 1
Fenerbahçe,68,Süper Lig
Inter,31,Serie A
Newcastle United,13,Premier League
Inter,31,Serie A
Fulham,13,Premier League
Benfica,308,Primeira Liga
Bayer 04 Leverkusen,19,Bundesliga
FC Bayern München,19,Bundesliga
Liverpool,13,Premier League
RB Leipzig,19,Bundesliga
Real Madrid,53,La Liga
FC Barcelona,53,La Liga
Valencia,53,La Liga
Tottenham Hotspur,13,Premier League
Brighton & Hove Albion,13,Premier League
Paris Saint Germain,16,Ligue 1
Paris Saint Germain,16,Ligue 1
Real Sociedad,53,La Liga
Bayer 04 Leverkusen,19,Bundesliga
Feyenoord,10,Eredivisie
Las Palmas,53,La Liga
Manchester City,13,Premier League
FC Barcelona,53,La Liga
Porto,308,Primeira Liga
Sporting CP,308,Primeira Liga
Fiorentina,31,Serie A
Inter,31,Serie A
Olympique de Marseille,16,Ligue 1
Brighton & Hove Albion,13,Premier League
Real Sociedad,53,La Liga
Aston Villa,13,Premier League
FC Bayern München,19,Bundesliga
Atlético Madrid,53,La Liga
Real Sociedad,53,La Liga
West Ham United,13,Premier League
Sporting CP,308,Primeira Liga
Nottingham Forest,13,Premier League
Al Ahli Jeddah,350,Pro League
RB Leipzig,19,Bundesliga
Inter,31,Serie A
Borussia Dortmund,19,Bundesliga
Lazio,31,Serie A
Tottenham Hotspur,13,Premier League
Arsenal,13,Premier League
Bayer 04 Leverkusen,19,Bundesliga
Real Madrid,53,La Liga
Atalanta,31,Serie A
Flamengo,7,Série A
Atlético Mineiro,7,Série A
Atlético Mineiro,7,Série A
Bragantino,7,Série A
Corinthians,7,Série A
Bragantino,7,Série A
Aston Villa,13,Premier League
Inter,31,Serie A
Athletic Club,53,La Liga
Arsenal,13,Premier League
Milan,31,Serie A
Napoli,31,Serie A
Paris Saint Germain,16,Ligue 1
Eintracht Frankfurt,19,Bundesliga
West Ham United,13,Premier League
AFC Bournemouth,13,Premier League
PSV,10,Eredivisie
Arsenal,13,Premier League
Aston Villa,13,Premier League
Aston Villa,13,Premier League
Al Ahli Jeddah,350,Pro League
TSG Hoffenheim,19,Bundesliga
Al Ettifaq,350,Pro League
Al Hilal,350,Pro League
VfB Stuttgart,19,Bundesliga
Torino,31,Serie A
Atlético Madrid,53,La Liga
Benfica,308,Primeira Liga
SC Freiburg,19,Bundesliga
Real Betis,53,La Liga
Real Madrid,53,La Liga
Atlético Madrid,53,La Liga
Roma,31,Serie A
Real Betis,53,La Liga
Arsenal,13,Premier League
Real Madrid,53,La Liga
Borussia Dortmund,19,Bundesliga
Borussia Dortmund,19,Bundesliga
Girona,53,La Liga
Juventus,31,Serie A
Borussia Dortmund,19,Bundesliga
Atlético Madrid,53,La Liga
Napoli,31,Serie A
Lazio,31,Serie A
Olympique de Marseille,16,Ligue 1
Galatasaray,68,Süper Lig
Paris Saint Germain,16,Ligue 1
Ajax,10,Eredivisie
Brighton & Hove Albion,13,Premier League
Juventus,31,Serie A
Galatasaray,68,Süper Lig
Real Betis,53,La Liga
Sporting CP,308,Primeira Liga
TSG Hoffenheim,19,Bundesliga
Olympique Lyonnais,16,Ligue 1
Eintracht Frankfurt,19,Bundesliga
Olympique de Marseille,16,Ligue 1
Antwerp,4,Pro League
Ajax,10,Eredivisie
Milan,31,Serie A
Villarreal,53,La Liga
Al Shabab,350,Pro League
Anderlecht,4,Pro League
Porto,308,Primeira Liga
Tottenham Hotspur,13,Premier League
Girona,53,La Liga
Sporting CP,308,Primeira Liga
PSV,10,Eredivisie
Beşiktaş,68,Süper Lig
Atalanta,31,Serie A
Borussia Dortmund,19,Bundesliga
Athletic Club,53,La Liga
FC Bayern München,19,Bundesliga
Crystal Palace,13,Premier League
Bayer 04 Leverkusen,19,Bundesliga
Al Ahli Jeddah,350,Pro League
Bayer 04 Leverkusen,19,Bundesliga
Milan,31,Serie A
Monaco,16,Ligue 1
Nice,16,Ligue 1
Atlanta United,39,Major League Soccer
West Ham United,13,Premier League
Feyenoord,10,Eredivisie
Napoli,31,Serie A
RB Leipzig,19,Bundesliga
LOSC Lille,16,Ligue 1
Sassuolo,31,Serie A
RB Leipzig,19,Bundesliga
Porto,308,Primeira Liga
Lens,16,Ligue 1
Villarreal,53,La Liga
Lens,16,Ligue 1
Rennes,16,Ligue 1
Benfica,308,Primeira Liga
Tottenham Hotspur,13,Premier League
Fenerbahçe,68,Süper Lig
Crystal Palace,13,Premier League
Newcastle United,13,Premier League
Manchester United,13,Premier League
Real Sociedad,53,La Liga
Manchester United,13,Premier League
Liverpool,13,Premier League
Benfica,308,Primeira Liga
Real Sociedad,53,La Liga
Roma,31,Serie A
Newcastle United,13,Premier League
Valencia,53,La Liga
Internacional,7,Série A
Fluminense,7,Série A
Atlético Mineiro,7,Série A
Flamengo,7,Série A
Corinthians,7,Série A
Chelsea,13,Premier League
Galatasaray,68,Süper Lig
Manchester United,13,Premier League
AZ Alkmaar,10,Eredivisie
Real Sociedad,53,La Liga
Milan,31,Serie A
RB Leipzig,19,Bundesliga
Sporting CP,308,Primeira Liga
Aston Villa,13,Premier League
Real Sociedad,53,La Liga
Paris Saint Germain,16,Ligue 1
Tottenham Hotspur,13,Premier League
Real Sociedad,53,La Liga
Los Angeles FC,39,Major League Soccer
Monaco,16,Ligue 1
Athletic Club,53,La Liga
Liverpool,13,Premier League
Lazio,31,Serie A
Getafe,53,La Liga
Olympique de Marseille,16,Ligue 1
Mallorca,53,La Liga
Borussia Mönchengladbach,19,Bundesliga
Atalanta,31,Serie A
Borussia Mönchengladbach,19,Bundesliga
Olympique de Marseille,16,Ligue 1
Real Sociedad,53,La Liga
Aston Villa,13,Premier League
Napoli,31,Serie A
Ajax,10,Eredivisie
Rennes,16,Ligue 1
Milan,31,Serie A
Brentford,13,Premier League
Tottenham Hotspur,13,Premier League
Nottingham Forest,13,Premier League
Brentford,13,Premier League
Aston Villa,13,Premier League
Nashville SC,39,Major League Soccer
Galatasaray,68,Süper Lig
Atalanta,31,Serie A
VfL Wolfsburg,19,Bundesliga
Montpellier,16,Ligue 1
Sevilla,53,La Liga
Athletic Club,53,La Liga
Manchester United,13,Premier League
Roma,31,Serie A
Sevilla,53,La Liga
Al Ahli Jeddah,350,Pro League
Olympique de Marseille,16,Ligue 1
Girona,53,La Liga
Fiorentina,31,Serie A
Club Brugge,4,Pro League
FC Twente,10,Eredivisie
FC Barcelona,53,La Liga
FC Barcelona,53,La Liga
Olympique Lyonnais,16,Ligue 1
Toronto,39,Major League Soccer
Almería,53,La Liga
Liverpool,13,Premier League
Sevilla,53,La Liga
West Ham United,13,Premier League
Olympique Lyonnais,16,Ligue 1
Brighton & Hove Albion,13,Premier League
Manchester United,13,Premier League
Athletic Club,53,La Liga
PSV,10,Eredivisie
Athletic Club,53,La Liga
Inter,31,Serie A
Inter,31,Serie A
Inter,31,Serie A
Athletic Club,53,La Liga
Galatasaray,68,Süper Lig
Al Ettifaq,350,Pro League
Roma,31,Serie A
Atlético Madrid,53,La Liga
Los Angeles FC,39,Major League Soccer
Villarreal,53,La Liga
Sevilla,53,La Liga
Salernitana,31,Serie A
Paris Saint Germain,16,Ligue 1
Girona,53,La Liga
Benfica,308,Primeira Liga
Villarreal,53,La Liga
Inter,31,Serie A
Paris Saint Germain,16,Ligue 1
Porto,308,Primeira Liga
Bayer 04 Leverkusen,19,Bundesliga
Chelsea,13,Premier League
Manchester United,13,Premier League
Manchester City,13,Premier League
Everton,13,Premier League
Arsenal,13,Premier League
LOSC Lille,16,Ligue 1
Atlético Madrid,53,La Liga
Chelsea,13,Premier League
Monaco,16,Ligue 1
Manchester City,13,Premier League
Benfica,308,Primeira Liga
Liverpool,13,Premier League
Benfica,308,Primeira Liga
West Ham United,13,Premier League
Sporting CP,308,Primeira Liga
Stade de Reims,16,Ligue 1
Osasuna,53,La Liga
Torino,31,Serie A
Brentford,13,Premier League
Newcastle United,13,Premier League
Crystal Palace,13,Premier League
RB Leipzig,19,Bundesliga
Sporting CP,308,Primeira Liga
Torino,31,Serie A
Feyenoord,10,Eredivisie
Torino,31,Serie A
Milan,31,Serie A
Wolverhampton Wanderers,13,Premier League
Lazio,31,Serie A
PSV,10,Eredivisie
Chelsea,13,Premier League
Brentford,13,Premier League
Wolverhampton Wanderers,13,Premier League
RB Leipzig,19,Bundesliga
Chelsea,13,Premier League
Fiorentina,31,Serie A
Aston Villa,13,Premier League
Lazio,31,Serie A
West Ham United,13,Premier League
RB Leipzig,19,Bundesliga
Eintracht Frankfurt,19,Bundesliga
Lazio,31,Serie A
Al Ittihad,350,Pro League
Everton,13,Premier League
Celta de Vigo,53,La Liga
Monza,31,Serie A
Lazio,31,Serie A
PSV,10,Eredivisie
Almería,53,La Liga
Benfica,308,Primeira Liga
Minnesota United,39,Major League Soccer
Girona,53,La Liga
Crystal Palace,13,Premier League
Getafe,53,La Liga
Monaco,16,Ligue 1
Sporting Braga,308,Primeira Liga
Sevilla,53,La Liga
SC Freiburg,19,Bundesliga
Athletic Club,53,La Liga
Santos,7,Série A
Internacional,7,Série A
Bragantino,7,Série A
Fluminense,7,Série A
Internacional,7,Série A
Atlético Mineiro,7,Série A
Bragantino,7,Série A
Chelsea,13,Premier League
Fenerbahçe,68,Süper Lig
Monaco,16,Ligue 1
Chelsea,13,Premier League
Real Betis,53,La Liga
Inter,31,Serie A
Wolverhampton Wanderers,13,Premier League
Aston Villa,13,Premier League
Leicester City,14,Championship
Al Ain,2013,Pro League
Paris Saint Germain,16,Ligue 1
Aston Villa,13,Premier League
Sevilla,53,La Liga
Crystal Palace,13,Premier League
Manchester United,13,Premier League
,,
FC Union Berlin,19,Bundesliga
Real Madrid,53,La Liga
,,
RB Leipzig,19,Bundesliga
Manchester United,13,Premier League
Cincinnati,39,Major League Soccer
Mallorca,53,La Liga
Celta de Vigo,53,La Liga
Villarreal,53,La Liga
Rayo Vallecano,53,La Liga
Atalanta,31,Serie A
Real Betis,53,La Liga
Al Fateh,350,Pro League
PSV,10,Eredivisie
Atalanta,31,Serie A
Al Shabab,350,Pro League
Roma,31,Serie A
Wolverhampton Wanderers,13,Premier League
Al Ettifaq,350,Pro League
Al Nassr,350,Pro League
Wolverhampton Wanderers,13,Premier League
Aston Villa,13,Premier League
Rayo Vallecano,53,La Liga
Celtic,50,Premiership
New England,39,Major League Soccer
Olympique de Marseille,16,Ligue 1
Al Hilal,350,Pro League
Leicester City,14,Championship
SC Freiburg,19,Bundesliga
Nice,16,Ligue 1
Sevilla,53,La Liga
New York RB,39,Major League Soccer
Sporting Braga,308,Primeira Liga
Brighton & Hove Albion,13,Premier League
Osasuna,53,La Liga
Fiorentina,31,Serie A
Trabzonspor,68,Süper Lig
West Ham United,13,Premier League
West Ham United,13,Premier League
Everton,13,Premier League
Udinese,31,Serie A
FC Union Berlin,19,Bundesliga
Aston Villa,13,Premier League
Manchester City,13,Premier League
Feyenoord,10,Eredivisie
Nottingham Forest,13,Premier League
AZ Alkmaar,10,Eredivisie
Orlando City,39,Major League Soccer
Beşiktaş,68,Süper Lig
Juventus,31,Serie A
Rangers,50,Premiership
Inter,31,Serie A
Athletic Club,53,La Liga
Roma,31,Serie A
LOSC Lille,16,Ligue 1
Villarreal,53,La Liga
Fiorentina,31,Serie A
Atalanta,31,Serie A
Atlético Madrid,53,La Liga
Fenerbahçe,68,Süper Lig
Newell's Old Boys,353,Liga Profesional de Fútbol
Sporting CP,308,Primeira Liga
Al Nassr,350,Pro League
Galatasaray,68,Süper Lig
Real Betis,53,La Liga
Club Brugge,4,Pro League
Anderlecht,4,Pro League
Sevilla,53,La Liga
West Ham United,13,Premier League
Rennes,16,Ligue 1
Nice,16,Ligue 1
Juventus,31,Serie A
Atalanta,31,Serie A
PSV,10,Eredivisie
Paris Saint Germain,16,Ligue 1
RB Leipzig,19,Bundesliga
Girona,53,La Liga
Lens,16,Ligue 1
Real Betis,53,La Liga
Manchester United,13,Premier League
Al Ahli Jeddah,350,Pro League
Eintracht Frankfurt,19,Bundesliga
Ajax,10,Eredivisie
Eintracht Frankfurt,19,Bundesliga
Milan,31,Serie A
Burnley,13,Premier League
Brighton & Hove Albion,13,Premier League
Napoli,31,Serie A
Atlético Madrid,53,La Liga
Monza,31,Serie A
Ajax,10,Eredivisie
PSV,10,Eredivisie
Al Hilal,350,Pro League
Al Ain,2013,Pro League
Benfica,308,Primeira Liga
Feyenoord,10,Eredivisie
Osasuna,53,La Liga
Nice,16,Ligue 1
Rayo Vallecano,53,La Liga
Girona,53,La Liga
Aston Villa,13,Premier League
Borussia Dortmund,19,Bundesliga
Real Madrid,53,La Liga
Getafe,53,La Liga
Nottingham Forest,13,Premier League
West Ham United,13,Premier League
VfL Wolfsburg,19,Bundesliga
VfB Stuttgart,19,Bundesliga
Real Madrid,53,La Liga
Paris Saint Germain,16,Ligue 1
Rayo Vallecano,53,La Liga
Bologna,31,Serie A
Chelsea,13,Premier League
Girona,53,La Liga
Liverpool,13,Premier League
Porto,308,Primeira Liga
West Ham United,13,Premier League
Mallorca,53,La Liga
VfL Wolfsburg,19,Bundesliga
Crystal Palace,13,Premier League
Real Betis,53,La Liga
Rennes,16,Ligue 1
Fiorentina,31,Serie A
Arsenal,13,Premier League
Club Brugge,4,Pro League
LOSC Lille,16,Ligue 1
Monza,31,Serie A
Porto,308,Primeira Liga
Getafe,53,La Liga
FC Augsburg,19,Bundesliga
Juventus,31,Serie A
Fenerbahçe,68,Süper Lig
Nice,16,Ligue 1
Crystal Palace,13,Premier League
Newcastle United,13,Premier League
TSG Hoffenheim,19,Bundesliga
Manchester United,13,Premier League
Columbus Crew,39,Major League Soccer
Fiorentina,31,Serie A
Juventus,31,Serie A
Roma,31,Serie A
,,
Fenerbahçe,68,Süper Lig
,,
Beşiktaş,68,Süper Lig
Sevilla,53,La Liga
Paris Saint Germain,16,Ligue 1
Bologna,31,Serie A
AFC Bournemouth,13,Premier League
Arsenal,13,Premier League
Stade de Reims,16,Ligue 1
FC Union Berlin,19,Bundesliga
Milan,31,Serie A
Feyenoord,10,Eredivisie
Genoa,31,Serie A
Nantes,16,Ligue 1
Nottingham Forest,13,Premier League
Roma,31,Serie A
Fiorentina,31,Serie A
Sporting CP,308,Primeira Liga
Flamengo,7,Série A
Corinthians,7,Série A
Palmeiras,7,Série A
Flamengo,7,Série A
Flamengo,7,Série A
São Paulo,7,Série A
Santos,7,Série A
Bragantino,7,Série A
Flamengo,7,Série A
Internacional,7,Série A
Flamengo,7,Série A
Internacional,7,Série A
Celta de Vigo,53,La Liga
Stade Brestois 29,16,Ligue 1
Borussia Dortmund,19,Bundesliga
Inter,31,Serie A
Sevilla,53,La Liga
VfB Stuttgart,19,Bundesliga
Fulham,13,Premier League
Ajax,10,Eredivisie
AEK Athens,63,Super League
Getafe,53,La Liga
Villarreal,53,La Liga
Sparta Praha,319,First League
Sevilla,53,La Liga
Granada,53,La Liga
Atalanta,31,Serie A
Monaco,16,Ligue 1
Wolverhampton Wanderers,13,Premier League
Trabzonspor,68,Süper Lig
Trabzonspor,68,Süper Lig
Ajax,10,Eredivisie
PSV,10,Eredivisie
Antwerp,4,Pro League
Fiorentina,31,Serie A
Borussia Dortmund,19,Bundesliga
FC Köln,19,Bundesliga
Fiorentina,31,Serie A
Osasuna,53,La Liga
VfB Stuttgart,19,Bundesliga
Monaco,16,Ligue 1
Ferencváros,64,Nemzeti Bajnokság I
Lens,16,Ligue 1
Austin,39,Major League Soccer
Galatasaray,68,Süper Lig
Roma,31,Serie A
Olympique Lyonnais,16,Ligue 1
Getafe,53,La Liga
Newcastle United,13,Premier League
Torino,31,Serie A
Monza,31,Serie A
Olympique de Marseille,16,Ligue 1
VfB Stuttgart,19,Bundesliga
Sporting CP,308,Primeira Liga
Villarreal,53,La Liga
Crystal Palace,13,Premier League
Roma,31,Serie A
Lens,16,Ligue 1
Galatasaray,68,Süper Lig
Olympique Lyonnais,16,Ligue 1
Osasuna,53,La Liga
West Ham United,13,Premier League
Al Ittihad,350,Pro League
Fiorentina,31,Serie A
Al Shabab,350,Pro League
Atalanta,31,Serie A
Brighton & Hove Albion,13,Premier League
Atalanta,31,Serie A
Nottingham Forest,13,Premier League
Brighton & Hove Albion,13,Premier League
Roma,31,Serie A
Shakhtar Donetsk,332,Premier League
Crystal Palace,13,Premier League
Lorient,16,Ligue 1
Almería,53,La Liga
RB Leipzig,19,Bundesliga
FC Bayern München,19,Bundesliga
Bologna,31,Serie A
LOSC Lille,16,Ligue 1
Las Palmas,53,La Liga
SC Freiburg,19,Bundesliga
VfL Bochum 1848,19,Bundesliga
AZ Alkmaar,10,Eredivisie
Beşiktaş,68,Süper Lig
Mallorca,53,La Liga
Real Betis,53,La Liga
Newcastle United,13,Premier League
Cádiz,53,La Liga
Galatasaray,68,Süper Lig
RB Leipzig,19,Bundesliga
AFC Bournemouth,13,Premier League
Anderlecht,4,Pro League
Udinese,31,Serie A
Salernitana,31,Serie A
FC Barcelona,53,La Liga
Girona,53,La Liga
Udinese,31,Serie A
West Ham United,13,Premier League
Celta de Vigo,53,La Liga
Brentford,13,Premier League
Lazio,31,Serie A
Girona,53,La Liga
Boca Juniors,353,Liga Profesional de Fútbol
Salernitana,31,Serie A
Al Ittihad,350,Pro League
Sassuolo,31,Serie A
Houston Dynamo,39,Major League Soccer
Wolverhampton Wanderers,13,Premier League
Feyenoord,10,Eredivisie
Feyenoord,10,Eredivisie
Sporting CP,308,Primeira Liga
Roma,31,Serie A
Las Palmas,53,La Liga
Real Madrid,53,La Liga
Monaco,16,Ligue 1
Newcastle United,13,Premier League
Granada,53,La Liga
Porto,308,Primeira Liga
RB Leipzig,19,Bundesliga
Tottenham Hotspur,13,Premier League
Chelsea,13,Premier League
Chelsea,13,Premier League
Girona,53,La Liga
Fiorentina,31,Serie A
Juventus,31,Serie A
Torino,31,Serie A
FC Union Berlin,19,Bundesliga
Chelsea,13,Premier League
Porto,308,Primeira Liga
Villarreal,53,La Liga
Rennes,16,Ligue 1
TSG Hoffenheim,19,Bundesliga
Everton,13,Premier League
Arsenal,13,Premier League
Milan,31,Serie A
Celtic,50,Premiership
Bayer 04 Leverkusen,19,Bundesliga
Sevilla,53,La Liga
Lazio,31,Serie A
Nice,16,Ligue 1
Slavia Praha,319,First League
VfL Wolfsburg,19,Bundesliga
Nice,16,Ligue 1
Monaco,16,Ligue 1
Sparta Praha,319,First League
Lens,16,Ligue 1
Feyenoord,10,Eredivisie
Atalanta,31,Serie A
Tottenham Hotspur,13,Premier League
Slavia Praha,319,First League
Las Palmas,53,La Liga
Borussia Mönchengladbach,19,Bundesliga
Valencia,53,La Liga
Everton,13,Premier League
Almería,53,La Liga
Tottenham Hotspur,13,Premier League
Tottenham Hotspur,13,Premier League
Tottenham Hotspur,13,Premier League
Monaco,16,Ligue 1
Rennes,16,Ligue 1
Liverpool,13,Premier League
PAOK,63,Super League
Celtic,50,Premiership
Wolverhampton Wanderers,13,Premier League
Brentford,13,Premier League
PSV,10,Eredivisie
Girona,53,La Liga
Sporting CP,308,Primeira Liga
Dynamo Kyiv,332,Premier League
Almería,53,La Liga
Ajax,10,Eredivisie
Olympique de Marseille,16,Ligue 1
Wolverhampton Wanderers,13,Premier League
AFC Bournemouth,13,Premier League
Milan,31,Serie A
Al Taawon,350,Pro League
Getafe,53,La Liga
VfB Stuttgart,19,Bundesliga
Genoa,31,Serie A
Al Fayha,350,Pro League
Tottenham Hotspur,13,Premier League
Genoa,31,Serie A
Celta de Vigo,53,La Liga
Borussia Dortmund,19,Bundesliga
Celtic,50,Premiership
Napoli,31,Serie A
VfL Wolfsburg,19,Bundesliga
Heidenheim,19,Bundesliga
Getafe,53,La Liga
Eintracht Frankfurt,19,Bundesliga
Atlanta United,39,Major League Soccer
VfB Stuttgart,19,Bundesliga
Al Ahli Jeddah,350,Pro League
Manchester United,13,Premier League
Genoa,31,Serie A
Nottingham Forest,13,Premier League
Wolverhampton Wanderers,13,Premier League
Leicester City,14,Championship
Newcastle United,13,Premier League
,,
AFC Bournemouth,13,Premier League
Granada,53,La Liga
Feyenoord,10,Eredivisie
Nottingham Forest,13,Premier League
River Plate,353,Liga Profesional de Fútbol
Fenerbahçe,68,Süper Lig
Fiorentina,31,Serie A
Villarreal,53,La Liga
Galatasaray,68,Süper Lig
Al Fayha,350,Pro League
Stade de Reims,16,Ligue 1
Galatasaray,68,Süper Lig
Lanús,353,Liga Profesional de Fútbol
Stade de Reims,16,Ligue 1
Borussia Dortmund,19,Bundesliga
Borussia Mönchengladbach,19,Bundesliga
Brentford,13,Premier League
VfL Wolfsburg,19,Bundesliga
Fiorentina,31,Serie A
Al Taawon,350,Pro League
SC Freiburg,19,Bundesliga
Fiorentina,31,Serie A
,,
Chicago Fire,39,Major League Soccer
Borussia Mönchengladbach,19,Bundesliga
AFC Bournemouth,13,Premier League
SC Freiburg,19,Bundesliga
Liverpool,13,Premier League
Fenerbahçe,68,Süper Lig
Olympique de Marseille,16,Ligue 1
Borussia Mönchengladbach,19,Bundesliga
Bologna,31,Serie A
Fulham,13,Premier League
Sevilla,53,La Liga
Real Sociedad,53,La Liga
Stade Brestois 29,16,Ligue 1
Rennes,16,Ligue 1
Nottingham Forest,13,Premier League
Olympique Lyonnais,16,Ligue 1
Internacional,7,Série A
Palmeiras,7,Série A
Palmeiras,7,Série A
Atlético Mineiro,7,Série A
Flamengo,7,Série A
Fluminense,7,Série A
Palmeiras,7,Série A
Palmeiras,7,Série A
Palmeiras,7,Série A
Atlético Mineiro,7,Série A
VfL Wolfsburg,19,Bundesliga
Almería,53,La Liga
Cádiz,53,La Liga
Brentford,13,Premier League
Genk,4,Pro League
VfL Wolfsburg,19,Bundesliga
Fiorentina,31,Serie A
TSG Hoffenheim,19,Bundesliga
Celtic,50,Premiership
Lens,16,Ligue 1
Sporting CP,308,Primeira Liga
Antwerp,4,Pro League
Nottingham Forest,13,Premier League
AFC Bournemouth,13,Premier League
Fenerbahçe,68,Süper Lig
FSV Mainz 05,19,Bundesliga
Celta de Vigo,53,La Liga
Torino,31,Serie A
Brentford,13,Premier League
Nice,16,Ligue 1
Villarreal,53,La Liga
West Ham United,13,Premier League
TSG Hoffenheim,19,Bundesliga
Bologna,31,Serie A
Lens,16,Ligue 1
Roma,31,Serie A
Borussia Mönchengladbach,19,Bundesliga
Everton,13,Premier League
Borussia Mönchengladbach,19,Bundesliga
PAOK,63,Super League
AFC Bournemouth,13,Premier League
Al Ettifaq,350,Pro League
Atalanta,31,Serie A
Lazio,31,Serie A
Rennes,16,Ligue 1
Mallorca,53,La Liga
Cádiz,53,La Liga
Monaco,16,Ligue 1
Getafe,53,La Liga
Philadelphia Union,39,Major League Soccer
Napoli,31,Serie A
Fulham,13,Premier League
Milan,31,Serie A
River Plate,353,Liga Profesional de Fútbol
Real Betis,53,La Liga
Hellas Verona,31,Serie A
River Plate,353,Liga Profesional de Fútbol
River Plate,353,Liga Profesional de Fútbol
Atalanta,31,Serie A
Osasuna,53,La Liga
Porto,308,Primeira Liga
Al Ittihad,350,Pro League
Fulham,13,Premier League
LOSC Lille,16,Ligue 1
Toronto,39,Major League Soccer
VfL Wolfsburg,19,Bundesliga
Fenerbahçe,68,Süper Lig
Damac,350,Pro League
Sporting Braga,308,Primeira Liga
Lazio,31,Serie A
Manchester United,13,Premier League
Racing Club,353,Liga Profesional de Fútbol
Cádiz,53,La Liga
Beşiktaş,68,Süper Lig
Rayo Vallecano,53,La Liga
Vancouver Whitecaps,39,Major League Soccer
Fulham,13,Premier League
Sevilla,53,La Liga
Panathinaikos,63,Super League
Osasuna,53,La Liga
Everton,13,Premier League
RB Leipzig,19,Bundesliga
Werder Bremen,19,Bundesliga
Stade de Reims,16,Ligue 1
Borussia Mönchengladbach,19,Bundesliga
Tottenham Hotspur,13,Premier League
LOSC Lille,16,Ligue 1
Al Wahda,350,Pro League
Benfica,308,Primeira Liga
Real Zaragoza,54,La Liga 2
Real Betis,53,La Liga
Rayo Vallecano,53,La Liga
Anderlecht,4,Pro League
Atlético Madrid,53,La Liga
Montpellier,16,Ligue 1
FC Union Berlin,19,Bundesliga
Stade Brestois 29,16,Ligue 1
NEC,10,Eredivisie
Wolverhampton Wanderers,13,Premier League
Galatasaray,68,Süper Lig
Rayo Vallecano,53,La Liga
Werder Bremen,19,Bundesliga
Shakhtar Donetsk,332,Premier League
Wolverhampton Wanderers,13,Premier League
Real Betis,53,La Liga
LOSC Lille,16,Ligue 1
Osasuna,53,La Liga
Espanyol,54,La Liga 2
Mallorca,53,La Liga
Juventus,31,Serie A
Dallas,39,Major League Soccer
Bologna,31,Serie A
Saint Louis City,39,Major League Soccer
Osasuna,53,La Liga
Shanghai Port,2012,Super League
FC Bayern München,19,Bundesliga
Colo-Colo,335,Primera Division
Hajduk Split,317,Hrvatska nogometna liga
Fulham,13,Premier League
Boca Juniors,353,Liga Profesional de Fútbol
Porto,308,Primeira Liga
Rayo Vallecano,53,La Liga
Athletic Club,53,La Liga
Brighton & Hove Albion,13,Premier League
Benfica,308,Primeira Liga
FC Barcelona,53,La Liga
Nottingham Forest,13,Premier League
Benfica,308,Primeira Liga
Atlético Madrid,53,La Liga
Sporting Braga,308,Primeira Liga
Eintracht Frankfurt,19,Bundesliga
Atlético Madrid,53,La Liga
Chelsea,13,Premier League
LOSC Lille,16,Ligue 1
Manchester United,13,Premier League
Las Palmas,53,La Liga
Atalanta,31,Serie A
Al Ain,2013,Pro League
Valencia,53,La Liga
Stade Brestois 29,16,Ligue 1
Gil Vicente,308,Primeira Liga
Porto,308,Primeira Liga
Athletic Club,53,La Liga
Al Fateh,350,Pro League
San Lorenzo,353,Liga Profesional de Fútbol
Wolverhampton Wanderers,13,Premier League
Galatasaray,68,Süper Lig
RB Leipzig,19,Bundesliga
Eintracht Frankfurt,19,Bundesliga
PSV,10,Eredivisie
Rennes,16,Ligue 1
Union Saint-Gilloise,4,Pro League
Benfica,308,Primeira Liga
Nice,16,Ligue 1
Olympique de Marseille,16,Ligue 1
Porto,308,Primeira Liga
Chelsea,13,Premier League
Torino,31,Serie A
Rennes,16,Ligue 1
Racing Club,353,Liga Profesional de Fútbol
Nice,16,Ligue 1
Feyenoord,10,Eredivisie
Juventus,31,Serie A
Leeds United,14,Championship
VfB Stuttgart,19,Bundesliga
Bayer 04 Leverkusen,19,Bundesliga
Brentford,13,Premier League
Eintracht Frankfurt,19,Bundesliga
Sparta Praha,319,First League
Galatasaray,68,Süper Lig
Eintracht Frankfurt,19,Bundesliga
River Plate,353,Liga Profesional de Fútbol
Al Hilal,350,Pro League
Olympique Lyonnais,16,Ligue 1
Bayer 04 Leverkusen,19,Bundesliga
LOSC Lille,16,Ligue 1
Fiorentina,31,Serie A
Chelsea,13,Premier League
Fiorentina,31,Serie A
Sevilla,53,La Liga
Napoli,31,Serie A
FSV Mainz 05,19,Bundesliga
Almería,53,La Liga
Monaco,16,Ligue 1
Nice,16,Ligue 1
Dallas,39,Major League Soccer
Espanyol,54,La Liga 2
Everton,13,Premier League
Dynamo Kyiv,332,Premier League
VfL Wolfsburg,19,Bundesliga
Manchester United,13,Premier League
Milan,31,Serie A
Rayo Vallecano,53,La Liga
Everton,13,Premier League
AZ Alkmaar,10,Eredivisie
LA Galaxy,39,Major League Soccer
Salzburg,80,Bundesliga
,,
Real Betis,53,La Liga
Al Wahda,350,Pro League
Olympique de Marseille,16,Ligue 1
Brighton & Hove Albion,13,Premier League
Deportivo Alavés,53,La Liga
Crystal Palace,13,Premier League
Napoli,31,Serie A
Nottingham Forest,13,Premier League
Boca Juniors,353,Liga Profesional de Fútbol
Celta de Vigo,53,La Liga
LOSC Lille,16,Ligue 1
Sporting Braga,308,Primeira Liga
Cincinnati,39,Major League Soccer
Philadelphia Union,39,Major League Soccer
Rennes,16,Ligue 1
FC Köln,19,Bundesliga
Sporting Braga,308,Primeira Liga
Cádiz,53,La Liga
Lecce,31,Serie A
Al Hilal,350,Pro League
Rosario Central,353,Liga Profesional de Fútbol
,,
AFC Bournemouth,13,Premier League
İstanbul Başakşehir,68,Süper Lig
Arsenal,13,Premier League
Fulham,13,Premier League
AFC Bournemouth,13,Premier League
Empoli,31,Serie A
Leeds United,14,Championship
Olympique Lyonnais,16,Ligue 1
PSV,10,Eredivisie
Olympique de Marseille,16,Ligue 1
Toulouse,16,Ligue 1
Brentford,13,Premier League
Leicester City,14,Championship
Porto,308,Primeira Liga
Nice,16,Ligue 1
Hajduk Split,317,Hrvatska nogometna liga
FC Union Berlin,19,Bundesliga
Al Ittihad,350,Pro League
VfB Stuttgart,19,Bundesliga
Olympique Lyonnais,16,Ligue 1
Real Sociedad,53,La Liga
FC Union Berlin,19,Bundesliga
Roma,31,Serie A
Nottingham Forest,13,Premier League
River Plate,353,Liga Profesional de Fútbol
,,
Sparta Praha,319,First League
Estudiantes,353,Liga Profesional de Fútbol
Porto,308,Primeira Liga
Everton,13,Premier League
Leicester City,14,Championship
Sparta Praha,319,First League
Chelsea,13,Premier League
Shandong Taishan,2012,Super League
Valencia,53,La Liga
AEK Athens,63,Super League
Bragantino,7,Série A
Santos,7,Série A
Atlético Mineiro,7,Série A
Bragantino,7,Série A
Atlético Mineiro,7,Série A
Palmeiras,7,Série A
Palmeiras,7,Série A
Santos,7,Série A
Athletico Paranaense,7,Série A
Athletico Paranaense,7,Série A
Atlético Mineiro,7,Série A
América Mineiro,7,Série A
Millonarios,336,Categoría Primera A
Shakhtar Donetsk,332,Premier League
Leeds United,14,Championship
AEK Athens,63,Super League
Anderlecht,4,Pro League
TSG Hoffenheim,19,Bundesliga
Burnley,13,Premier League
Southampton,14,Championship
Al Taawon,350,Pro League
VfB Stuttgart,19,Bundesliga
Toulouse,16,Ligue 1
FC Union Berlin,19,Bundesliga
Lens,16,Ligue 1
Al Taawon,350,Pro League
Real Betis,53,La Liga
Monaco,16,Ligue 1
Leicester City,14,Championship
Leicester City,14,Championship
Athletic Club,53,La Liga
Villarreal,53,La Liga
Fiorentina,31,Serie A
Al Shabab,350,Pro League
AEK Athens,63,Super League
Roma,31,Serie A
Deportivo Alavés,53,La Liga
Al Khaleej,350,Pro League
Brentford,13,Premier League
Sparta Rotterdam,10,Eredivisie
Real Sociedad,53,La Liga
Racing Club,353,Liga Profesional de Fútbol
Celta de Vigo,53,La Liga
Fulham,13,Premier League
Bodø / Glimt,41,Eliteserien
Fulham,13,Premier League
Granada,53,La Liga
FSV Mainz 05,19,Bundesliga
Eintracht Frankfurt,19,Bundesliga
Werder Bremen,19,Bundesliga
Lens,16,Ligue 1
Independiente del Valle,2018,Liga Pro
Empoli,31,Serie A
Cagliari,31,Serie A
Aston Villa,13,Premier League
Las Palmas,53,La Liga
Almería,53,La Liga
River Plate,353,Liga Profesional de Fútbol
Boca Juniors,353,Liga Profesional de Fútbol
FSV Mainz 05,19,Bundesliga
Damac,350,Pro League
Olympique Lyonnais,16,Ligue 1
Real Salt Lake,39,Major League Soccer
Gent,4,Pro League
Nantes,16,Ligue 1
Porto,308,Primeira Liga
TSG Hoffenheim,19,Bundesliga
Athletic Club,53,La Liga
West Ham United,13,Premier League
Dinamo Zagreb,317,Hrvatska nogometna liga
Talleres Córdoba,353,Liga Profesional de Fútbol
Barcelona Guayaquil,2018,Liga Pro
Antalyaspor,68,Süper Lig
Ajax,10,Eredivisie
Lorient,16,Ligue 1
Nashville SC,39,Major League Soccer
FC Union Berlin,19,Bundesliga
Al Ettifaq,350,Pro League
Napoli,31,Serie A
Nice,16,Ligue 1
Lazio,31,Serie A
Brentford,13,Premier League
Lecce,31,Serie A
Hannover 96,20,2. Bundesliga
Al Ittihad,350,Pro League
FC Augsburg,19,Bundesliga
Lugano,189,Super League
Union Saint-Gilloise,4,Pro League
Al Wahda,350,Pro League
Leicester City,14,Championship
Lens,16,Ligue 1
FC Twente,10,Eredivisie
Olympique Lyonnais,16,Ligue 1
Panathinaikos,63,Super League
Everton,13,Premier League
Cremonese,32,Serie B
Villarreal,53,La Liga
Montpellier,16,Ligue 1
Servette,189,Super League
Lazio,31,Serie A
Newcastle United,13,Premier League
Juventus,31,Serie A
Seattle Sounders,39,Major League Soccer
Hajduk Split,317,Hrvatska nogometna liga
Villarreal,53,La Liga
Panathinaikos,63,Super League
Girona,53,La Liga
Boca Juniors,353,Liga Profesional de Fútbol
Fenerbahçe,68,Süper Lig
VfL Bochum 1848,19,Bundesliga
TSG Hoffenheim,19,Bundesliga
Fulham,13,Premier League
Newcastle United,13,Premier League
Inter,31,Serie A
Rangers,50,Premiership
Monza,31,Serie A
Nottingham Forest,13,Premier League
Trabzonspor,68,Süper Lig
FC Augsburg,19,Bundesliga
Lens,16,Ligue 1
Boca Juniors,353,Liga Profesional de Fútbol
Villarreal,53,La Liga
Al Fateh,350,Pro League
Eintracht Frankfurt,19,Bundesliga
PAOK,63,Super League
SC Freiburg,19,Bundesliga
Real Valladolid,54,La Liga 2
Monza,31,Serie A
Burnley,13,Premier League
Sporting Braga,308,Primeira Liga
Atlético Nacional,336,Categoría Primera A
West Ham United,13,Premier League
Fulham,13,Premier League
Real Betis,53,La Liga
Olympique Lyonnais,16,Ligue 1
FC Köln,19,Bundesliga
Everton,13,Premier League
Torino,31,Serie A
FC Köln,19,Bundesliga
Napoli,31,Serie A
Fulham,13,Premier League
Everton,13,Premier League
TSG Hoffenheim,19,Bundesliga
Fenerbahçe,68,Süper Lig
Sparta Rotterdam,10,Eredivisie
Fiorentina,31,Serie A
Athletic Club,53,La Liga
Lecce,31,Serie A
Nantes,16,Ligue 1
West Ham United,13,Premier League
Leicester City,14,Championship
Gil Vicente,308,Primeira Liga
Boca Juniors,353,Liga Profesional de Fútbol
Rennes,16,Ligue 1
Eintracht Frankfurt,19,Bundesliga
Nottingham Forest,13,Premier League
Villarreal,53,La Liga
Sparta Praha,319,First League
FSV Mainz 05,19,Bundesliga
Sparta Praha,319,First League
Beşiktaş,68,Süper Lig
Athletico Paranaense,7,Série A
Las Palmas,53,La Liga
Juventus,31,Serie A
Adana Demirspor,68,Süper Lig
Monaco,16,Ligue 1
Bayer 04 Leverkusen,19,Bundesliga
Venezia,32,Serie B
TSG Hoffenheim,19,Bundesliga
Werder Bremen,19,Bundesliga
Luton Town,13,Premier League
Portland Timbers,39,Major League Soccer
Rangers,50,Premiership
Eintracht Frankfurt,19,Bundesliga
Los Angeles FC,39,Major League Soccer
LA Galaxy,39,Major League Soccer
Viktoria Plzeň,319,First League
Beşiktaş,68,Süper Lig
Gent,4,Pro League
Sporting Charleroi,4,Pro League
Real Valladolid,54,La Liga 2
Borussia Mönchengladbach,19,Bundesliga
Udinese,31,Serie A
Panathinaikos,63,Super League
Stade de Reims,16,Ligue 1
Bayer 04 Leverkusen,19,Bundesliga
Sheffield United,13,Premier League
,,
Luton Town,13,Premier League
Casa Pia,308,Primeira Liga
TSG Hoffenheim,19,Bundesliga
Nantes,16,Ligue 1
Salernitana,31,Serie A
Luton Town,13,Premier League
Napoli,31,Serie A
Corinthians,7,Série A
FC Union Berlin,19,Bundesliga
Cádiz,53,La Liga
Las Palmas,53,La Liga
PAOK,63,Super League
Santos,7,Série A
Sassuolo,31,Serie A
Boca Juniors,353,Liga Profesional de Fútbol
Arsenal,13,Premier League
Colorado Rapids,39,Major League Soccer
Palmeiras,7,Série A
Nantes,16,Ligue 1
Talleres Córdoba,353,Liga Profesional de Fútbol
VfL Wolfsburg,19,Bundesliga
Fulham,13,Premier League
Lecce,31,Serie A
Independiente,353,Liga Profesional de Fútbol
Seattle Sounders,39,Major League Soccer
Widzew Łódź,66,Ekstraklasa
Trabzonspor,68,Süper Lig
Famalicão,308,Primeira Liga
Milan,31,Serie A
København,1,Superliga
Inter Miami,39,Major League Soccer
Arouca,308,Primeira Liga
Napoli,31,Serie A
Midtjylland,1,Superliga
Olympique de Marseille,16,Ligue 1
Brighton & Hove Albion,13,Premier League
Newcastle United,13,Premier League
AEK Athens,63,Super League
Southampton,14,Championship
AEK Athens,63,Super League
Fulham,13,Premier League
Al Shabab,350,Pro League
Fulham,13,Premier League
Rio Ave,308,Primeira Liga
Real Betis,53,La Liga
Werder Bremen,19,Bundesliga
Nantes,16,Ligue 1
Osasuna,53,La Liga
AEK Athens,63,Super League
Panathinaikos,63,Super League
Rangers,50,Premiership
Werder Bremen,19,Bundesliga
Corinthians,7,Série A
AEK Athens,63,Super League
Fenerbahçe,68,Süper Lig
AFC Bournemouth,13,Premier League
Getafe,53,La Liga
AZ Alkmaar,10,Eredivisie
Colo-Colo,335,Primera Division
FC Augsburg,19,Bundesliga
Beşiktaş,68,Süper Lig
Junior,336,Categoría Primera A
Mallorca,53,La Liga
Athletico Paranaense,7,Série A
Como,32,Serie B
Cagliari,31,Serie A
Burgos,54,La Liga 2
Cádiz,53,La Liga
Palermo,32,Serie B
Porto,308,Primeira Liga
Stade de Reims,16,Ligue 1
Genk,4,Pro League
FC Augsburg,19,Bundesliga
FC Augsburg,19,Bundesliga
Monza,31,Serie A
Elche,54,La Liga 2
Leicester City,14,Championship
FC Augsburg,19,Bundesliga
FC Union Berlin,19,Bundesliga
Real Oviedo,54,La Liga 2
İstanbul Başakşehir,68,Süper Lig
Lens,16,Ligue 1
AEK Athens,63,Super League
Olympique de Marseille,16,Ligue 1
Boca Juniors,353,Liga Profesional de Fútbol
Al Ettifaq,350,Pro League
Famalicão,308,Primeira Liga
Vizela,308,Primeira Liga
,,
River Plate,353,Liga Profesional de Fútbol
Shakhtar Donetsk,332,Premier League
LASK Linz,80,Bundesliga
Deportivo Alavés,53,La Liga
Crystal Palace,13,Premier League
Flamengo,7,Série A
Villarreal,53,La Liga
Flamengo,7,Série A
San Lorenzo,353,Liga Profesional de Fútbol
Deportivo Alavés,53,La Liga
Eintracht Frankfurt,19,Bundesliga
Fenerbahçe,68,Süper Lig
Dallas,39,Major League Soccer
Cádiz,53,La Liga
PAOK,63,Super League
Dallas,39,Major League Soccer
Girona,53,La Liga
Heidenheim,19,Bundesliga
Salernitana,31,Serie A
Racing Santander,54,La Liga 2
San Jose Earthquakes,39,Major League Soccer
Bologna,31,Serie A
Le Havre,16,Ligue 1
Charlotte,39,Major League Soccer
Getafe,53,La Liga
Al Ettifaq,350,Pro League
TSG Hoffenheim,19,Bundesliga
Viktoria Plzeň,319,First League
Ankaragücü,68,Süper Lig
VfL Wolfsburg,19,Bundesliga
Rennes,16,Ligue 1
Sheffield United,13,Premier League
PSV,10,Eredivisie
Stade Brestois 29,16,Ligue 1
Valencia,53,La Liga
Atalanta,31,Serie A
Sporting Braga,308,Primeira Liga
FSV Mainz 05,19,Bundesliga
Almería,53,La Liga
AEK Athens,63,Super League
Sparta Praha,319,First League
Leicester City,14,Championship
Shakhtar Donetsk,332,Premier League
VfB Stuttgart,19,Bundesliga
São Paulo,7,Série A
Brentford,13,Premier League
PSV,10,Eredivisie
Cádiz,53,La Liga
Orlando City,39,Major League Soccer
Bologna,31,Serie A
Millonarios,336,Categoría Primera A
San Jose Earthquakes,39,Major League Soccer
Tottenham Hotspur,13,Premier League
Nantes,16,Ligue 1
Celta de Vigo,53,La Liga
,,
Celta de Vigo,53,La Liga
Salzburg,80,Bundesliga
Stade Brestois 29,16,Ligue 1
Beşiktaş,68,Süper Lig
Estudiantes,353,Liga Profesional de Fútbol
Manchester United,13,Premier League
Gaziantep F.K.,68,Süper Lig
Konyaspor,68,Süper Lig
Toulouse,16,Ligue 1
Slavia Praha,319,First League
Anderlecht,4,Pro League
Everton,13,Premier League
River Plate,353,Liga Profesional de Fútbol
Montpellier,16,Ligue 1
Sevilla,53,La Liga
Juventus,31,Serie A
Levante,54,La Liga 2
SC Freiburg,19,Bundesliga
Salzburg,80,Bundesliga
Osasuna,53,La Liga
Udinese,31,Serie A
Nottingham Forest,13,Premier League
Leeds United,14,Championship
Nottingham Forest,13,Premier League
Crystal Palace,13,Premier League
Udinese,31,Serie A
Atlético Mineiro,7,Série A
Montpellier,16,Ligue 1
FC Köln,19,Bundesliga
Nice,16,Ligue 1
Argentinos Juniors,353,Liga Profesional de Fútbol
Las Palmas,53,La Liga
New England,39,Major League Soccer
FC Augsburg,19,Bundesliga
Las Palmas,53,La Liga
FC Bayern München,19,Bundesliga
Trabzonspor,68,Süper Lig
Leeds United,14,Championship
Heidenheim,19,Bundesliga
Borussia Mönchengladbach,19,Bundesliga
Villarreal,53,La Liga
Porto,308,Primeira Liga
Slavia Praha,319,First League
Crystal Palace,13,Premier League
Nottingham Forest,13,Premier League
Brighton & Hove Albion,13,Premier League
Osasuna,53,La Liga
Anderlecht,4,Pro League
Samsunspor,68,Süper Lig
Gent,4,Pro League
Galatasaray,68,Süper Lig
Leicester City,14,Championship
Nottingham Forest,13,Premier League
Fatih Karagümrük,68,Süper Lig
Real Sociedad,53,La Liga
Levante,54,La Liga 2
Borussia Dortmund,19,Bundesliga
Beijing Guoan,2012,Super League
Club Brugge,4,Pro League
Monaco,16,Ligue 1
Clermont,16,Ligue 1
Genoa,31,Serie A
Argentinos Juniors,353,Liga Profesional de Fútbol
Strasbourg,16,Ligue 1
Ferencváros,64,Nemzeti Bajnokság I
Almería,53,La Liga
Hearts,50,Premiership
Roma,31,Serie A
Minnesota United,39,Major League Soccer
Rangers,50,Premiership
Milan,31,Serie A
Paris Saint Germain,16,Ligue 1
Espanyol,54,La Liga 2
Feyenoord,10,Eredivisie
Vélez Sarsfield,353,Liga Profesional de Fútbol
Dynamo Kyiv,332,Premier League
Beşiktaş,68,Süper Lig
Independiente del Valle,2018,Liga Pro
VfL Bochum 1848,19,Bundesliga
San Lorenzo,353,Liga Profesional de Fútbol
Antwerp,4,Pro League
Portimonense,308,Primeira Liga
Celta de Vigo,53,La Liga
Brentford,13,Premier League
Brighton & Hove Albion,13,Premier League
Sparta Praha,319,First League
TSG Hoffenheim,19,Bundesliga
Fulham,13,Premier League
FSV Mainz 05,19,Bundesliga
TSG Hoffenheim,19,Bundesliga
FC Union Berlin,19,Bundesliga
Godoy Cruz,353,Liga Profesional de Fútbol
Leeds United,14,Championship
Borussia Dortmund,19,Bundesliga
Real Betis,53,La Liga
VfB Stuttgart,19,Bundesliga
Como,32,Serie B
Crystal Palace,13,Premier League
Zhejiang,2012,Super League
FC Köln,19,Bundesliga
Osasuna,53,La Liga
Valencia,53,La Liga
Nottingham Forest,13,Premier League
Las Palmas,53,La Liga
Sassuolo,31,Serie A
Fluminense,7,Série A
LOSC Lille,16,Ligue 1
Panathinaikos,63,Super League
Damac,350,Pro League
Independiente,353,Liga Profesional de Fútbol
Monza,31,Serie A
Sparta Praha,319,First League
Boca Juniors,353,Liga Profesional de Fútbol
Hertha BSC,20,2. Bundesliga
Nice,16,Ligue 1
LDU Quito,2018,Liga Pro
Genk,4,Pro League
Sporting Gijón,54,La Liga 2
Leicester City,14,Championship
Flamengo,7,Série A
Wolverhampton Wanderers,13,Premier League
Villarreal,53,La Liga
København,1,Superliga
Rangers,50,Premiership
Brighton & Hove Albion,13,Premier League
Fulham,13,Premier League
Aston Villa,13,Premier League
Ulsan,83,K League 1
Daegu,83,K League 1
Mallorca,53,La Liga
Santos,7,Série A
Philadelphia Union,39,Major League Soccer
Anderlecht,4,Pro League
İstanbul Başakşehir,68,Süper Lig
Crystal Palace,13,Premier League
Panathinaikos,63,Super League
Mallorca,53,La Liga
Fiorentina,31,Serie A
Sevilla,53,La Liga
Chelsea,13,Premier League
Burnley,13,Premier League
Panathinaikos,63,Super League
Lens,16,Ligue 1
Panathinaikos,63,Super League
LOSC Lille,16,Ligue 1
FC Augsburg,19,Bundesliga
Benfica,308,Primeira Liga
FSV Mainz 05,19,Bundesliga
Athletico Paranaense,7,Série A
Rangers,50,Premiership
Slavia Praha,319,First League
Manchester City,13,Premier League
Strasbourg,16,Ligue 1
Portimonense,308,Primeira Liga
Mallorca,53,La Liga
FC Twente,10,Eredivisie
Al Ittihad,350,Pro League
Boca Juniors,353,Liga Profesional de Fútbol
Eintracht Frankfurt,19,Bundesliga
Sunderland,14,Championship
Clermont,16,Ligue 1
AFC Bournemouth,13,Premier League
FC Twente,10,Eredivisie
Feyenoord,10,Eredivisie
Panathinaikos,63,Super League
Leeds United,14,Championship
Nice,16,Ligue 1
Mallorca,53,La Liga
Salernitana,31,Serie A
Roma,31,Serie A
Antwerp,4,Pro League
Stade de Reims,16,Ligue 1
Mallorca,53,La Liga
Leicester City,14,Championship
Burnley,13,Premier League
Rayo Vallecano,53,La Liga
Talleres Córdoba,353,Liga Profesional de Fútbol
Fulham,13,Premier League
FC Köln,19,Bundesliga
Sparta Praha,319,First League
Sassuolo,31,Serie A
Coventry City,14,Championship
Dynamo Kyiv,332,Premier League
Panathinaikos,63,Super League
Mallorca,53,La Liga
Club Brugge,4,Pro League
Borussia Mönchengladbach,19,Bundesliga
Rosario Central,353,Liga Profesional de Fútbol
,,
Rizespor,68,Süper Lig
Udinese,31,Serie A
Luton Town,13,Premier League
Sporting Braga,308,Primeira Liga
Brighton & Hove Albion,13,Premier League
Burnley,13,Premier League
Columbus Crew,39,Major League Soccer
FSV Mainz 05,19,Bundesliga
FC Union Berlin,19,Bundesliga
Toulouse,16,Ligue 1
Stade Brestois 29,16,Ligue 1
River Plate,353,Liga Profesional de Fútbol
Sporting Gijón,54,La Liga 2
Sporting CP,308,Primeira Liga
Sheffield United,13,Premier League
Sporting Braga,308,Primeira Liga
Borussia Mönchengladbach,19,Bundesliga
Häcken,56,Allsvenskan
Saint Louis City,39,Major League Soccer
Everton,13,Premier League
Milan,31,Serie A
Vitória SC,308,Primeira Liga
Torino,31,Serie A
FSV Mainz 05,19,Bundesliga
PAOK,63,Super League
Cádiz,53,La Liga
Libertad,337,Primera División
Torino,31,Serie A
,,
Arsenal,13,Premier League
Ferencváros,64,Nemzeti Bajnokság I
Deportivo Alavés,53,La Liga
Sheffield United,13,Premier League
Fortaleza,7,Série A
Leeds United,14,Championship
Stade Brestois 29,16,Ligue 1
Everton,13,Premier League
Rayo Vallecano,53,La Liga
AZ Alkmaar,10,Eredivisie
Athletic Club,53,La Liga
Raków Częstochowa,66,Ekstraklasa
FSV Mainz 05,19,Bundesliga
Burnley,13,Premier League
Torino,31,Serie A
Norwich City,14,Championship
Udinese,31,Serie A
Clermont,16,Ligue 1
Gimnasia La Plata,353,Liga Profesional de Fútbol
Fenerbahçe,68,Süper Lig
Real Valladolid,54,La Liga 2
Genoa,31,Serie A
Ferencváros,64,Nemzeti Bajnokság I
Deportivo Alavés,53,La Liga
Defensa y Justicia,353,Liga Profesional de Fútbol
Rizespor,68,Süper Lig
Panathinaikos,63,Super League
Anderlecht,4,Pro League
Ajax,10,Eredivisie
Al Khaleej,350,Pro League
Fulham,13,Premier League
Millwall,14,Championship
Union Saint-Gilloise,4,Pro League
Barcelona Guayaquil,2018,Liga Pro
Montpellier,16,Ligue 1
Panathinaikos,63,Super League
Independiente,353,Liga Profesional de Fútbol
Osasuna,53,La Liga
Botafogo,7,Série A
Liverpool,13,Premier League
,,
Genk,4,Pro League
FC Köln,19,Bundesliga
Racing Santander,54,La Liga 2
Porto,308,Primeira Liga
Al Fateh,350,Pro League
América Mineiro,7,Série A
Al Okhdood,350,Pro League
Brighton & Hove Albion,13,Premier League
Roma,31,Serie A
Burgos,54,La Liga 2
Werder Bremen,19,Bundesliga
Salernitana,31,Serie A
Incheon United,83,K League 1
Antwerp,4,Pro League
San Jose Earthquakes,39,Major League Soccer
River Plate,353,Liga Profesional de Fútbol
Slavia Praha,319,First League
SD Eibar,54,La Liga 2
Konyaspor,68,Süper Lig
Panathinaikos,63,Super League
FSV Mainz 05,19,Bundesliga
Rangers,50,Premiership
Basel,189,Super League
Al Ettifaq,350,Pro League
Hannover 96,20,2. Bundesliga
St. Gallen,189,Super League
Internacional,7,Série A
Lazio,31,Serie A
Lanús,353,Liga Profesional de Fútbol
AFC Bournemouth,13,Premier League
Bologna,31,Serie A
Sparta Praha,319,First League
Espanyol,54,La Liga 2
Melbourne City,351,A-League Men
Adana Demirspor,68,Süper Lig
Gent,4,Pro League
LOSC Lille,16,Ligue 1
VfL Bochum 1848,19,Bundesliga
FC Bayern München,19,Bundesliga
Hellas Verona,31,Serie A
Southampton,14,Championship
Deportivo Alavés,53,La Liga
Bologna,31,Serie A
Flamengo,7,Série A
DC United,39,Major League Soccer
Borussia Dortmund,19,Bundesliga
Napoli,31,Serie A
Rangers,50,Premiership
Flamengo,7,Série A
Celtic,50,Premiership
VfL Wolfsburg,19,Bundesliga
Leicester City,14,Championship
Club Brugge,4,Pro League
VfL Bochum 1848,19,Bundesliga
Beşiktaş,68,Süper Lig
Cincinnati,39,Major League Soccer
Werder Bremen,19,Bundesliga
Estudiantes,353,Liga Profesional de Fútbol
Celtic,50,Premiership
FC Köln,19,Bundesliga
Toulouse,16,Ligue 1
Inter Miami,39,Major League Soccer
Saint Louis City,39,Major League Soccer
Philadelphia Union,39,Major League Soccer
Fluminense,7,Série A
Ulsan,83,K League 1
Cremonese,32,Serie B
Mechelen,4,Pro League
Al Hazem,350,Pro League
Deportivo Alavés,53,La Liga
Granada,53,La Liga
Stoke City,14,Championship
Legia Warszawa,66,Ekstraklasa
Club Brugge,4,Pro League
Al Fayha,350,Pro League
Real Valladolid,54,La Liga 2
FC Augsburg,19,Bundesliga
Sassuolo,31,Serie A
Darmstadt 98,19,Bundesliga
Sheffield United,13,Premier League
Benfica,308,Primeira Liga
St. Gallen,189,Super League
Botafogo,7,Série A
Chicago Fire,39,Major League Soccer
Colón,353,Liga Profesional de Fútbol
Bragantino,7,Série A
Club Brugge,4,Pro League
Brentford,13,Premier League
Mallorca,53,La Liga
Sassuolo,31,Serie A
Inter,31,Serie A
Stade Brestois 29,16,Ligue 1
Granada,53,La Liga
São Paulo,7,Série A
Sassuolo,31,Serie A
København,1,Superliga
LOSC Lille,16,Ligue 1
Empoli,31,Serie A
Everton,13,Premier League
,,
Palmeiras,7,Série A
Mallorca,53,La Liga
Lecce,31,Serie A
Real Betis,53,La Liga
Palmeiras,7,Série A
Estudiantes,353,Liga Profesional de Fútbol
Monza,31,Serie A
Sturm Graz,80,Bundesliga
VfL Wolfsburg,19,Bundesliga
Getafe,53,La Liga
Fortaleza,7,Série A
Al Taawon,350,Pro League
Al Wahda,350,Pro League
Werder Bremen,19,Bundesliga
Amiens SC,17,Ligue 2
Atlético Mineiro,7,Série A
Chengdu Rongcheng,2012,Super League
Ipswich Town,14,Championship
København,1,Superliga
Real Valladolid,54,La Liga 2
Club Brugge,4,Pro League
Metz,16,Ligue 1
AFC Bournemouth,13,Premier League
Juventus,31,Serie A
Defensor Sporting,338,Primera División
,,
Shandong Taishan,2012,Super League
Panathinaikos,63,Super League
Racing Club,353,Liga Profesional de Fútbol
Viktoria Plzeň,319,First League
Leeds United,14,Championship
Sassuolo,31,Serie A
FC Twente,10,Eredivisie
FSV Mainz 05,19,Bundesliga
Brighton & Hove Albion,13,Premier League
Columbus Crew,39,Major League Soccer
Union Saint-Gilloise,4,Pro League
Racing Club,353,Liga Profesional de Fútbol
Botafogo,7,Série A
Dinamo Zagreb,317,Hrvatska nogometna liga
Monza,31,Serie A
VfB Stuttgart,19,Bundesliga
Athletico Paranaense,7,Série A
Salernitana,31,Serie A
Deportivo Alavés,53,La Liga
SC Heerenveen,10,Eredivisie
VfL Bochum 1848,19,Bundesliga
Flamengo,7,Série A
Salzburg,80,Bundesliga
Feyenoord,10,Eredivisie
Celta de Vigo,53,La Liga
Independiente,353,Liga Profesional de Fútbol
,,
Vitória SC,308,Primeira Liga
Parma,32,Serie B
Udinese,31,Serie A
Fluminense,7,Série A
Celtic,50,Premiership
Gil Vicente,308,Primeira Liga
Almería,53,La Liga
Atalanta,31,Serie A
Celta de Vigo,53,La Liga
AEK Athens,63,Super League
Huracán,353,Liga Profesional de Fútbol
Fortaleza,7,Série A
Genoa,31,Serie A
Malmö FF,56,Allsvenskan
Sporting CP,308,Primeira Liga
Young Boys,189,Super League
Nottingham Forest,13,Premier League
Portimonense,308,Primeira Liga
Fenerbahçe,68,Süper Lig
Olimpia,337,Primera División
Udinese,31,Serie A
FC Augsburg,19,Bundesliga
Luton Town,13,Premier League
Antalyaspor,68,Süper Lig
Alanyaspor,68,Süper Lig
Almería,53,La Liga
Slavia Praha,319,First League
VfL Bochum 1848,19,Bundesliga
Barcelona Guayaquil,2018,Liga Pro
Southampton,14,Championship
Abha,350,Pro League
Panathinaikos,63,Super League
,,
Beşiktaş,68,Süper Lig
VfL Wolfsburg,19,Bundesliga
AFC Bournemouth,13,Premier League
Stade de Reims,16,Ligue 1
Empoli,31,Serie A
Las Palmas,53,La Liga
Espanyol,54,La Liga 2
Sturm Graz,80,Bundesliga
Aberdeen,50,Premiership
Athletico Paranaense,7,Série A
Lecce,31,Serie A
Athletico Paranaense,7,Série A
,,
Inter Miami,39,Major League Soccer
Ipswich Town,14,Championship
Atlético Tucumán,353,Liga Profesional de Fútbol
Metz,16,Ligue 1
Lens,16,Ligue 1
Monaco,16,Ligue 1
Seoul,83,K League 1
Al Hazem,350,Pro League
Espanyol,54,La Liga 2
Manchester United,13,Premier League
Orlando City,39,Major League Soccer
Cagliari,31,Serie A
Granada,53,La Liga
Gent,4,Pro League
Panathinaikos,63,Super League
Darmstadt 98,19,Bundesliga
Hellas Verona,31,Serie A
Gent,4,Pro League
Seattle Sounders,39,Major League Soccer
Dynamo Kyiv,332,Premier League
Girona,53,La Liga
Valencia,53,La Liga
PAOK,63,Super League
TSG Hoffenheim,19,Bundesliga
Al Fateh,350,Pro League
SC Freiburg,19,Bundesliga
West Bromwich Albion,14,Championship
Southampton,14,Championship
West Bromwich Albion,14,Championship
Millonarios,336,Categoría Primera A
Gent,4,Pro League
Manchester City,13,Premier League
Celta de Vigo,53,La Liga
Corinthians,7,Série A
Leeds United,14,Championship
Nice,16,Ligue 1
Fiorentina,31,Serie A
Kasımpaşa,68,Süper Lig
Independiente,353,Liga Profesional de Fútbol
PSV,10,Eredivisie
TSG Hoffenheim,19,Bundesliga
Ulsan,83,K League 1
Lazio,31,Serie A
Malmö FF,56,Allsvenskan
FC Twente,10,Eredivisie
Southampton,14,Championship
Borussia Dortmund,19,Bundesliga
Burnley,13,Premier League
Norwich City,14,Championship
Olympique Lyonnais,16,Ligue 1
Hellas Verona,31,Serie A
Libertad,337,Primera División
Instituto,353,Liga Profesional de Fútbol
Olympique de Marseille,16,Ligue 1
Nantes,16,Ligue 1
Le Havre,16,Ligue 1
Ipswich Town,14,Championship
Independiente del Valle,2018,Liga Pro
Trabzonspor,68,Süper Lig
Goiás,7,Série A
Beijing Guoan,2012,Super League
Sheffield United,13,Premier League
Hellas Verona,31,Serie A
Talleres Córdoba,353,Liga Profesional de Fútbol
Gil Vicente,308,Primeira Liga
Cádiz,53,La Liga
Norwich City,14,Championship
Boca Juniors,353,Liga Profesional de Fútbol
Lorient,16,Ligue 1
Luton Town,13,Premier League
Monza,31,Serie A
Aston Villa,13,Premier League
St. Pauli,20,2. Bundesliga
SD Eibar,54,La Liga 2
Espanyol,54,La Liga 2
AFC Bournemouth,13,Premier League
Le Havre,16,Ligue 1
Deportivo Alavés,53,La Liga
Celta de Vigo,53,La Liga
Real Valladolid,54,La Liga 2
Valencia,53,La Liga
Udinese,31,Serie A
San Lorenzo,353,Liga Profesional de Fútbol
Huracán,353,Liga Profesional de Fútbol
Tottenham Hotspur,13,Premier League
Philadelphia Union,39,Major League Soccer
Brighton & Hove Albion,13,Premier League
Sporting Gijón,54,La Liga 2
Everton,13,Premier League
Sassuolo,31,Serie A
Galatasaray,68,Süper Lig
Stade Brestois 29,16,Ligue 1
SD Eibar,54,La Liga 2
SC Freiburg,19,Bundesliga
Hellas Verona,31,Serie A
Strasbourg,16,Ligue 1
St. Pauli,20,2. Bundesliga
West Ham United,13,Premier League
Olympique Lyonnais,16,Ligue 1
Crystal Palace,13,Premier League
Botafogo,7,Série A
VfB Stuttgart,19,Bundesliga
FC Union Berlin,19,Bundesliga
FC Köln,19,Bundesliga
Bodø / Glimt,41,Eliteserien
Luzern,189,Super League
Rayo Vallecano,53,La Liga
Antalyaspor,68,Süper Lig
Al Khaleej,350,Pro League
São Paulo,7,Série A
Millonarios,336,Categoría Primera A
Brentford,13,Premier League
Flamengo,7,Série A
NEC,10,Eredivisie
Colorado Rapids,39,Major League Soccer
Antwerp,4,Pro League
Sassuolo,31,Serie A
Napoli,31,Serie A
Dinamo Zagreb,317,Hrvatska nogometna liga
Rayo Vallecano,53,La Liga
Stade de Reims,16,Ligue 1
DC United,39,Major League Soccer
Granada,53,La Liga
FSV Mainz 05,19,Bundesliga
Nice,16,Ligue 1
Borussia Mönchengladbach,19,Bundesliga
Torino,31,Serie A
Adana Demirspor,68,Süper Lig
Ferencváros,64,Nemzeti Bajnokság I
Mallorca,53,La Liga
Burgos,54,La Liga 2
Cardiff City,14,Championship
Lorient,16,Ligue 1
West Bromwich Albion,14,Championship
Valencia,53,La Liga
Galatasaray,68,Süper Lig
Hellas Verona,31,Serie A
Trabzonspor,68,Süper Lig
Athletic Club,53,La Liga
Shakhtar Donetsk,332,Premier League
Wolverhampton Wanderers,13,Premier League
Genoa,31,Serie A
Everton,13,Premier League
PSV,10,Eredivisie
Las Palmas,53,La Liga
FC Bayern München,19,Bundesliga
Girona,53,La Liga
Pendikspor,68,Süper Lig
Monza,31,Serie A
Slavia Praha,319,First League
Celtic,50,Premiership
Udinese,31,Serie A
Talleres Córdoba,353,Liga Profesional de Fútbol
SC Freiburg,19,Bundesliga
Nordsjælland,1,Superliga
Torino,31,Serie A
Ulsan,83,K League 1
Charlotte,39,Major League Soccer
Palmeiras,7,Série A
Leeds United,14,Championship
Villarreal,53,La Liga
Sporting Braga,308,Primeira Liga
New York RB,39,Major League Soccer
Al Raed,350,Pro League
Empoli,31,Serie A
Standard Liège,4,Pro League
River Plate,353,Liga Profesional de Fútbol
Hull City,14,Championship
Salzburg,80,Bundesliga
Burnley,13,Premier League
Molde,41,Eliteserien
Hellas Verona,31,Serie A
Hull City,14,Championship
Melbourne City,351,A-League Men
Rosario Central,353,Liga Profesional de Fútbol
Olympique Lyonnais,16,Ligue 1
VfL Bochum 1848,19,Bundesliga
Al Hilal,350,Pro League
Salernitana,31,Serie A
Southampton,14,Championship
Real Sociedad,53,La Liga
Arsenal,13,Premier League
Vancouver Whitecaps,39,Major League Soccer
Arsenal de Sarandi,353,Liga Profesional de Fútbol
VfL Wolfsburg,19,Bundesliga
Sparta Praha,319,First League
Universidad Católica,335,Primera Division
Ferencváros,64,Nemzeti Bajnokság I
Burnley,13,Premier League
Frosinone,31,Serie A
Las Palmas,53,La Liga
Estoril,308,Primeira Liga
Beşiktaş,68,Süper Lig
Club Brugge,4,Pro League
Genk,4,Pro League
Salzburg,80,Bundesliga
São Paulo,7,Série A
VfL Wolfsburg,19,Bundesliga
Huesca,54,La Liga 2
Cádiz,53,La Liga
Hamburger SV,20,2. Bundesliga
Huracán,353,Liga Profesional de Fútbol
Rayo Vallecano,53,La Liga
FSV Mainz 05,19,Bundesliga
Borussia Mönchengladbach,19,Bundesliga
Espanyol,54,La Liga 2
Espanyol,54,La Liga 2
Montpellier,16,Ligue 1
Getafe,53,La Liga
VfL Wolfsburg,19,Bundesliga
Viktoria Plzeň,319,First League
,,
Beşiktaş,68,Süper Lig
Brighton & Hove Albion,13,Premier League
Osasuna,53,La Liga
Tigre,353,Liga Profesional de Fútbol
Coventry City,14,Championship
Salzburg,80,Bundesliga
Rayo Vallecano,53,La Liga
Rennes,16,Ligue 1
Norwich City,14,Championship
Blackburn Rovers,14,Championship
Hull City,14,Championship
Sheffield United,13,Premier League
Fluminense,7,Série A
Union Saint-Gilloise,4,Pro League
Adana Demirspor,68,Süper Lig
Cádiz,53,La Liga
Sporting Gijón,54,La Liga 2
Midtjylland,1,Superliga
Independiente,353,Liga Profesional de Fútbol
Olympique Lyonnais,16,Ligue 1
Alanyaspor,68,Süper Lig
Sporting CP,308,Primeira Liga
Real Betis,53,La Liga
Olympique de Marseille,16,Ligue 1
Werder Bremen,19,Bundesliga
Godoy Cruz,353,Liga Profesional de Fútbol
Burnley,13,Premier League
Al Hazem,350,Pro League
SC Freiburg,19,Bundesliga
Coventry City,14,Championship
Millonarios,336,Categoría Primera A
Fatih Karagümrük,68,Süper Lig
Chengdu Rongcheng,2012,Super League
Viktoria Plzeň,319,First League
FSV Mainz 05,19,Bundesliga
Hamburger SV,20,2. Bundesliga
FC Augsburg,19,Bundesliga
SD Eibar,54,La Liga 2
Changchun Yatai,2012,Super League
Lens,16,Ligue 1
Trabzonspor,68,Süper Lig
Genoa,31,Serie A
Slavia Praha,319,First League
Cerro Porteño,337,Primera División
São Paulo,7,Série A
VfB Stuttgart,19,Bundesliga
FC Twente,10,Eredivisie
Al Hazem,350,Pro League
Lanús,353,Liga Profesional de Fútbol
Strasbourg,16,Ligue 1
Bologna,31,Serie A
Seattle Sounders,39,Major League Soccer
Inter,31,Serie A
Burnley,13,Premier League
Real Sociedad,53,La Liga
Kasımpaşa,68,Süper Lig
River Plate,353,Liga Profesional de Fútbol
LDU Quito,2018,Liga Pro
Deportivo Pereira,336,Categoría Primera A
FC Augsburg,19,Bundesliga
Arouca,308,Primeira Liga
AEK Athens,63,Super League
Ferencváros,64,Nemzeti Bajnokság I
Pendikspor,68,Süper Lig
Cobresal,335,Primera Division
Pogoń Szczecin,66,Ekstraklasa
Feyenoord,10,Eredivisie
SC Freiburg,19,Bundesliga
Celta de Vigo,53,La Liga
Montpellier,16,Ligue 1
Estudiantes,353,Liga Profesional de Fútbol
Henan,2012,Super League
Cagliari,31,Serie A
CF Montréal,39,Major League Soccer
Nottingham Forest,13,Premier League
Middlesbrough,14,Championship
Boca Juniors,353,Liga Profesional de Fútbol
Santa Fe,336,Categoría Primera A
Hertha BSC,20,2. Bundesliga
Independiente,353,Liga Profesional de Fútbol
Borussia Mönchengladbach,19,Bundesliga
Montpellier,16,Ligue 1
FC Augsburg,19,Bundesliga
Internacional,7,Série A
Atalanta,31,Serie A
Rangers,50,Premiership
Borussia Mönchengladbach,19,Bundesliga
Real Zaragoza,54,La Liga 2
Rayo Vallecano,53,La Liga
Godoy Cruz,353,Liga Profesional de Fútbol
Santa Fe,336,Categoría Primera A
Argentinos Juniors,353,Liga Profesional de Fútbol
Granada,53,La Liga
Heidenheim,19,Bundesliga
Valencia,53,La Liga
Cincinnati,39,Major League Soccer
Valencia,53,La Liga
Leicester City,14,Championship
Porto,308,Primeira Liga
VfL Bochum 1848,19,Bundesliga
FC Union Berlin,19,Bundesliga
CF Montréal,39,Major League Soccer
Middlesbrough,14,Championship
Genoa,31,Serie A
Estoril,308,Primeira Liga
Estudiantes,353,Liga Profesional de Fútbol
Olympique de Marseille,16,Ligue 1
Racing Club,353,Liga Profesional de Fútbol
Cagliari,31,Serie A
Heidenheim,19,Bundesliga
PSV,10,Eredivisie
Genk,4,Pro League
Fatih Karagümrük,68,Süper Lig
RB Leipzig,19,Bundesliga
Westerlo,4,Pro League
SC Heerenveen,10,Eredivisie
Bolívar,2017,División de Fútbol Profesional
Henan,2012,Super League
Boca Juniors,353,Liga Profesional de Fútbol
Brentford,13,Premier League
FSV Mainz 05,19,Bundesliga
Caen,17,Ligue 2
LOSC Lille,16,Ligue 1
Cádiz,53,La Liga
Rangers,50,Premiership
Saint-Étienne,17,Ligue 2
Santos,7,Série A
Crystal Palace,13,Premier League
Como,32,Serie B
Werder Bremen,19,Bundesliga
Rangers,50,Premiership
Sassuolo,31,Serie A
Tenerife,54,La Liga 2
Ankaragücü,68,Süper Lig
Goiás,7,Série A
Colo-Colo,335,Primera Division
Werder Bremen,19,Bundesliga
Borussia Mönchengladbach,19,Bundesliga
Adana Demirspor,68,Süper Lig
Al Nassr,350,Pro League
Sassuolo,31,Serie A
Monza,31,Serie A
Montpellier,16,Ligue 1
Malmö FF,56,Allsvenskan
Monza,31,Serie A
Hertha BSC,20,2. Bundesliga
Damac,350,Pro League
Atlético Mineiro,7,Série A
Sheffield United,13,Premier League
Portland Timbers,39,Major League Soccer
São Paulo,7,Série A
Nantes,16,Ligue 1
Leeds United,14,Championship
VfB Stuttgart,19,Bundesliga
Moreirense,308,Primeira Liga
Sevilla,53,La Liga
Ajax,10,Eredivisie
AFC Bournemouth,13,Premier League
Newcastle United,13,Premier League
Adana Demirspor,68,Süper Lig
Athletico Paranaense,7,Série A
Southampton,14,Championship
Lazio,31,Serie A
Rangers,50,Premiership
Corinthians,7,Série A
Rapid Wien,80,Bundesliga
Galatasaray,68,Süper Lig
Shanghai Port,2012,Super League
Sassuolo,31,Serie A
Tenerife,54,La Liga 2
Frosinone,31,Serie A
Metz,16,Ligue 1
Southampton,14,Championship
Zürich,189,Super League
Independiente del Valle,2018,Liga Pro
Internacional,7,Série A
Hamburger SV,20,2. Bundesliga
Real Oviedo,54,La Liga 2
Preston North End,14,Championship
Rangers,50,Premiership
Sporting Cristal,2020,Primera Division
Espanyol,54,La Liga 2
Rapid Wien,80,Bundesliga
Jeonbuk Motors,83,K League 1
Sivasspor,68,Süper Lig
PAOK,63,Super League
SD Eibar,54,La Liga 2
Ankaragücü,68,Süper Lig
West Bromwich Albion,14,Championship
Rennes,16,Ligue 1
Leeds United,14,Championship
Sporting CP,308,Primeira Liga
Viktoria Plzeň,319,First League
Dynamo Kyiv,332,Premier League
Cercle Brugge,4,Pro League
Rangers,50,Premiership
Crystal Palace,13,Premier League
Lorient,16,Ligue 1
Udinese,31,Serie A
Stade de Reims,16,Ligue 1
Djurgården,56,Allsvenskan
São Paulo,7,Série A
APOEL,318,1. Division
Rangers,50,Premiership
Las Palmas,53,La Liga
Viktoria Plzeň,319,First League
Tianjin Jinmen Tiger,2012,Super League
Beijing Guoan,2012,Super League
Portland Timbers,39,Major League Soccer
FC Twente,10,Eredivisie
Seoul,83,K League 1
New York City,39,Major League Soccer
Olympique Lyonnais,16,Ligue 1
Adana Demirspor,68,Süper Lig
Paris Saint Germain,16,Ligue 1
Gangwon,83,K League 1
Granada,53,La Liga
Chelsea,13,Premier League
Al Khaleej,350,Pro League
Sporting CP,308,Primeira Liga
Rennes,16,Ligue 1
Ipswich Town,14,Championship
Galatasaray,68,Süper Lig
Deportes Tolima,336,Categoría Primera A
Feyenoord,10,Eredivisie
Napoli,31,Serie A
Slavia Praha,319,First League
Burnley,13,Premier League
Leeds United,14,Championship
Houston Dynamo,39,Major League Soccer
Metz,16,Ligue 1
Middlesbrough,14,Championship
Olimpia,337,Primera División
FC Union Berlin,19,Bundesliga
Salzburg,80,Bundesliga
Cincinnati,39,Major League Soccer
,,
AEK Athens,63,Super League
Sturm Graz,80,Bundesliga
SC Freiburg,19,Bundesliga
Libertad,337,Primera División
Luton Town,13,Premier League
Saint-Étienne,17,Ligue 2
Cangzhou Mighty Lions,2012,Super League
AZ Alkmaar,10,Eredivisie
Melgar,2020,Primera Division
Fenerbahçe,68,Süper Lig
Olympique Lyonnais,16,Ligue 1
Huesca,54,La Liga 2
Saint-Étienne,17,Ligue 2
Empoli,31,Serie A
Unión Santa Fe,353,Liga Profesional de Fútbol
Pendikspor,68,Süper Lig
Fatih Karagümrük,68,Süper Lig
Bodø / Glimt,41,Eliteserien
Philadelphia Union,39,Major League Soccer
TSG Hoffenheim,19,Bundesliga
Udinese,31,Serie A
Genk,4,Pro League
Club Brugge,4,Pro League
Brøndby,1,Superliga
Viktoria Plzeň,319,First League
Elche,54,La Liga 2
Rizespor,68,Süper Lig
Melbourne Victory,351,A-League Men
St. Pauli,20,2. Bundesliga
VfL Wolfsburg,19,Bundesliga
Universidad Católica,335,Primera Division
Bologna,31,Serie A
SC Freiburg,19,Bundesliga
Valencia,53,La Liga
Sporting Braga,308,Primeira Liga
PAOK,63,Super League
Ajax,10,Eredivisie
Flamengo,7,Série A
Nacional,338,Primera División
Karlsruher SC,20,2. Bundesliga
FC Twente,10,Eredivisie
AFC Bournemouth,13,Premier League
Napoli,31,Serie A
Cagliari,31,Serie A
Crystal Palace,13,Premier League
Palmeiras,7,Série A
Darmstadt 98,19,Bundesliga
Real Sociedad,53,La Liga
Belgrano,353,Liga Profesional de Fútbol
Abha,350,Pro League
New York City,39,Major League Soccer
Albacete,54,La Liga 2
Lens,16,Ligue 1
Getafe,53,La Liga
Boca Juniors,353,Liga Profesional de Fútbol
Palermo,32,Serie B
AFC Bournemouth,13,Premier League
Clermont,16,Ligue 1
Pohang Steelers,83,K League 1
Flamengo,7,Série A
Luton Town,13,Premier League
Bolívar,2017,División de Fútbol Profesional
Sassuolo,31,Serie A
Paris,17,Ligue 2
Celta de Vigo,53,La Liga
Eintracht Frankfurt,19,Bundesliga
Qingdao Hainiu,2012,Super League
Hamburger SV,20,2. Bundesliga
Charlotte,39,Major League Soccer
FC Augsburg,19,Bundesliga
Werder Bremen,19,Bundesliga
Norwich City,14,Championship
São Paulo,7,Série A
Bologna,31,Serie A
Nantes,16,Ligue 1
Mechelen,4,Pro League
Belgrano,353,Liga Profesional de Fútbol
Nottingham Forest,13,Premier League
VfL Bochum 1848,19,Bundesliga
Stade Brestois 29,16,Ligue 1
Luton Town,13,Premier League
Rayo Vallecano,53,La Liga
Cagliari,31,Serie A
São Paulo,7,Série A
Real Zaragoza,54,La Liga 2
Levante,54,La Liga 2
Union Saint-Gilloise,4,Pro League
Cagliari,31,Serie A
Wolverhampton Wanderers,13,Premier League
Orlando City,39,Major League Soccer
Liverpool,13,Premier League
Villarreal,53,La Liga
Peñarol,338,Primera División
AGF,1,Superliga
Torino,31,Serie A
Casa Pia,308,Primeira Liga
Midtjylland,1,Superliga
Vitória SC,308,Primeira Liga
Malmö FF,56,Allsvenskan
Sporting Charleroi,4,Pro League
Corinthians,7,Série A
Atlético Mineiro,7,Série A
Norwich City,14,Championship
Chaves,308,Primeira Liga
Sheffield United,13,Premier League
Ascoli,32,Serie B
Rio Ave,308,Primeira Liga
Cádiz,53,La Liga
Birmingham City,14,Championship
,,
Levante,54,La Liga 2
Porto,308,Primeira Liga
Parma,32,Serie B
Genk,4,Pro League
Salzburg,80,Bundesliga
Chicago Fire,39,Major League Soccer
Talleres Córdoba,353,Liga Profesional de Fútbol
Adana Demirspor,68,Süper Lig
Granada,53,La Liga
Sheffield United,13,Premier League
Stade Brestois 29,16,Ligue 1
Botafogo,7,Série A
Cádiz,53,La Liga
Metz,16,Ligue 1
Fulham,13,Premier League
Hearts,50,Premiership
Clermont,16,Ligue 1
Sparta Praha,319,First League
AEK Athens,63,Super League
Godoy Cruz,353,Liga Profesional de Fútbol
Olympique de Marseille,16,Ligue 1
Heidenheim,19,Bundesliga
SC Freiburg,19,Bundesliga
FC Barcelona,53,La Liga
Al Riyadh,350,Pro League
Salzburg,80,Bundesliga
Racing Club,353,Liga Profesional de Fútbol
San Jose Earthquakes,39,Major League Soccer
Luton Town,13,Premier League
Levante,54,La Liga 2
AZ Alkmaar,10,Eredivisie
Leicester City,14,Championship
Rio Ave,308,Primeira Liga
Huracán,353,Liga Profesional de Fútbol
Hajduk Split,317,Hrvatska nogometna liga
Borussia Mönchengladbach,19,Bundesliga
Atalanta,31,Serie A
Sporting Charleroi,4,Pro League
Antwerp,4,Pro League
Boavista,308,Primeira Liga
Torino,31,Serie A
Salzburg,80,Bundesliga
Hull City,14,Championship
Monza,31,Serie A
Fatih Karagümrük,68,Süper Lig
VfL Bochum 1848,19,Bundesliga
Internacional,7,Série A
Southampton,14,Championship
Racing Club,353,Liga Profesional de Fútbol
Stade Brestois 29,16,Ligue 1
Rangers,50,Premiership
Boca Juniors,353,Liga Profesional de Fútbol
Real Betis,53,La Liga
Colón,353,Liga Profesional de Fútbol
Sheffield United,13,Premier League
Nantes,16,Ligue 1
Olympique Lyonnais,16,Ligue 1
PAOK,63,Super League
FC Augsburg,19,Bundesliga
VfL Bochum 1848,19,Bundesliga
FC Twente,10,Eredivisie
Olimpia,337,Primera División
Los Angeles FC,39,Major League Soccer
LDU Quito,2018,Liga Pro
Gent,4,Pro League
River Plate,353,Liga Profesional de Fútbol
Palmeiras,7,Série A
Young Boys,189,Super League
NEC,10,Eredivisie
Nice,16,Ligue 1
Elche,54,La Liga 2
Flamengo,7,Série A
Al Raed,350,Pro League
Barcelona Guayaquil,2018,Liga Pro
Hajduk Split,317,Hrvatska nogometna liga
Cagliari,31,Serie A
Sivasspor,68,Süper Lig
Stade de Reims,16,Ligue 1
FC Köln,19,Bundesliga
Valencia,53,La Liga
Montpellier,16,Ligue 1
Trabzonspor,68,Süper Lig
Nacional,338,Primera División
Frosinone,31,Serie A
Ulsan,83,K League 1
Anderlecht,4,Pro League
Brøndby,1,Superliga
Racing Club,353,Liga Profesional de Fútbol
Karlsruher SC,20,2. Bundesliga
Milan,31,Serie A
Swansea City,14,Championship
Coventry City,14,Championship
Cincinnati,39,Major League Soccer
Rennes,16,Ligue 1
Hull City,14,Championship
Suwon,83,K League 1
Universidad Católica,335,Primera Division
Getafe,53,La Liga
New York RB,39,Major League Soccer
West Bromwich Albion,14,Championship
Atlético Nacional,336,Categoría Primera A
Queens Park Rangers,14,Championship
Rennes,16,Ligue 1
Sparta Praha,319,First League
Libertad,337,Primera División
Granada,53,La Liga
Leganés,54,La Liga 2
Darmstadt 98,19,Bundesliga
Venezia,32,Serie B
Burnley,13,Premier League
Huddersfield Town,14,Championship
América Mineiro,7,Série A
Monaco,16,Ligue 1
Arsenal,13,Premier League
LA Galaxy,39,Major League Soccer
Empoli,31,Serie A
Palermo,32,Serie B
Real Valladolid,54,La Liga 2
Leicester City,14,Championship
Granada,53,La Liga
LA Galaxy,39,Major League Soccer
Bologna,31,Serie A
Millwall,14,Championship
Lorient,16,Ligue 1
Espanyol,54,La Liga 2
Racing Club,353,Liga Profesional de Fútbol
Brighton & Hove Albion,13,Premier League
Al Taawon,350,Pro League
Darmstadt 98,19,Bundesliga
Sporting Kansas City,39,Major League Soccer
Real Zaragoza,54,La Liga 2
Al Fateh,350,Pro League
FCSB,330,Liga I
Villarreal,53,La Liga
Orlando City,39,Major League Soccer
Salzburg,80,Bundesliga
LA Galaxy,39,Major League Soccer
Viktoria Plzeň,319,First League
Brøndby,1,Superliga
Cádiz,53,La Liga
Darmstadt 98,19,Bundesliga
Instituto,353,Liga Profesional de Fútbol
VfL Bochum 1848,19,Bundesliga
Watford,14,Championship
Al Fayha,350,Pro League
Al Shabab,350,Pro League
Monza,31,Serie A
FC Utrecht,10,Eredivisie
Independiente del Valle,2018,Liga Pro
Newell's Old Boys,353,Liga Profesional de Fútbol
Crystal Palace,13,Premier League
Union Saint-Gilloise,4,Pro League
Brentford,13,Premier League
Werder Bremen,19,Bundesliga
,,
Girona,53,La Liga
Universitatea Craiova,330,Liga I
Emelec,2018,Liga Pro
Eintracht Frankfurt,19,Bundesliga
Pendikspor,68,Süper Lig
Burnley,13,Premier League
Servette,189,Super League
Albacete,54,La Liga 2
Damac,350,Pro League
Bologna,31,Serie A
Vancouver Whitecaps,39,Major League Soccer
Young Boys,189,Super League
Hull City,14,Championship
Young Boys,189,Super League
Águilas Doradas,336,Categoría Primera A
Almería,53,La Liga
Napoli,31,Serie A
Fortuna Düsseldorf,20,2. Bundesliga
Olympique Lyonnais,16,Ligue 1
Deportivo Alavés,53,La Liga
Villarreal,53,La Liga
København,1,Superliga
Abha,350,Pro League
PSV,10,Eredivisie
Mallorca,53,La Liga
Trabzonspor,68,Süper Lig
Philadelphia Union,39,Major League Soccer
Philadelphia Union,39,Major League Soccer
Udinese,31,Serie A
Atlético Nacional,336,Categoría Primera A
St. Gallen,189,Super League
Trabzonspor,68,Süper Lig
Cádiz,53,La Liga
AFC Bournemouth,13,Premier League
Real Betis,53,La Liga
Southampton,14,Championship
Athletico Paranaense,7,Série A
Leganés,54,La Liga 2
Espanyol,54,La Liga 2
Almería,53,La Liga
Coventry City,14,Championship
Nottingham Forest,13,Premier League
Southampton,14,Championship
Toronto,39,Major League Soccer
Midtjylland,1,Superliga
İstanbul Başakşehir,68,Süper Lig
Sporting Gijón,54,La Liga 2
FCSB,330,Liga I
Brentford,13,Premier League
Chelsea,13,Premier League
Montpellier,16,Ligue 1
Union Saint-Gilloise,4,Pro League
Sunderland,14,Championship
Slavia Praha,319,First League
Slavia Praha,319,First League
Leeds United,14,Championship
Watford,14,Championship
Feyenoord,10,Eredivisie
Cercle Brugge,4,Pro League
Sevilla,53,La Liga
Beijing Guoan,2012,Super League
Slavia Praha,319,First League
Girona,53,La Liga
Real Oviedo,54,La Liga 2
Bragantino,7,Série A
Defensa y Justicia,353,Liga Profesional de Fútbol
Southampton,14,Championship
Brighton & Hove Albion,13,Premier League
Toulouse,16,Ligue 1
Defensa y Justicia,353,Liga Profesional de Fútbol
Ankaragücü,68,Süper Lig
SC Freiburg,19,Bundesliga
Girona,53,La Liga
Al Ain,2013,Pro League
FSV Mainz 05,19,Bundesliga
FSV Mainz 05,19,Bundesliga
Al Ahli Jeddah,350,Pro League
Belgrano,353,Liga Profesional de Fútbol
Sheffield United,13,Premier League
Viktoria Plzeň,319,First League
Südtirol,32,Serie B
Sporting Kansas City,39,Major League Soccer
Rio Ave,308,Primeira Liga
Leeds United,14,Championship
Estudiantes,353,Liga Profesional de Fútbol
Athletico Paranaense,7,Série A
Fiorentina,31,Serie A
Talleres Córdoba,353,Liga Profesional de Fútbol
PAOK,63,Super League
Rayo Vallecano,53,La Liga
Talleres Córdoba,353,Liga Profesional de Fútbol
Palermo,32,Serie B
Slavia Praha,319,First League
Como,32,Serie B
Sampdoria,32,Serie B
Santa Fe,336,Categoría Primera A
FC Twente,10,Eredivisie
Godoy Cruz,353,Liga Profesional de Fútbol
Mallorca,53,La Liga
Corinthians,7,Série A
Fortuna Düsseldorf,20,2. Bundesliga
Brøndby,1,Superliga
Lanús,353,Liga Profesional de Fútbol
Libertad,337,Primera División
Santos,7,Série A
LOSC Lille,16,Ligue 1
Lorient,16,Ligue 1
Union Saint-Gilloise,4,Pro League
Venezia,32,Serie B
Rosario Central,353,Liga Profesional de Fútbol
Belgrano,353,Liga Profesional de Fútbol
VfL Wolfsburg,19,Bundesliga
Estrela Amadora,308,Primeira Liga
Adana Demirspor,68,Süper Lig
Rio Ave,308,Primeira Liga
Cardiff City,14,Championship
Montpellier,16,Ligue 1
Melgar,2020,Primera Division
Hamburger SV,20,2. Bundesliga
Rangers,50,Premiership
Burnley,13,Premier League
Nantes,16,Ligue 1
İstanbul Başakşehir,68,Süper Lig
Montpellier,16,Ligue 1
Farense,308,Primeira Liga
Elche,54,La Liga 2
Mallorca,53,La Liga
Hatayspor,68,Süper Lig
Beşiktaş,68,Süper Lig
Gaziantep F.K.,68,Süper Lig
Sporting Charleroi,4,Pro League
Sporting Braga,308,Primeira Liga
Standard Liège,4,Pro League
Bodø / Glimt,41,Eliteserien
Belgrano,353,Liga Profesional de Fútbol
Slavia Praha,319,First League
Pisa,32,Serie B
Albacete,54,La Liga 2
Lanús,353,Liga Profesional de Fútbol
Schalke 04,20,2. Bundesliga
Seattle Sounders,39,Major League Soccer
Santa Fe,336,Categoría Primera A
Cerro Porteño,337,Primera División
Seattle Sounders,39,Major League Soccer
Al Hilal,350,Pro League
Salzburg,80,Bundesliga
Norwich City,14,Championship
Deportivo Pereira,336,Categoría Primera A
Standard Liège,4,Pro League
Napoli,31,Serie A
Crystal Palace,13,Premier League
Empoli,31,Serie A
Union Saint-Gilloise,4,Pro League
Al Tai,350,Pro League
América Mineiro,7,Série A
Boca Juniors,353,Liga Profesional de Fútbol
Estudiantes,353,Liga Profesional de Fútbol
Rio Ave,308,Primeira Liga
Olimpia,337,Primera División
Juventus,31,Serie A
Charlotte,39,Major League Soccer
Alianza Lima,2020,Primera Division
Lens,16,Ligue 1
Instituto,353,Liga Profesional de Fútbol
César Vallejo,2020,Primera Division
Botafogo,7,Série A
Sporting Cristal,2020,Primera Division
Athletico Paranaense,7,Série A
Luton Town,13,Premier League
Shakhtar Donetsk,332,Premier League
Deportivo Pereira,336,Categoría Primera A
Gimnasia La Plata,353,Liga Profesional de Fútbol
Atlético Madrid,53,La Liga
Racing Club,353,Liga Profesional de Fútbol
Atalanta,31,Serie A
Granada,53,La Liga
Huddersfield Town,14,Championship
Atlético Tucumán,353,Liga Profesional de Fútbol
Hannover 96,20,2. Bundesliga
Adana Demirspor,68,Süper Lig
Cercle Brugge,4,Pro League
Go Ahead Eagles,10,Eredivisie
Lanús,353,Liga Profesional de Fútbol
Viktoria Plzeň,319,First League
Santa Fe,336,Categoría Primera A
Kasımpaşa,68,Süper Lig
Sporting Kansas City,39,Major League Soccer
Ulsan,83,K League 1
Dynamo Kyiv,332,Premier League
Milan,31,Serie A
København,1,Superliga
Como,32,Serie B
Shanghai Port,2012,Super League
Argentinos Juniors,353,Liga Profesional de Fútbol
Venezia,32,Serie B
Salernitana,31,Serie A
SC Heerenveen,10,Eredivisie
Spezia,32,Serie B
Millonarios,336,Categoría Primera A
Ankaragücü,68,Süper Lig
Midtjylland,1,Superliga
,,
Tottenham Hotspur,13,Premier League
Vizela,308,Primeira Liga
Genoa,31,Serie A
San Jose Earthquakes,39,Major League Soccer
Hertha BSC,20,2. Bundesliga
Salzburg,80,Bundesliga
Sporting CP,308,Primeira Liga
Santa Fe,336,Categoría Primera A
São Paulo,7,Série A
Toulouse,16,Ligue 1
İstanbul Başakşehir,68,Süper Lig
SC Freiburg,19,Bundesliga
Macarthur,351,A-League Men
Schalke 04,20,2. Bundesliga
Inter,31,Serie A
Leeds United,14,Championship
Panathinaikos,63,Super League
Toulouse,16,Ligue 1
Frosinone,31,Serie A
Al Raed,350,Pro League
Universidad Católica,335,Primera Division
Aberdeen,50,Premiership
Stade de Reims,16,Ligue 1
New England,39,Major League Soccer
VfL Bochum 1848,19,Bundesliga
Espanyol,54,La Liga 2
Leicester City,14,Championship
Clermont,16,Ligue 1
Salernitana,31,Serie A
TSG Hoffenheim,19,Bundesliga
Real Zaragoza,54,La Liga 2
Trabzonspor,68,Süper Lig
Salernitana,31,Serie A
FC Augsburg,19,Bundesliga
Ajax,10,Eredivisie
Unión Santa Fe,353,Liga Profesional de Fútbol
Hellas Verona,31,Serie A
Holstein Kiel,20,2. Bundesliga
Empoli,31,Serie A
San Lorenzo,353,Liga Profesional de Fútbol
Hull City,14,Championship
Al Wahda,350,Pro League
Cádiz,53,La Liga
Hull City,14,Championship
Boca Juniors,353,Liga Profesional de Fútbol
Anderlecht,4,Pro League
Rio Ave,308,Primeira Liga
Corinthians,7,Série A
Heidenheim,19,Bundesliga
Preston North End,14,Championship
Cagliari,31,Serie A
Alanyaspor,68,Süper Lig
Sampdoria,32,Serie B
Atlético Mineiro,7,Série A
Rosario Central,353,Liga Profesional de Fútbol
Viktoria Plzeň,319,First League
Fortaleza,7,Série A
VfL Bochum 1848,19,Bundesliga
Le Havre,16,Ligue 1
Al Riyadh,350,Pro League
VfB Stuttgart,19,Bundesliga
Colón,353,Liga Profesional de Fútbol
Ipswich Town,14,Championship
SpVgg Greuther Fürth,20,2. Bundesliga
Slavia Praha,319,First League
Racing Club,353,Liga Profesional de Fútbol
Elche,54,La Liga 2
Toulouse,16,Ligue 1
Newcastle United,13,Premier League
Ankaragücü,68,Süper Lig
Alanyaspor,68,Süper Lig
Al Wahda,350,Pro League
APOEL,318,1. Division
Panathinaikos,63,Super League
Emelec,2018,Liga Pro
PAOK,63,Super League
Atlético Mineiro,7,Série A
Hannover 96,20,2. Bundesliga
Granada,53,La Liga
Arouca,308,Primeira Liga
Paris Saint Germain,16,Ligue 1
West Bromwich Albion,14,Championship
Empoli,31,Serie A
New York City,39,Major League Soccer
Dinamo Zagreb,317,Hrvatska nogometna liga
América Mineiro,7,Série A
Sassuolo,31,Serie A
Libertad,337,Primera División
VfL Wolfsburg,19,Bundesliga
Incheon United,83,K League 1
Independiente Medellín,336,Categoría Primera A
Palmeiras,7,Série A
Suwon,83,K League 1
Cienciano,2020,Primera Division
Cádiz,53,La Liga
Botafogo,7,Série A
Casa Pia,308,Primeira Liga
Empoli,31,Serie A
Trabzonspor,68,Süper Lig
Stoke City,14,Championship
Chengdu Rongcheng,2012,Super League
,,
Lecce,31,Serie A
Antwerp,4,Pro League
Leeds United,14,Championship
Preston North End,14,Championship
Middlesbrough,14,Championship
Boavista,308,Primeira Liga
Lorient,16,Ligue 1
AEK Athens,63,Super League
Ipswich Town,14,Championship
Angers SCO,17,Ligue 2
Estrela Amadora,308,Primeira Liga
Viktoria Plzeň,319,First League
Leganés,54,La Liga 2
Viktoria Plzeň,319,First League
AEK Athens,63,Super League
Anderlecht,4,Pro League
Elche,54,La Liga 2
Leganés,54,La Liga 2
Fortuna Düsseldorf,20,2. Bundesliga
Millwall,14,Championship
Fortuna Düsseldorf,20,2. Bundesliga
Montpellier,16,Ligue 1
Sampdoria,32,Serie B
Toulouse,16,Ligue 1
Las Palmas,53,La Liga
Defensa y Justicia,353,Liga Profesional de Fútbol
Antwerp,4,Pro League
Al Khaleej,350,Pro League
Santos,7,Série A
Nantes,16,Ligue 1
Valencia,53,La Liga
Almería,53,La Liga
Troyes,17,Ligue 2
Brentford,13,Premier League
FC Bayern München,19,Bundesliga
Real Zaragoza,54,La Liga 2
,,
Santos,7,Série A
Ulsan,83,K League 1
Hearts,50,Premiership
Getafe,53,La Liga
Fluminense,7,Série A
Strasbourg,16,Ligue 1
Newcastle United,13,Premier League
Nantes,16,Ligue 1
Estoril,308,Primeira Liga
NEC,10,Eredivisie
Rosenborg,41,Eliteserien
Rosario Central,353,Liga Profesional de Fútbol
Moreirense,308,Primeira Liga
Nacional,338,Primera División
SC Heerenveen,10,Eredivisie
Lanús,353,Liga Profesional de Fútbol
Sporting Gijón,54,La Liga 2
Peñarol,338,Primera División
Sparta Praha,319,First League
LDU Quito,2018,Liga Pro
Bodø / Glimt,41,Eliteserien
Fatih Karagümrük,68,Süper Lig
Fluminense,7,Série A
Cádiz,53,La Liga
Hajduk Split,317,Hrvatska nogometna liga
Bordeaux,17,Ligue 2
Deportivo Alavés,53,La Liga
Palmeiras,7,Série A
Brentford,13,Premier League
Amorebieta,54,La Liga 2
Boavista,308,Primeira Liga
Vancouver Whitecaps,39,Major League Soccer
Le Havre,16,Ligue 1
Grenoble Foot 38,17,Ligue 2
São Paulo,7,Série A
Bayer 04 Leverkusen,19,Bundesliga
København,1,Superliga
AFC Bournemouth,13,Premier League
Real Valladolid,54,La Liga 2
Hertha BSC,20,2. Bundesliga
Arouca,308,Primeira Liga
SC Freiburg,19,Bundesliga
AEK Athens,63,Super League
Stoke City,14,Championship
Empoli,31,Serie A
River Plate,338,Primera División
Casa Pia,308,Primeira Liga
Sporting Charleroi,4,Pro League
Sevilla,53,La Liga
Lorient,16,Ligue 1
Le Havre,16,Ligue 1
Hertha BSC,20,2. Bundesliga
Young Boys,189,Super League
Racing Santander,54,La Liga 2
Strasbourg,16,Ligue 1
Shanghai Port,2012,Super League
PSV,10,Eredivisie
Cardiff City,14,Championship
Nordsjælland,1,Superliga
Peñarol,338,Primera División
Eintracht Frankfurt,19,Bundesliga
River Plate,353,Liga Profesional de Fútbol
Belgrano,353,Liga Profesional de Fútbol
FSV Mainz 05,19,Bundesliga
LOSC Lille,16,Ligue 1
Stade de Reims,16,Ligue 1
Newell's Old Boys,353,Liga Profesional de Fútbol
København,1,Superliga
Boavista,308,Primeira Liga
Slavia Praha,319,First League
Lecce,31,Serie A
Cagliari,31,Serie A
Internacional,7,Série A
Southampton,14,Championship
AZ Alkmaar,10,Eredivisie
SpVgg Greuther Fürth,20,2. Bundesliga
Peñarol,338,Primera División
Colo-Colo,335,Primera Division
Kaiserslautern,20,2. Bundesliga
Hamburger SV,20,2. Bundesliga
Blackburn Rovers,14,Championship
Rangers,50,Premiership
Hull City,14,Championship
Ipswich Town,14,Championship
København,1,Superliga
København,1,Superliga
Nacional,338,Primera División
Sassuolo,31,Serie A
Aberdeen,50,Premiership
Peñarol,338,Primera División
Zhejiang,2012,Super League
Frosinone,31,Serie A
FC Augsburg,19,Bundesliga
Borussia Mönchengladbach,19,Bundesliga
Burnley,13,Premier League
Strasbourg,16,Ligue 1
Como,32,Serie B
Palmeiras,7,Série A
Toulouse,16,Ligue 1
Raków Częstochowa,66,Ekstraklasa
Ferencváros,64,Nemzeti Bajnokság I
Changchun Yatai,2012,Super League
Liverpool,13,Premier League
Ñublense,335,Primera Division
Sporting Gijón,54,La Liga 2
Botafogo,7,Série A
Lecce,31,Serie A
Hajduk Split,317,Hrvatska nogometna liga
Godoy Cruz,353,Liga Profesional de Fútbol
Lech Poznań,66,Ekstraklasa
Bodø / Glimt,41,Eliteserien
Everton,13,Premier League
Sassuolo,31,Serie A
Seattle Sounders,39,Major League Soccer
Panathinaikos,63,Super League
Lorient,16,Ligue 1
Eintracht Frankfurt,19,Bundesliga
Las Palmas,53,La Liga
Peñarol,338,Primera División
Young Boys,189,Super League
Al Okhdood,350,Pro League
Salzburg,80,Bundesliga
Lanús,353,Liga Profesional de Fútbol
Abha,350,Pro League
FC Utrecht,10,Eredivisie
Peñarol,338,Primera División
Las Palmas,53,La Liga
Cádiz,53,La Liga
Bragantino,7,Série A
Vélez Sarsfield,353,Liga Profesional de Fútbol
Al Riyadh,350,Pro League
NEC,10,Eredivisie
River Plate,353,Liga Profesional de Fútbol
Salernitana,31,Serie A
Independiente,353,Liga Profesional de Fútbol
Águilas Doradas,336,Categoría Primera A
Empoli,31,Serie A
Heidenheim,19,Bundesliga
Alianza Lima,2020,Primera Division
Lausanne Sport,189,Super League
Vitória SC,308,Primeira Liga
San Lorenzo,353,Liga Profesional de Fútbol
Saint Louis City,39,Major League Soccer
Peñarol,338,Primera División
Granada,53,La Liga
Racing Santander,54,La Liga 2
Aucas,2018,Liga Pro
Como,32,Serie B
OH Leuven,4,Pro League
Las Palmas,53,La Liga
Alcorcón,54,La Liga 2
Universidad Católica,335,Primera Division
Flamengo,7,Série A
Empoli,31,Serie A
Ipswich Town,14,Championship
Clermont,16,Ligue 1
Antwerp,4,Pro League
Sheffield United,13,Premier League
Young Boys,189,Super League
Ajax,10,Eredivisie
FC Utrecht,10,Eredivisie
AFC Bournemouth,13,Premier League
AEK Athens,63,Super League
Lech Poznań,66,Ekstraklasa
New York City,39,Major League Soccer
Plymouth Argyle,14,Championship
Bragantino,7,Série A
Standard Liège,4,Pro League
New York City,39,Major League Soccer
Al Ain,2013,Pro League
Vitória SC,308,Primeira Liga
Raków Częstochowa,66,Ekstraklasa
Grasshopper,189,Super League
Norwich City,14,Championship
Le Havre,16,Ligue 1
Rayo Vallecano,53,La Liga
Genoa,31,Serie A
Shakhtar Donetsk,332,Premier League
Parma,32,Serie B
Athletico Paranaense,7,Série A
Montpellier,16,Ligue 1
Deportivo Alavés,53,La Liga
Jeonbuk Motors,83,K League 1
Plymouth Argyle,14,Championship
Arouca,308,Primeira Liga
América Mineiro,7,Série A
Genoa,31,Serie A
Stoke City,14,Championship
LDU Quito,2018,Liga Pro
Middlesbrough,14,Championship
Huddersfield Town,14,Championship
Slavia Praha,319,First League
Ajaccio,17,Ligue 2
Sheffield United,13,Premier League
Cardiff City,14,Championship
Talleres Córdoba,353,Liga Profesional de Fútbol
Middlesbrough,14,Championship
Celta de Vigo,53,La Liga
Strasbourg,16,Ligue 1
Leeds United,14,Championship
Ñublense,335,Primera Division
Fortaleza,7,Série A
Burnley,13,Premier League
Sturm Graz,80,Bundesliga
Argentinos Juniors,353,Liga Profesional de Fútbol
Jeju United,83,K League 1
Southampton,14,Championship
İstanbul Başakşehir,68,Süper Lig
Sporting Braga,308,Primeira Liga
Lech Poznań,66,Ekstraklasa
Fluminense,7,Série A
Bordeaux,17,Ligue 2
Nantes,16,Ligue 1
Sheffield United,13,Premier League
Cardiff City,14,Championship
Fortuna Sittard,10,Eredivisie
Huracán,353,Liga Profesional de Fútbol
København,1,Superliga
Internacional,7,Série A
Midtjylland,1,Superliga
Bari 1908,32,Serie B
İstanbul Başakşehir,68,Süper Lig
Fiorentina,31,Serie A
Argentinos Juniors,353,Liga Profesional de Fútbol
CF Montréal,39,Major League Soccer
Houston Dynamo,39,Major League Soccer
Atlético Mineiro,7,Série A
FC Augsburg,19,Bundesliga
Dinamo Zagreb,317,Hrvatska nogometna liga
Monaco,16,Ligue 1
Burnley,13,Premier League
Deportivo Cuenca,2018,Liga Pro
AGF,1,Superliga
FC Augsburg,19,Bundesliga
Rosario Central,353,Liga Profesional de Fútbol
Venezia,32,Serie B
FC Köln,19,Bundesliga
Sunderland,14,Championship
Juventus,31,Serie A
Sydney FC,351,A-League Men
Deportes Tolima,336,Categoría Primera A
Como,32,Serie B
Troyes,17,Ligue 2
Burnley,13,Premier League
San Lorenzo,353,Liga Profesional de Fútbol
Monaco,16,Ligue 1
Hajduk Split,317,Hrvatska nogometna liga
Fatih Karagümrük,68,Süper Lig
Brentford,13,Premier League
Antalyaspor,68,Süper Lig
Norwich City,14,Championship
Dynamo Kyiv,332,Premier League
Ajax,10,Eredivisie
River Plate,353,Liga Profesional de Fútbol
Espanyol,54,La Liga 2
Sporting Braga,308,Primeira Liga
Tenerife,54,La Liga 2
Atlanta United,39,Major League Soccer
Yverdon Sport,189,Super League
River Plate,353,Liga Profesional de Fútbol
Genk,4,Pro League
Hellas Verona,31,Serie A
Club Brugge,4,Pro League
Shakhtar Donetsk,332,Premier League
Independiente Medellín,336,Categoría Primera A
Brøndby,1,Superliga
Águilas Doradas,336,Categoría Primera A
Lorient,16,Ligue 1
Palermo,32,Serie B
Cobresal,335,Primera Division
Salzburg,80,Bundesliga
Olympique de Marseille,16,Ligue 1
Zagłębie Lubin,66,Ekstraklasa
Juventus,31,Serie A
Cremonese,32,Serie B
Antwerp,4,Pro League
Sunderland,14,Championship
Luton Town,13,Premier League
Middlesbrough,14,Championship
FC Utrecht,10,Eredivisie
Boca Juniors,353,Liga Profesional de Fútbol
St. Pauli,20,2. Bundesliga
Cardiff City,14,Championship
Monza,31,Serie A
River Plate,353,Liga Profesional de Fútbol
Gaziantep F.K.,68,Süper Lig
Getafe,53,La Liga
Frosinone,31,Serie A
Saint-Étienne,17,Ligue 2
Lecce,31,Serie A
Schalke 04,20,2. Bundesliga
Luzern,189,Super League
Real Oviedo,54,La Liga 2
SD Eibar,54,La Liga 2
Olympique Lyonnais,16,Ligue 1
Almería,53,La Liga
SC Heerenveen,10,Eredivisie
Hamburger SV,20,2. Bundesliga
San Jose Earthquakes,39,Major League Soccer
Hellas Verona,31,Serie A
New York RB,39,Major League Soccer
,,
Austin,39,Major League Soccer
West Bromwich Albion,14,Championship
Raków Częstochowa,66,Ekstraklasa
Strasbourg,16,Ligue 1
PAOK,63,Super League
Granada,53,La Liga
Olympique de Marseille,16,Ligue 1
Inter Miami,39,Major League Soccer
Auxerre,17,Ligue 2
Salernitana,31,Serie A
Ñublense,335,Primera Division
Norwich City,14,Championship
Granada,53,La Liga
Udinese,31,Serie A
Al Hilal,350,Pro League
Westerlo,4,Pro League
Kayserispor,68,Süper Lig
Panathinaikos,63,Super League
Hibernian,50,Premiership
Lugano,189,Super League
AGF,1,Superliga
São Paulo,7,Série A
Bologna,31,Serie A
SD Eibar,54,La Liga 2
Libertad,337,Primera División
Ajax,10,Eredivisie
Bologna,31,Serie A
Estoril,308,Primeira Liga
Fulham,13,Premier League
Queens Park Rangers,14,Championship
Universitario,2020,Primera Division
AFC Bournemouth,13,Premier League
Sint-Truiden,4,Pro League
Clermont,16,Ligue 1
İstanbul Başakşehir,68,Süper Lig
Argentinos Juniors,353,Liga Profesional de Fútbol
Stade Brestois 29,16,Ligue 1
Al Ahli Jeddah,350,Pro League
FC Augsburg,19,Bundesliga
Almería,53,La Liga
Bristol City,14,Championship
Farense,308,Primeira Liga
Vitória SC,308,Primeira Liga
Genoa,31,Serie A
İstanbul Başakşehir,68,Süper Lig
Atlético Mineiro,7,Série A
River Plate,353,Liga Profesional de Fútbol
Fortuna Düsseldorf,20,2. Bundesliga
Viktoria Plzeň,319,First League
Lens,16,Ligue 1
Independiente Medellín,336,Categoría Primera A
Valencia,53,La Liga
Farense,308,Primeira Liga
Samsunspor,68,Süper Lig
Bordeaux,17,Ligue 2
Granada,53,La Liga
NEC,10,Eredivisie
Olympique de Marseille,16,Ligue 1
Famalicão,308,Primeira Liga
Slavia Praha,319,First League
Hamburger SV,20,2. Bundesliga
Athletic Club,53,La Liga
Gimnasia La Plata,353,Liga Profesional de Fútbol
Sturm Graz,80,Bundesliga
Boavista,308,Primeira Liga
Middlesbrough,14,Championship
River Plate,353,Liga Profesional de Fútbol
Atlanta United,39,Major League Soccer
Parma,32,Serie B
Trabzonspor,68,Süper Lig
Cagliari,31,Serie A
San Jose Earthquakes,39,Major League Soccer
SC Heerenveen,10,Eredivisie
FC Köln,19,Bundesliga
İstanbul Başakşehir,68,Süper Lig
Al Nassr,350,Pro League
Racing Club,353,Liga Profesional de Fútbol
Changchun Yatai,2012,Super League
Molde,41,Eliteserien
Werder Bremen,19,Bundesliga
Viktoria Plzeň,319,First League
Independiente,353,Liga Profesional de Fútbol
Cincinnati,39,Major League Soccer
FC Twente,10,Eredivisie
Go Ahead Eagles,10,Eredivisie
Fenerbahçe,68,Süper Lig
Queens Park Rangers,14,Championship
San Jose Earthquakes,39,Major League Soccer
LOSC Lille,16,Ligue 1
Shanghai Shenhua,2012,Super League
Moreirense,308,Primeira Liga
Stoke City,14,Championship
Vélez Sarsfield,353,Liga Profesional de Fútbol
Argentinos Juniors,353,Liga Profesional de Fútbol
Hamburger SV,20,2. Bundesliga
Antwerp,4,Pro League
Cádiz,53,La Liga
Strasbourg,16,Ligue 1
Aston Villa,13,Premier League
Torino,31,Serie A
Junior,336,Categoría Primera A
Jeonbuk Motors,83,K League 1
Talleres Córdoba,353,Liga Profesional de Fútbol
Al Tai,350,Pro League
Bologna,31,Serie A
Panathinaikos,63,Super League
Boca Juniors,353,Liga Profesional de Fútbol
Wolverhampton Wanderers,13,Premier League
Millwall,14,Championship
Santos,7,Série A
Club Brugge,4,Pro League
Celtic,50,Premiership
Lanús,353,Liga Profesional de Fútbol
LA Galaxy,39,Major League Soccer
The Strongest,2017,División de Fútbol Profesional
Modena,32,Serie B
Lanús,353,Liga Profesional de Fútbol
PAOK,63,Super League
Darmstadt 98,19,Bundesliga
Lens,16,Ligue 1
Ferencváros,64,Nemzeti Bajnokság I
Shanghai Port,2012,Super League
PAOK,63,Super League
Colo-Colo,335,Primera Division
,,
Heidenheim,19,Bundesliga
Deportivo Alavés,53,La Liga
Farense,308,Primeira Liga
Celta de Vigo,53,La Liga
Kasımpaşa,68,Süper Lig
Bordeaux,17,Ligue 2
Melgar,2020,Primera Division
Modena,32,Serie B
Ipswich Town,14,Championship
Jeju United,83,K League 1
Minnesota United,39,Major League Soccer
Roma,31,Serie A
Chicago Fire,39,Major League Soccer
Jeonbuk Motors,83,K League 1
Slavia Praha,319,First League
Deportivo Pereira,336,Categoría Primera A
SC Heerenveen,10,Eredivisie
Darmstadt 98,19,Bundesliga
Milan,31,Serie A
Austin,39,Major League Soccer
Werder Bremen,19,Bundesliga
Nice,16,Ligue 1
Lorient,16,Ligue 1
Strasbourg,16,Ligue 1
Auxerre,17,Ligue 2
Olympique Lyonnais,16,Ligue 1
Leicester City,14,Championship
Frosinone,31,Serie A
København,1,Superliga
Racing Club,353,Liga Profesional de Fútbol
Empoli,31,Serie A
İstanbul Başakşehir,68,Süper Lig
Frosinone,31,Serie A
Fortaleza,7,Série A
Famalicão,308,Primeira Liga
Vizela,308,Primeira Liga
Nantes,16,Ligue 1
Deportivo Pereira,336,Categoría Primera A
AFC Bournemouth,13,Premier League
VfL Bochum 1848,19,Bundesliga
Cremonese,32,Serie B
Malmö FF,56,Allsvenskan
Sarmiento,353,Liga Profesional de Fútbol
FC Köln,19,Bundesliga
Cagliari,31,Serie A
Vitória SC,308,Primeira Liga
SD Eibar,54,La Liga 2
Delfin,2018,Liga Pro
Botafogo,7,Série A
Aberdeen,50,Premiership
,,
Fortuna Düsseldorf,20,2. Bundesliga
Western Sydney Wanderers,351,A-League Men
Hertha BSC,20,2. Bundesliga
Tianjin Jinmen Tiger,2012,Super League
Deportivo Pereira,336,Categoría Primera A
Espanyol,54,La Liga 2
Strasbourg,16,Ligue 1
Independiente,353,Liga Profesional de Fútbol
FC Augsburg,19,Bundesliga
Hansa Rostock,20,2. Bundesliga
Clermont,16,Ligue 1
Colón,353,Liga Profesional de Fútbol
Changchun Yatai,2012,Super League
Porto,308,Primeira Liga
Real Zaragoza,54,La Liga 2
Sheffield United,13,Premier League
Daegu,83,K League 1
Leicester City,14,Championship
Sporting Kansas City,39,Major League Soccer
Hearts,50,Premiership
Mechelen,4,Pro League
Santa Fe,336,Categoría Primera A
Racing Club,353,Liga Profesional de Fútbol
Rosario Central,353,Liga Profesional de Fútbol
Cangzhou Mighty Lions,2012,Super League
Parma,32,Serie B
Leganés,54,La Liga 2
Werder Bremen,19,Bundesliga
Cremonese,32,Serie B
Jeonbuk Motors,83,K League 1
Sporting CP,308,Primeira Liga
Estoril,308,Primeira Liga
Go Ahead Eagles,10,Eredivisie
Toulouse,16,Ligue 1
Cremonese,32,Serie B
Middlesbrough,14,Championship
Cagliari,31,Serie A
FC Union Berlin,19,Bundesliga
River Plate,353,Liga Profesional de Fútbol
Seattle Sounders,39,Major League Soccer
Queens Park Rangers,14,Championship
Santa Fe,336,Categoría Primera A
Górnik Zabrze,66,Ekstraklasa
Sheffield Wednesday,14,Championship
Santa Fe,336,Categoría Primera A
Bragantino,7,Série A
Häcken,56,Allsvenskan
Estoril,308,Primeira Liga
Olympique Lyonnais,16,Ligue 1
Real Valladolid,54,La Liga 2
Hearts,50,Premiership
Defensa y Justicia,353,Liga Profesional de Fútbol
Boca Juniors,353,Liga Profesional de Fútbol
Huesca,54,La Liga 2
Arouca,308,Primeira Liga
Cádiz,53,La Liga
Sturm Graz,80,Bundesliga
Queens Park Rangers,14,Championship
,,
Paris Saint Germain,16,Ligue 1
Incheon United,83,K League 1
Mallorca,53,La Liga
Holstein Kiel,20,2. Bundesliga
Reggiana,32,Serie B
Birmingham City,14,Championship
Boca Juniors,353,Liga Profesional de Fútbol
Leeds United,14,Championship
Sporting Cristal,2020,Primera Division
PAOK,63,Super League
Daejeon Citizen,83,K League 1
FC Union Berlin,19,Bundesliga
Torino,31,Serie A
Lorient,16,Ligue 1
Osasuna,53,La Liga
Newcastle United,13,Premier League
Goiás,7,Série A
Vancouver Whitecaps,39,Major League Soccer
Hellas Verona,31,Serie A
Deportivo Pereira,336,Categoría Primera A
St. Pauli,20,2. Bundesliga
Huracán,353,Liga Profesional de Fútbol
Dynamo Kyiv,332,Premier League
Angers SCO,17,Ligue 2
Los Angeles FC,39,Major League Soccer
Ipswich Town,14,Championship
Ternana,32,Serie B
Gent,4,Pro League
Fortuna Sittard,10,Eredivisie
Dinamo Zagreb,317,Hrvatska nogometna liga
Club Brugge,4,Pro League
Nantes,16,Ligue 1
Middlesbrough,14,Championship
Santos,7,Série A
Melbourne City,351,A-League Men
Instituto,353,Liga Profesional de Fútbol
Udinese,31,Serie A
Quevilly Rouen,17,Ligue 2
Kortrijk,4,Pro League
Reggiana,32,Serie B
Nashville SC,39,Major League Soccer
Defensa y Justicia,353,Liga Profesional de Fútbol
Kaiserslautern,20,2. Bundesliga
Fortuna Sittard,10,Eredivisie
Young Boys,189,Super League
Gent,4,Pro League
Millwall,14,Championship
Seoul,83,K League 1
Malmö FF,56,Allsvenskan
Watford,14,Championship
Fortaleza,7,Série A
Porto,308,Primeira Liga
Midtjylland,1,Superliga
Independiente Medellín,336,Categoría Primera A
Chaves,308,Primeira Liga
Estoril,308,Primeira Liga
Sporting Kansas City,39,Major League Soccer
Ferencváros,64,Nemzeti Bajnokság I
Everton,13,Premier League
Le Havre,16,Ligue 1
Western Sydney Wanderers,351,A-League Men
Nacional,338,Primera División
Konyaspor,68,Süper Lig
Paderborn,20,2. Bundesliga
Hibernian,50,Premiership
Águilas Doradas,336,Categoría Primera A
Heidenheim,19,Bundesliga
Elche,54,La Liga 2
Atlético Tucumán,353,Liga Profesional de Fútbol
Ferencváros,64,Nemzeti Bajnokság I
Troyes,17,Ligue 2
Colo-Colo,335,Primera Division
Ñublense,335,Primera Division
Standard Liège,4,Pro League
Newell's Old Boys,353,Liga Profesional de Fútbol
Espanyol,54,La Liga 2
Burgos,54,La Liga 2
Swansea City,14,Championship
Olympique Lyonnais,16,Ligue 1
Fenerbahçe,68,Süper Lig
Queens Park Rangers,14,Championship
Spezia,32,Serie B
Moreirense,308,Primeira Liga
Angers SCO,17,Ligue 2
Norwich City,14,Championship
VfL Wolfsburg,19,Bundesliga
Jeonbuk Motors,83,K League 1
Albacete,54,La Liga 2
Real Sociedad,53,La Liga
Frosinone,31,Serie A
Nordsjælland,1,Superliga
Dallas,39,Major League Soccer
Newcastle United,13,Premier League
NEC,10,Eredivisie
Celta de Vigo,53,La Liga
Angers SCO,17,Ligue 2
Ascoli,32,Serie B
Fortuna Sittard,10,Eredivisie
Sturm Graz,80,Bundesliga
Cienciano,2020,Primera Division
Dinamo Zagreb,317,Hrvatska nogometna liga
Deportivo Cuenca,2018,Liga Pro
Sunderland,14,Championship
Lorient,16,Ligue 1
Cardiff City,14,Championship
Queens Park Rangers,14,Championship
Servette,189,Super League
César Vallejo,2020,Primera Division
Fatih Karagümrük,68,Süper Lig
Gent,4,Pro League
Cremonese,32,Serie B
RWDM,4,Pro League
Cagliari,31,Serie A
København,1,Superliga
Pisa,32,Serie B
Kaiserslautern,20,2. Bundesliga
Lech Poznań,66,Ekstraklasa
Hertha BSC,20,2. Bundesliga
Viktoria Plzeň,319,First League
Queens Park Rangers,14,Championship
Schalke 04,20,2. Bundesliga
Saint-Étienne,17,Ligue 2
Real Valladolid,54,La Liga 2
Western Sydney Wanderers,351,A-League Men
Como,32,Serie B
Raków Częstochowa,66,Ekstraklasa
Heidenheim,19,Bundesliga
Millwall,14,Championship
Millwall,14,Championship
Lanús,353,Liga Profesional de Fútbol
Luton Town,13,Premier League
Caen,17,Ligue 2
Danubio,338,Primera División
Sheffield United,13,Premier League
Watford,14,Championship
Elche,54,La Liga 2
Atalanta,31,Serie A
Estoril,308,Primeira Liga
Amorebieta,54,La Liga 2
Le Havre,16,Ligue 1
LASK Linz,80,Bundesliga
Servette,189,Super League
São Paulo,7,Série A
Zhejiang,2012,Super League
Montpellier,16,Ligue 1
Middlesbrough,14,Championship
Servette,189,Super League
Cagliari,31,Serie A
İstanbul Başakşehir,68,Süper Lig
FC Köln,19,Bundesliga
Nordsjælland,1,Superliga
Racing Club,353,Liga Profesional de Fútbol
LASK Linz,80,Bundesliga
Südtirol,32,Serie B
Metz,16,Ligue 1
Legia Warszawa,66,Ekstraklasa
Stoke City,14,Championship
Los Angeles FC,39,Major League Soccer
Magdeburg,20,2. Bundesliga
Ferencváros,64,Nemzeti Bajnokság I
Incheon United,83,K League 1
Como,32,Serie B
Basel,189,Super League
Cremonese,32,Serie B
Corinthians,7,Série A
Bristol City,14,Championship
Norwich City,14,Championship
İstanbul Başakşehir,68,Süper Lig
Palermo,32,Serie B
Brescia,32,Serie B
Atlético Nacional,336,Categoría Primera A
LASK Linz,80,Bundesliga
Al Okhdood,350,Pro League
Panathinaikos,63,Super League
Casa Pia,308,Primeira Liga
Saint-Étienne,17,Ligue 2
Elfsborg,56,Allsvenskan
Almería,53,La Liga
Junior,336,Categoría Primera A
Borussia Mönchengladbach,19,Bundesliga
APOEL,318,1. Division
Hannover 96,20,2. Bundesliga
Cádiz,53,La Liga
Barcelona Guayaquil,2018,Liga Pro
Spezia,32,Serie B
Atlético Tucumán,353,Liga Profesional de Fútbol
SD Eibar,54,La Liga 2
Empoli,31,Serie A
Newell's Old Boys,353,Liga Profesional de Fútbol
Cienciano,2020,Primera Division
Central Cordoba SdE,353,Liga Profesional de Fútbol
New York City,39,Major League Soccer
Malmö FF,56,Allsvenskan
Udinese,31,Serie A
Arouca,308,Primeira Liga
Belgrano,353,Liga Profesional de Fútbol
Sporting Kansas City,39,Major League Soccer
OH Leuven,4,Pro League
Burnley,13,Premier League
Zagłębie Lubin,66,Ekstraklasa
Deportivo Binacional,2020,Primera Division
Nordsjælland,1,Superliga
Luton Town,13,Premier League
Rayo Vallecano,53,La Liga
Colo-Colo,335,Primera Division
Hajduk Split,317,Hrvatska nogometna liga
Chengdu Rongcheng,2012,Super League
Corinthians,7,Série A
Djurgården,56,Allsvenskan
Granada,53,La Liga
Austin,39,Major League Soccer
Estrela Amadora,308,Primeira Liga
Cardiff City,14,Championship
Al Wahda,350,Pro League
River Plate,338,Primera División
Inter Miami,39,Major League Soccer
Belgrano,353,Liga Profesional de Fútbol
Monza,31,Serie A
AEK Athens,63,Super League
River Plate,338,Primera División
København,1,Superliga
Nantes,16,Ligue 1
Bordeaux,17,Ligue 2
Universitario,2020,Primera Division
Jeju United,83,K League 1
Barracas Central,353,Liga Profesional de Fútbol
LASK Linz,80,Bundesliga
Elche,54,La Liga 2
Clermont,16,Ligue 1
River Plate,338,Primera División
Melgar,2020,Primera Division
Lecco,32,Serie B
Cádiz,53,La Liga
Legia Warszawa,66,Ekstraklasa
Inter Miami,39,Major League Soccer
Mechelen,4,Pro League
Burnley,13,Premier League
Bragantino,7,Série A
Ipswich Town,14,Championship
Le Havre,16,Ligue 1
Minnesota United,39,Major League Soccer
River Plate,338,Primera División
Botafogo,7,Série A
Boca Juniors,353,Liga Profesional de Fútbol
Huracán,353,Liga Profesional de Fútbol
Frosinone,31,Serie A
Westerlo,4,Pro League
Racing Santander,54,La Liga 2
Estrela Amadora,308,Primeira Liga
Salernitana,31,Serie A
OH Leuven,4,Pro League
Hellas Verona,31,Serie A
Luton Town,13,Premier League
América Mineiro,7,Série A
Talleres Córdoba,353,Liga Profesional de Fútbol
Palestino,335,Primera Division
Al Hazem,350,Pro League
Strasbourg,16,Ligue 1
Vitesse,10,Eredivisie
Tenerife,54,La Liga 2
América Mineiro,7,Série A
Pisa,32,Serie B
Defensa y Justicia,353,Liga Profesional de Fútbol
Levante,54,La Liga 2
Racing Club,353,Liga Profesional de Fútbol
Abha,350,Pro League
Celtic,50,Premiership
Houston Dynamo,39,Major League Soccer
Metz,16,Ligue 1
Salernitana,31,Serie A
Newell's Old Boys,353,Liga Profesional de Fútbol
Arouca,308,Primeira Liga
Slavia Praha,319,First League
América Mineiro,7,Série A
Plymouth Argyle,14,Championship
Estudiantes,353,Liga Profesional de Fútbol
Southampton,14,Championship
Cagliari,31,Serie A
APOEL,318,1. Division
Valencia,53,La Liga
Le Havre,16,Ligue 1
Feyenoord,10,Eredivisie
Real Valladolid,54,La Liga 2
Lecce,31,Serie A
Hearts,50,Premiership
Grenoble Foot 38,17,Ligue 2
Instituto,353,Liga Profesional de Fútbol
Lech Poznań,66,Ekstraklasa
Genk,4,Pro League
Parma,32,Serie B
Portland Timbers,39,Major League Soccer
Salernitana,31,Serie A
,,
Crystal Palace,13,Premier League
Fortuna Düsseldorf,20,2. Bundesliga
Lanús,353,Liga Profesional de Fútbol
Sparta Rotterdam,10,Eredivisie
Cremonese,32,Serie B
Stoke City,14,Championship
Granada,53,La Liga
Venezia,32,Serie B
Boavista,308,Primeira Liga
Palermo,32,Serie B
Sporting Kansas City,39,Major League Soccer
Monza,31,Serie A
Toulouse,16,Ligue 1
Seoul,83,K League 1
Malmö FF,56,Allsvenskan
Tenerife,54,La Liga 2
Schalke 04,20,2. Bundesliga
Rapid Wien,80,Bundesliga
Fortuna Düsseldorf,20,2. Bundesliga
Rosario Central,353,Liga Profesional de Fútbol
Palmeiras,7,Série A
Ascoli,32,Serie B
Estoril,308,Primeira Liga
St. Gallen,189,Super League
Estudiantes,353,Liga Profesional de Fútbol
Mechelen,4,Pro League
Las Palmas,53,La Liga
Celtic,50,Premiership
TSG Hoffenheim,19,Bundesliga
Slavia Praha,319,First League
Damac,350,Pro League
Ascoli,32,Serie B
Genk,4,Pro League
Sparta Rotterdam,10,Eredivisie
Vélez Sarsfield,353,Liga Profesional de Fútbol
Sassuolo,31,Serie A
Rayo Vallecano,53,La Liga
River Plate,338,Primera División
Nantes,16,Ligue 1
Real Sociedad,53,La Liga
Levante,54,La Liga 2
Udinese,31,Serie A
Swansea City,14,Championship
Benfica,308,Primeira Liga
Seoul,83,K League 1
Peñarol,338,Primera División
Saint-Étienne,17,Ligue 2
Toulouse,16,Ligue 1
Chaves,308,Primeira Liga
San Lorenzo,353,Liga Profesional de Fútbol
The Strongest,2017,División de Fútbol Profesional
Goiás,7,Série A
Internacional,7,Série A
,,
Pohang Steelers,83,K League 1
Dallas,39,Major League Soccer
Ulsan,83,K League 1
Sheffield United,13,Premier League
San Lorenzo,353,Liga Profesional de Fútbol
Samsunspor,68,Süper Lig
Sarmiento,353,Liga Profesional de Fútbol
Peñarol,338,Primera División
VfB Stuttgart,19,Bundesliga
Zürich,189,Super League
Peñarol,338,Primera División
Botafogo,7,Série A
AGF,1,Superliga
Racing Club,353,Liga Profesional de Fútbol
Udinese,31,Serie A
Viktoria Plzeň,319,First League
Angers SCO,17,Ligue 2
Standard Liège,4,Pro League
Espanyol,54,La Liga 2
Atlético Nacional,336,Categoría Primera A
Macarthur,351,A-League Men
Sporting Gijón,54,La Liga 2
Sassuolo,31,Serie A
FC Köln,19,Bundesliga
Alianza Lima,2020,Primera Division
SC Freiburg,19,Bundesliga
Deportes Tolima,336,Categoría Primera A
Damac,350,Pro League
Antwerp,4,Pro League
Genk,4,Pro League
Saint-Étienne,17,Ligue 2
Bodø / Glimt,41,Eliteserien
Fenerbahçe,68,Süper Lig
River Plate,338,Primera División
Samsunspor,68,Süper Lig
São Paulo,7,Série A
Colo-Colo,335,Primera Division
New England,39,Major League Soccer
Boavista,308,Primeira Liga
Eldense,54,La Liga 2
FSV Mainz 05,19,Bundesliga
Austria Wien,80,Bundesliga
Jagiellonia Białystok,66,Ekstraklasa
Hellas Verona,31,Serie A
Vélez Sarsfield,353,Liga Profesional de Fútbol
Vizela,308,Primeira Liga
Anderlecht,4,Pro League
Portland Timbers,39,Major League Soccer
Porto,308,Primeira Liga
Angers SCO,17,Ligue 2
Ankaragücü,68,Süper Lig
Middlesbrough,14,Championship
Caen,17,Ligue 2
Hull City,14,Championship
Cercle Brugge,4,Pro League
Osnabrück,20,2. Bundesliga
Benfica,308,Primeira Liga
César Vallejo,2020,Primera Division
Lugano,189,Super League
Águilas Doradas,336,Categoría Primera A
Torino,31,Serie A
SC Freiburg,19,Bundesliga
Blackburn Rovers,14,Championship
Banfield,353,Liga Profesional de Fútbol
Fortuna Sittard,10,Eredivisie
Eintracht Braunschweig,20,2. Bundesliga
Deportes Tolima,336,Categoría Primera A
West Bromwich Albion,14,Championship
Udinese,31,Serie A
Hearts,50,Premiership
Strasbourg,16,Ligue 1
Espanyol,54,La Liga 2
Sparta Praha,319,First League
Fluminense,7,Série A
Real Oviedo,54,La Liga 2
New England,39,Major League Soccer
Racing Club,353,Liga Profesional de Fútbol
Hamburger SV,20,2. Bundesliga
New York City,39,Major League Soccer
West Bromwich Albion,14,Championship
Salernitana,31,Serie A
Boca Juniors,353,Liga Profesional de Fútbol
Bragantino,7,Série A
Rizespor,68,Süper Lig
Palermo,32,Serie B
Club Brugge,4,Pro League
AGF,1,Superliga
Jeonbuk Motors,83,K League 1
Antwerp,4,Pro League
Southampton,14,Championship
Huddersfield Town,14,Championship
Argentinos Juniors,353,Liga Profesional de Fútbol
Universitario,2020,Primera Division
Genoa,31,Serie A
Antalyaspor,68,Süper Lig
Ajaccio,17,Ligue 2
Birmingham City,14,Championship
Lorient,16,Ligue 1
Preston North End,14,Championship
Nottingham Forest,13,Premier League
Hamburger SV,20,2. Bundesliga
Sturm Graz,80,Bundesliga
Fulham,13,Premier League
Emelec,2018,Liga Pro
Toronto,39,Major League Soccer
FSV Mainz 05,19,Bundesliga
Dynamo Kyiv,332,Premier League
Beşiktaş,68,Süper Lig
Defensa y Justicia,353,Liga Profesional de Fútbol
Bragantino,7,Série A
AGF,1,Superliga
Darmstadt 98,19,Bundesliga
Universitario,2020,Primera Division
Racing Ferrol,54,La Liga 2
Caen,17,Ligue 2
Al Taawon,350,Pro League
Burnley,13,Premier League
Sheffield United,13,Premier League
Lausanne Sport,189,Super League
Darmstadt 98,19,Bundesliga
Godoy Cruz,353,Liga Profesional de Fútbol
VfL Bochum 1848,19,Bundesliga
Norrköping,56,Allsvenskan
Brøndby,1,Superliga
Brøndby,1,Superliga
Plymouth Argyle,14,Championship
Union Saint-Gilloise,4,Pro League
Monza,31,Serie A
Eintracht Braunschweig,20,2. Bundesliga
Los Angeles FC,39,Major League Soccer
Millonarios,336,Categoría Primera A
AZ Alkmaar,10,Eredivisie
Sevilla,53,La Liga
Sturm Graz,80,Bundesliga
FC Union Berlin,19,Bundesliga
Wuhan Three Towns,2012,Super League
Fortuna Düsseldorf,20,2. Bundesliga
Al Okhdood,350,Pro League
Gaziantep F.K.,68,Süper Lig
Hatayspor,68,Süper Lig
Salernitana,31,Serie A
Pisa,32,Serie B
RWDM,4,Pro League
Heidenheim,19,Bundesliga
Saint-Étienne,17,Ligue 2
Seattle Sounders,39,Major League Soccer
Viking,41,Eliteserien
Monaco,16,Ligue 1
Gil Vicente,308,Primeira Liga
Deportes Tolima,336,Categoría Primera A
Ajax,10,Eredivisie
Panathinaikos,63,Super League
Nürnberg,20,2. Bundesliga
,,
Molde,41,Eliteserien
Bristol City,14,Championship
Malmö FF,56,Allsvenskan
Schalke 04,20,2. Bundesliga
Deportivo Alavés,53,La Liga
Fatih Karagümrük,68,Süper Lig
Junior,336,Categoría Primera A
Coventry City,14,Championship
PAOK,63,Super League
Preston North End,14,Championship
Al Ain,2013,Pro League
Empoli,31,Serie A
Paris,17,Ligue 2
Elfsborg,56,Allsvenskan
Jeonbuk Motors,83,K League 1
Sparta Praha,319,First League
Brisbane Roar,351,A-League Men
Genk,4,Pro League
Sturm Graz,80,Bundesliga
Wolverhampton Wanderers,13,Premier League
Midtjylland,1,Superliga
Columbus Crew,39,Major League Soccer
Midtjylland,1,Superliga
Piast Gliwice,66,Ekstraklasa
Cobresal,335,Primera Division
Trabzonspor,68,Süper Lig
Colo-Colo,335,Primera Division
Colón,353,Liga Profesional de Fútbol
Santos,7,Série A
Bari 1908,32,Serie B
Clermont,16,Ligue 1
Corinthians,7,Série A
Águilas Doradas,336,Categoría Primera A
Celtic,50,Premiership
Sporting Gijón,54,La Liga 2
Burgos,54,La Liga 2
Chengdu Rongcheng,2012,Super League
OH Leuven,4,Pro League
Estudiantes,353,Liga Profesional de Fútbol
Zürich,189,Super League
Wuhan Three Towns,2012,Super League
AS Eupen,4,Pro League
Rio Ave,308,Primeira Liga
Saint-Étienne,17,Ligue 2
Hatayspor,68,Süper Lig
Boavista,308,Primeira Liga
Hertha BSC,20,2. Bundesliga
Al Khaleej,350,Pro League
Sunderland,14,Championship
Cremonese,32,Serie B
Real Zaragoza,54,La Liga 2
Real Valladolid,54,La Liga 2
Stade Brestois 29,16,Ligue 1
Burnley,13,Premier League
Celtic,50,Premiership
Levante,54,La Liga 2
Atlético Nacional,336,Categoría Primera A
FC Bayern München,19,Bundesliga
Sarmiento,353,Liga Profesional de Fútbol
Nashville SC,39,Major League Soccer
Cobresal,335,Primera Division
Real Valladolid,54,La Liga 2
Stoke City,14,Championship
Colo-Colo,335,Primera Division
Wolfsberger AC,80,Bundesliga
New York RB,39,Major League Soccer
Hertha BSC,20,2. Bundesliga
Vélez Sarsfield,353,Liga Profesional de Fútbol
Al Fayha,350,Pro League
Le Havre,16,Ligue 1
,,
Molde,41,Eliteserien
Luton Town,13,Premier League
Sporting Gijón,54,La Liga 2
Chicago Fire,39,Major League Soccer
Fluminense,7,Série A
Minnesota United,39,Major League Soccer
Bologna,31,Serie A
Young Boys,189,Super League
Strasbourg,16,Ligue 1
Schalke 04,20,2. Bundesliga
Union Saint-Gilloise,4,Pro League
Bristol City,14,Championship
Cremonese,32,Serie B
Chicago Fire,39,Major League Soccer
Daejeon Citizen,83,K League 1
Águilas Doradas,336,Categoría Primera A
Fluminense,7,Série A
Manchester United,13,Premier League
Preston North End,14,Championship
Rangers,50,Premiership
Vitória SC,308,Primeira Liga
Fatih Karagümrük,68,Süper Lig
FC Augsburg,19,Bundesliga
Metz,16,Ligue 1
Swansea City,14,Championship
Heidenheim,19,Bundesliga
Karlsruher SC,20,2. Bundesliga
Salernitana,31,Serie A
Celtic,50,Premiership
Al Raed,350,Pro League
Fortaleza,7,Série A
Rosario Central,353,Liga Profesional de Fútbol
Sporting Cristal,2020,Primera Division
Barcelona Guayaquil,2018,Liga Pro
Racing Club,353,Liga Profesional de Fútbol
Samsunspor,68,Süper Lig
Fenerbahçe,68,Süper Lig
Philadelphia Union,39,Major League Soccer
Famalicão,308,Primeira Liga
St. Pauli,20,2. Bundesliga
Vélez Sarsfield,353,Liga Profesional de Fútbol
Frosinone,31,Serie A
Cremonese,32,Serie B
Kasımpaşa,68,Süper Lig
Tenerife,54,La Liga 2
Vitória SC,308,Primeira Liga
Brighton & Hove Albion,13,Premier League
Sparta Praha,319,First League
Real Oviedo,54,La Liga 2
Olimpia,337,Primera División
Sampdoria,32,Serie B
Swansea City,14,Championship
Cercle Brugge,4,Pro League
Caen,17,Ligue 2
Godoy Cruz,353,Liga Profesional de Fútbol
Racing Club,353,Liga Profesional de Fútbol
Bordeaux,17,Ligue 2
,,
Catanzaro,32,Serie B
Unión Santa Fe,353,Liga Profesional de Fútbol
Leganés,54,La Liga 2
St. Gallen,189,Super League
Stade de Reims,16,Ligue 1
SpVgg Greuther Fürth,20,2. Bundesliga
Almería,53,La Liga
Standard Liège,4,Pro League
Genoa,31,Serie A
Lanús,353,Liga Profesional de Fútbol
Shandong Taishan,2012,Super League
Orlando City,39,Major League Soccer
Olimpia,337,Primera División
Saint-Étienne,17,Ligue 2
FC Utrecht,10,Eredivisie
PAOK,63,Super League
Arouca,308,Primeira Liga
Toulouse,16,Ligue 1
Lens,16,Ligue 1
Independiente,353,Liga Profesional de Fútbol
Deportivo Alavés,53,La Liga
Unión Santa Fe,353,Liga Profesional de Fútbol
Winterthur,189,Super League
Heracles Almelo,10,Eredivisie
Anderlecht,4,Pro League
Boca Juniors,353,Liga Profesional de Fútbol
Lech Poznań,66,Ekstraklasa
Metz,16,Ligue 1
Las Palmas,53,La Liga
Nashville SC,39,Major League Soccer
Corinthians,7,Série A
Hull City,14,Championship
Olimpia,337,Primera División
SD Eibar,54,La Liga 2
,,
Como,32,Serie B
Abha,350,Pro League
Internacional,7,Série A
Westerlo,4,Pro League
Cagliari,31,Serie A
Santa Fe,336,Categoría Primera A
Rosario Central,353,Liga Profesional de Fútbol
Universidad Católica,335,Primera Division
Real Oviedo,54,La Liga 2
Boca Juniors,353,Liga Profesional de Fútbol
Colo-Colo,335,Primera Division
Nantes,16,Ligue 1
Luton Town,13,Premier League
SpVgg Greuther Fürth,20,2. Bundesliga
Fortaleza,7,Série A
Pendikspor,68,Süper Lig
Nashville SC,39,Major League Soccer
Southampton,14,Championship
Tenerife,54,La Liga 2
LA Galaxy,39,Major League Soccer
Modena,32,Serie B
Deportivo Pereira,336,Categoría Primera A
Junior,336,Categoría Primera A
Arsenal de Sarandi,353,Liga Profesional de Fútbol
Gent,4,Pro League
Independiente del Valle,2018,Liga Pro
,,
Deportivo Pereira,336,Categoría Primera A
VfL Bochum 1848,19,Bundesliga
Frosinone,31,Serie A
Queens Park Rangers,14,Championship
Standard Liège,4,Pro League
AEK Athens,63,Super League
Leganés,54,La Liga 2
Nashville SC,39,Major League Soccer
West Bromwich Albion,14,Championship
Deportivo Pereira,336,Categoría Primera A
Charlotte,39,Major League Soccer
Malmö FF,56,Allsvenskan
,,
København,1,Superliga
AEK Athens,63,Super League
Rotherham United,14,Championship
Getafe,53,La Liga
Santa Fe,336,Categoría Primera A
Hearts,50,Premiership
Lecce,31,Serie A
Independiente Medellín,336,Categoría Primera A
Las Palmas,53,La Liga
Los Angeles FC,39,Major League Soccer
Real Salt Lake,39,Major League Soccer
AFC Bournemouth,13,Premier League
Real Oviedo,54,La Liga 2
TSG Hoffenheim,19,Bundesliga
Cincinnati,39,Major League Soccer
Standard Liège,4,Pro League
Inter Miami,39,Major League Soccer
Liverpool,13,Premier League
Laval,17,Ligue 2
Pendikspor,68,Süper Lig
Borussia Dortmund,19,Bundesliga
Anderlecht,4,Pro League
Darmstadt 98,19,Bundesliga
Gent,4,Pro League
OH Leuven,4,Pro League
Tenerife,54,La Liga 2
Botafogo,7,Série A
Birmingham City,14,Championship
Häcken,56,Allsvenskan
Al Okhdood,350,Pro League
København,1,Superliga
Santa Fe,336,Categoría Primera A
Corinthians,7,Série A
Sporting Cristal,2020,Primera Division
Catanzaro,32,Serie B
Changchun Yatai,2012,Super League
Parma,32,Serie B
Schalke 04,20,2. Bundesliga
Unión Santa Fe,353,Liga Profesional de Fútbol
Ferencváros,64,Nemzeti Bajnokság I
Patronato,353,Liga Profesional de Fútbol
Platense,353,Liga Profesional de Fútbol
Parma,32,Serie B
LDU Quito,2018,Liga Pro
Heidenheim,19,Bundesliga
Deportivo Pereira,336,Categoría Primera A
Bristol City,14,Championship
Lanús,353,Liga Profesional de Fútbol
Internacional,7,Série A
Middlesbrough,14,Championship
Atlético Nacional,336,Categoría Primera A
Al Okhdood,350,Pro League
Banfield,353,Liga Profesional de Fútbol
Millwall,14,Championship
Shenzhen,2012,Super League
Almería,53,La Liga
Al Fateh,350,Pro League
Nottingham Forest,13,Premier League
Hajduk Split,317,Hrvatska nogometna liga
DSC Arminia Bielefeld,2076,3. Liga
Zürich,189,Super League
Sassuolo,31,Serie A
Al Tai,350,Pro League
Toulouse,16,Ligue 1
Norwich City,14,Championship
Nürnberg,20,2. Bundesliga
Cardiff City,14,Championship
Djurgården,56,Allsvenskan
Millonarios,336,Categoría Primera A
Ascoli,32,Serie B
Hearts,50,Premiership
Anderlecht,4,Pro League
Spezia,32,Serie B
Metz,16,Ligue 1
Independiente Medellín,336,Categoría Primera A
Rizespor,68,Süper Lig
Pisa,32,Serie B
Bari 1908,32,Serie B
West Bromwich Albion,14,Championship
Universitario,2020,Primera Division
Swansea City,14,Championship
Southampton,14,Championship
Deportes Tolima,336,Categoría Primera A
St. Gallen,189,Super League
Estoril,308,Primeira Liga
Lech Poznań,66,Ekstraklasa
Shanghai Port,2012,Super League
Bristol City,14,Championship
FCSB,330,Liga I
Montpellier,16,Ligue 1
Toulouse,16,Ligue 1
Estudiantes,353,Liga Profesional de Fútbol
Levante,54,La Liga 2
São Paulo,7,Série A
Albacete,54,La Liga 2
Universitario,2020,Primera Division
Portland Timbers,39,Major League Soccer
Go Ahead Eagles,10,Eredivisie
Philadelphia Union,39,Major League Soccer
Shandong Taishan,2012,Super League
Vélez Sarsfield,353,Liga Profesional de Fútbol
Boca Juniors,353,Liga Profesional de Fútbol
Salzburg,80,Bundesliga
Real Zaragoza,54,La Liga 2
Cosenza,32,Serie B
FCSB,330,Liga I
Gent,4,Pro League
Zhejiang,2012,Super League
Celtic,50,Premiership
Osnabrück,20,2. Bundesliga
Internacional,7,Série A
Nottingham Forest,13,Premier League
Famalicão,308,Primeira Liga
Luton Town,13,Premier League
Birmingham City,14,Championship
Sporting Charleroi,4,Pro League
FC Union Berlin,19,Bundesliga
Nashville SC,39,Major League Soccer
Luton Town,13,Premier League
Águilas Doradas,336,Categoría Primera A
Le Havre,16,Ligue 1
Daejeon Citizen,83,K League 1
Fortuna Sittard,10,Eredivisie
Hannover 96,20,2. Bundesliga
Hibernian,50,Premiership
Frosinone,31,Serie A
Stoke City,14,Championship
Cienciano,2020,Primera Division
Godoy Cruz,353,Liga Profesional de Fútbol
Huesca,54,La Liga 2
Atlanta United,39,Major League Soccer
Aberdeen,50,Premiership
Bastia,17,Ligue 2
Hajduk Split,317,Hrvatska nogometna liga
Westerlo,4,Pro League
Al Shabab,350,Pro League
Bodø / Glimt,41,Eliteserien
Fortaleza,7,Série A
Al Tai,350,Pro League
Luton Town,13,Premier League
Dinamo Zagreb,317,Hrvatska nogometna liga
Portimonense,308,Primeira Liga
Cagliari,31,Serie A
Ankaragücü,68,Süper Lig
Hull City,14,Championship
Paderborn,20,2. Bundesliga
Bristol City,14,Championship
Antalyaspor,68,Süper Lig
Lillestrøm,41,Eliteserien
Ruch Chorzów,66,Ekstraklasa
Racing Santander,54,La Liga 2
Slavia Praha,319,First League
Al Ahli Jeddah,350,Pro League
Deportivo Binacional,2020,Primera Division
Burnley,13,Premier League
Heidenheim,19,Bundesliga
Basel,189,Super League
Deportivo Alavés,53,La Liga
Angers SCO,17,Ligue 2
Huracán,353,Liga Profesional de Fútbol
Arsenal de Sarandi,353,Liga Profesional de Fútbol
Norwich City,14,Championship
Levante,54,La Liga 2
Estoril,308,Primeira Liga
Stade Brestois 29,16,Ligue 1
Hull City,14,Championship
Talleres Córdoba,353,Liga Profesional de Fútbol
Sparta Praha,319,First League
Al Raed,350,Pro League
Gil Vicente,308,Primeira Liga
Independiente Medellín,336,Categoría Primera A
Atlético Madrid,53,La Liga
Dinamo Zagreb,317,Hrvatska nogometna liga
St. Pauli,20,2. Bundesliga
Cagliari,31,Serie A
Huesca,54,La Liga 2
Frosinone,31,Serie A
FC Union Berlin,19,Bundesliga
Independiente,353,Liga Profesional de Fútbol
Cienciano,2020,Primera Division
Alcorcón,54,La Liga 2
Darmstadt 98,19,Bundesliga
Leeds United,14,Championship
Holstein Kiel,20,2. Bundesliga
Al Hilal,350,Pro League
Estudiantes,353,Liga Profesional de Fútbol
Gimnasia La Plata,353,Liga Profesional de Fútbol
Real Salt Lake,39,Major League Soccer
Deportivo Binacional,2020,Primera Division
LASK Linz,80,Bundesliga
Cienciano,2020,Primera Division
Levante,54,La Liga 2
FC Utrecht,10,Eredivisie
Real Oviedo,54,La Liga 2
Empoli,31,Serie A
Melbourne Victory,351,A-League Men
Banfield,353,Liga Profesional de Fútbol
Austria Klagenfurt,80,Bundesliga
Fortaleza,7,Série A
Amiens SC,17,Ligue 2
Huesca,54,La Liga 2
Palermo,32,Serie B
St. Pauli,20,2. Bundesliga
ATK Mohun Bagan,2149,Super League
Real Zaragoza,54,La Liga 2
Lecce,31,Serie A
Club Brugge,4,Pro League
Cienciano,2020,Primera Division
Vitória SC,308,Primeira Liga
West Bromwich Albion,14,Championship
AIK,56,Allsvenskan
Estoril,308,Primeira Liga
Birmingham City,14,Championship
Wolverhampton Wanderers,13,Premier League
River Plate,353,Liga Profesional de Fútbol
VfB Stuttgart,19,Bundesliga
Palermo,32,Serie B
LDU Quito,2018,Liga Pro
Dinamo Zagreb,317,Hrvatska nogometna liga
Watford,14,Championship
Sivasspor,68,Süper Lig
Botafogo,7,Série A
Udinese,31,Serie A
Coventry City,14,Championship
Bolton Wanderers,60,League One
Karlsruher SC,20,2. Bundesliga
LOSC Lille,16,Ligue 1
Schalke 04,20,2. Bundesliga
Spezia,32,Serie B
Real Valladolid,54,La Liga 2
Portimonense,308,Primeira Liga
Servette,189,Super League
Cerro Porteño,337,Primera División
Stoke City,14,Championship
Alcorcón,54,La Liga 2
Häcken,56,Allsvenskan
Flamengo,7,Série A
Al Fayha,350,Pro League
LDU Quito,2018,Liga Pro
Changchun Yatai,2012,Super League
Cienciano,2020,Primera Division
Barcelona Guayaquil,2018,Liga Pro
Watford,14,Championship
Clermont,16,Ligue 1
Libertad,337,Primera División
PAOK,63,Super League
West Bromwich Albion,14,Championship
Sporting Braga,308,Primeira Liga
Universitatea Craiova,330,Liga I
Granada,53,La Liga
Ternana,32,Serie B
Al Fayha,350,Pro League
Brentford,13,Premier League
Konyaspor,68,Süper Lig
Bari 1908,32,Serie B
Deportivo Binacional,2020,Primera Division
Leganés,54,La Liga 2
Empoli,31,Serie A
Celta de Vigo,53,La Liga
Al Khaleej,350,Pro League
Santos,7,Série A
Atlético Mineiro,7,Série A
Rapid Wien,80,Bundesliga
Deportivo Alavés,53,La Liga
Paderborn,20,2. Bundesliga
Hajduk Split,317,Hrvatska nogometna liga
Aucas,2018,Liga Pro
Sandhausen,2076,3. Liga
Toronto,39,Major League Soccer
Ferencváros,64,Nemzeti Bajnokság I
Preston North End,14,Championship
Rapid Bucuresti,330,Liga I
Milan,31,Serie A
Auxerre,17,Ligue 2
Preston North End,14,Championship
Cienciano,2020,Primera Division
Sporting Gijón,54,La Liga 2
Ulsan,83,K League 1
Genoa,31,Serie A
Famalicão,308,Primeira Liga
Deportivo Binacional,2020,Primera Division
Blackburn Rovers,14,Championship
Rio Ave,308,Primeira Liga
Guaraní,337,Primera División
Real Salt Lake,39,Major League Soccer
Preston North End,14,Championship
VfB Stuttgart,19,Bundesliga
St. Gallen,189,Super League
Hellas Verona,31,Serie A
Gimnasia La Plata,353,Liga Profesional de Fútbol
SC Freiburg,19,Bundesliga
Samsunspor,68,Süper Lig
Millonarios,336,Categoría Primera A
Malmö FF,56,Allsvenskan
Lecce,31,Serie A
Nice,16,Ligue 1
Birmingham City,14,Championship
Audax Italiano,335,Primera Division
Elversberg,20,2. Bundesliga
Burgos,54,La Liga 2
Inter,31,Serie A
West Bromwich Albion,14,Championship
Daegu,83,K League 1
Wellington Phoenix,351,A-League Men
Venezia,32,Serie B
Jeonbuk Motors,83,K League 1
Hertha BSC,20,2. Bundesliga
AEK Athens,63,Super League
Defensa y Justicia,353,Liga Profesional de Fútbol
Villarreal II,54,La Liga 2
Burgos,54,La Liga 2
FC Andorra,54,La Liga 2
Sporting Gijón,54,La Liga 2
Junior,336,Categoría Primera A
Independiente Medellín,336,Categoría Primera A
Schalke 04,20,2. Bundesliga
Waldhof Mannheim,2076,3. Liga
FC Cartagena,54,La Liga 2
Barcelona Guayaquil,2018,Liga Pro
Hamburger SV,20,2. Bundesliga
West Bromwich Albion,14,Championship
Watford,14,Championship
Amiens SC,17,Ligue 2
Standard Liège,4,Pro League
Famalicão,308,Primeira Liga
Como,32,Serie B
Hull City,14,Championship
Villarreal II,54,La Liga 2
Fortuna Sittard,10,Eredivisie
Raków Częstochowa,66,Ekstraklasa
Independiente Medellín,336,Categoría Primera A
SSC Farul,330,Liga I
Lecce,31,Serie A
Kayserispor,68,Süper Lig
Eintracht Frankfurt,19,Bundesliga
Southampton,14,Championship
Estudiantes,353,Liga Profesional de Fútbol
Tenerife,54,La Liga 2
River Plate,338,Primera División
Colón,353,Liga Profesional de Fútbol
Espanyol,54,La Liga 2
Sevilla,53,La Liga
Genoa,31,Serie A
Vélez Sarsfield,353,Liga Profesional de Fútbol
Modena,32,Serie B
Metz,16,Ligue 1
América Mineiro,7,Série A
Heracles Almelo,10,Eredivisie
Independiente,353,Liga Profesional de Fútbol
Universitario,2020,Primera Division
Manchester United,13,Premier League
West Bromwich Albion,14,Championship
St. Pauli,20,2. Bundesliga
Sheffield Wednesday,14,Championship
Bari 1908,32,Serie B
Brescia,32,Serie B
Schalke 04,20,2. Bundesliga
Deportes Tolima,336,Categoría Primera A
Atlético Mineiro,7,Série A
,,
RWDM,4,Pro League
Go Ahead Eagles,10,Eredivisie
Estudiantes,353,Liga Profesional de Fútbol
Leganés,54,La Liga 2
Barcelona Guayaquil,2018,Liga Pro
Kayserispor,68,Süper Lig
Piast Gliwice,66,Ekstraklasa
Zürich,189,Super League
César Vallejo,2020,Primera Division
,,
Alanyaspor,68,Süper Lig
Defensa y Justicia,353,Liga Profesional de Fútbol
AGF,1,Superliga
Millwall,14,Championship
Vancouver Whitecaps,39,Major League Soccer
Vélez Sarsfield,353,Liga Profesional de Fútbol
River Plate,338,Primera División
Auxerre,17,Ligue 2
Bologna,31,Serie A
Sparta Praha,319,First League
Sheffield Wednesday,14,Championship
Rosenborg,41,Eliteserien
Real Zaragoza,54,La Liga 2
SC Freiburg,19,Bundesliga
River Plate,338,Primera División
Fortaleza,7,Série A
Luton Town,13,Premier League
River Plate,338,Primera División
Atlético Nacional,336,Categoría Primera A
Coventry City,14,Championship
Viktoria Plzeň,319,First League
Independiente del Valle,2018,Liga Pro
Arouca,308,Primeira Liga
Coventry City,14,Championship
Dinamo Bucureşti,330,Liga I
Benfica,308,Primeira Liga
Moreirense,308,Primeira Liga
Atlético Mineiro,7,Série A
Auxerre,17,Ligue 2
Coventry City,14,Championship
Empoli,31,Serie A
Toulouse,16,Ligue 1
Al Riyadh,350,Pro League
Trabzonspor,68,Süper Lig
Nacional,338,Primera División
Lecce,31,Serie A
Stade de Reims,16,Ligue 1
Luzern,189,Super League
Hatayspor,68,Süper Lig
SD Eibar,54,La Liga 2
Standard Liège,4,Pro League
Athletic Club,53,La Liga
Rosario Central,353,Liga Profesional de Fútbol
Amiens SC,17,Ligue 2
Austria Klagenfurt,80,Bundesliga
Liverpool,13,Premier League
Chengdu Rongcheng,2012,Super League
Houston Dynamo,39,Major League Soccer
Vélez Sarsfield,353,Liga Profesional de Fútbol
Unión Santa Fe,353,Liga Profesional de Fútbol
Gimnasia La Plata,353,Liga Profesional de Fútbol
Deportivo Alavés,53,La Liga
FC Köln,19,Bundesliga
Toronto,39,Major League Soccer
Melgar,2020,Primera Division
Shakhtar Donetsk,332,Premier League
Jeju United,83,K League 1
CF Montréal,39,Major League Soccer
River Plate,338,Primera División
Daejeon Citizen,83,K League 1
Fenerbahçe,68,Süper Lig
FC Andorra,54,La Liga 2
Sporting Charleroi,4,Pro League
Elfsborg,56,Allsvenskan
,,
Ulsan,83,K League 1
Hajduk Split,317,Hrvatska nogometna liga
Sunderland,14,Championship
Estoril,308,Primeira Liga
Belgrano,353,Liga Profesional de Fútbol
Banfield,353,Liga Profesional de Fútbol
Platense,353,Liga Profesional de Fútbol
Venezia,32,Serie B
Nacional,338,Primera División
Fortaleza,7,Série A
Osasuna,53,La Liga
Lorient,16,Ligue 1
Hertha BSC,20,2. Bundesliga
Saint-Étienne,17,Ligue 2
İstanbul Başakşehir,68,Süper Lig
Young Boys,189,Super League
Häcken,56,Allsvenskan
LDU Quito,2018,Liga Pro
Western Sydney Wanderers,351,A-League Men
Sporting Gijón,54,La Liga 2
Talleres Córdoba,353,Liga Profesional de Fútbol
Magdeburg,20,2. Bundesliga
Young Boys,189,Super League
Newell's Old Boys,353,Liga Profesional de Fútbol
SD Eibar,54,La Liga 2
Brann,41,Eliteserien
Daegu,83,K League 1
Troyes,17,Ligue 2
Belgrano,353,Liga Profesional de Fútbol
Internacional,7,Série A
Defensa y Justicia,353,Liga Profesional de Fútbol
Al Fateh,350,Pro League
Austria Klagenfurt,80,Bundesliga
São Paulo,7,Série A
Middlesbrough,14,Championship
Burgos,54,La Liga 2
Blackburn Rovers,14,Championship
Adana Demirspor,68,Süper Lig
Birmingham City,14,Championship
Jeonbuk Motors,83,K League 1
Racing Club,353,Liga Profesional de Fútbol
Cádiz,53,La Liga
Queens Park Rangers,14,Championship
Al Taawon,350,Pro League
FCSB,330,Liga I
Luzern,189,Super League
Melbourne Victory,351,A-League Men
Getafe,53,La Liga
Fatih Karagümrük,68,Süper Lig
Daejeon Citizen,83,K League 1
Excelsior,10,Eredivisie
Strasbourg,16,Ligue 1
Bolton Wanderers,60,League One
Preston North End,14,Championship
Kayserispor,68,Süper Lig
Vitória SC,308,Primeira Liga
Rapid Bucuresti,330,Liga I
Athletico Paranaense,7,Série A
Hertha BSC,20,2. Bundesliga
Chaves,308,Primeira Liga
Millwall,14,Championship
Watford,14,Championship
Real Betis,53,La Liga
Ferencváros,64,Nemzeti Bajnokság I
Metz,16,Ligue 1
Atlético Nacional,336,Categoría Primera A
Al Tai,350,Pro League
Atlético Nacional,336,Categoría Primera A
Queens Park Rangers,14,Championship
Hertha BSC,20,2. Bundesliga
Danubio,338,Primera División
Kilmarnock,50,Premiership
Newell's Old Boys,353,Liga Profesional de Fútbol
Austria Wien,80,Bundesliga
København,1,Superliga
Inter Miami,39,Major League Soccer
Clermont,16,Ligue 1
Orlando City,39,Major League Soccer
Banfield,353,Liga Profesional de Fútbol
Adana Demirspor,68,Süper Lig
Sparta Rotterdam,10,Eredivisie
Alcorcón,54,La Liga 2
AIK,56,Allsvenskan
ATK Mohun Bagan,2149,Super League
Ipswich Town,14,Championship
Athletico Paranaense,7,Série A
Watford,14,Championship
AGF,1,Superliga
Western United,351,A-League Men
Fortuna Düsseldorf,20,2. Bundesliga
FC Utrecht,10,Eredivisie
Malmö FF,56,Allsvenskan
Internacional,7,Série A
VfL Bochum 1848,19,Bundesliga
Kasımpaşa,68,Süper Lig
Crystal Palace,13,Premier League
Vitesse,10,Eredivisie
Bastia,17,Ligue 2
Al Shabab,350,Pro League
Celtic,50,Premiership
Inter Miami,39,Major League Soccer
Samsunspor,68,Süper Lig
Antwerp,4,Pro League
Argentinos Juniors,353,Liga Profesional de Fútbol
Magallanes,335,Primera Division
LDU Quito,2018,Liga Pro
Belgrano,353,Liga Profesional de Fútbol
Moreirense,308,Primeira Liga
Lech Poznań,66,Ekstraklasa
Servette,189,Super League
Austria Lustenau,80,Bundesliga
Atlanta United,39,Major League Soccer
Getafe,53,La Liga
RKC Waalwijk,10,Eredivisie
Catanzaro,32,Serie B
İstanbulspor,68,Süper Lig
Parma,32,Serie B
Gwangju,83,K League 1
Salzburg,80,Bundesliga
Suwon Bluewings,83,K League 1
Auxerre,17,Ligue 2
APOEL,318,1. Division
Universidad Católica,335,Primera Division
Shanghai Shenhua,2012,Super League
Rayo Vallecano,53,La Liga
Amiens SC,17,Ligue 2
Young Boys,189,Super League
Racing Club,353,Liga Profesional de Fútbol
Independiente Medellín,336,Categoría Primera A
Millonarios,336,Categoría Primera A
Bragantino,7,Série A
Stoke City,14,Championship
Cremonese,32,Serie B
FC Utrecht,10,Eredivisie
Huracán,353,Liga Profesional de Fútbol
Lausanne Sport,189,Super League
Angers SCO,17,Ligue 2
Paderborn,20,2. Bundesliga
Legia Warszawa,66,Ekstraklasa
Damac,350,Pro League
Jagiellonia Białystok,66,Ekstraklasa
Almería,53,La Liga
Sporting Cristal,2020,Primera Division
Panathinaikos,63,Super League
Karlsruher SC,20,2. Bundesliga
Vitória SC,308,Primeira Liga
Udinese,31,Serie A
Rangers,50,Premiership
Metz,16,Ligue 1
Dinamo Zagreb,317,Hrvatska nogometna liga
Newell's Old Boys,353,Liga Profesional de Fútbol
Catanzaro,32,Serie B
Nacional,338,Primera División
Fortaleza,7,Série A
Legia Warszawa,66,Ekstraklasa
RWDM,4,Pro League
Dinamo Zagreb,317,Hrvatska nogometna liga
Orlando City,39,Major League Soccer
Eldense,54,La Liga 2
San Lorenzo,353,Liga Profesional de Fútbol
Gimnasia La Plata,353,Liga Profesional de Fútbol
Hammarby,56,Allsvenskan
Parma,32,Serie B
Werder Bremen,19,Bundesliga
Austria Wien,80,Bundesliga
Bolívar,2017,División de Fútbol Profesional
Mechelen,4,Pro League
Nacional,338,Primera División
Millwall,14,Championship
Tenerife,54,La Liga 2
Rosario Central,353,Liga Profesional de Fútbol
Famalicão,308,Primeira Liga
Rio Ave,308,Primeira Liga
Schalke 04,20,2. Bundesliga
Al Nassr,350,Pro League
Vitória SC,308,Primeira Liga
Holstein Kiel,20,2. Bundesliga
Villarreal,53,La Liga
Frosinone,31,Serie A
Al Ittihad,350,Pro League
Santos,7,Série A
Südtirol,32,Serie B
Cremonese,32,Serie B
Belgrano,353,Liga Profesional de Fútbol
Venezia,32,Serie B
Grenoble Foot 38,17,Ligue 2
Cremonese,32,Serie B
Palestino,335,Primera Division
Midtjylland,1,Superliga
Vitesse,10,Eredivisie
Sheffield United,13,Premier League
Goiás,7,Série A
Saint-Étienne,17,Ligue 2
Pisa,32,Serie B
Gaziantep F.K.,68,Süper Lig
Chaves,308,Primeira Liga
Unión Santa Fe,353,Liga Profesional de Fútbol
Farense,308,Primeira Liga
Stoke City,14,Championship
Farense,308,Primeira Liga
St. Pauli,20,2. Bundesliga
Racing Santander,54,La Liga 2
Caen,17,Ligue 2
Hellas Verona,31,Serie A
Coventry City,14,Championship
Metz,16,Ligue 1
Cagliari,31,Serie A
Boca Juniors,353,Liga Profesional de Fútbol
SpVgg Greuther Fürth,20,2. Bundesliga
Middlesbrough,14,Championship
Tenerife,54,La Liga 2
Real Valladolid,54,La Liga 2
Huddersfield Town,14,Championship
New York RB,39,Major League Soccer
Elfsborg,56,Allsvenskan
Panathinaikos,63,Super League
Fatih Karagümrük,68,Süper Lig
Luzern,189,Super League
AEK Athens,63,Super League
Kortrijk,4,Pro League
LA Galaxy,39,Major League Soccer
Hansa Rostock,20,2. Bundesliga
Almería,53,La Liga
Independiente del Valle,2018,Liga Pro
Samsunspor,68,Süper Lig
Estrela Amadora,308,Primeira Liga
West Bromwich Albion,14,Championship
Defensa y Justicia,353,Liga Profesional de Fútbol
Leeds United,14,Championship
Hertha BSC,20,2. Bundesliga
Rapid Wien,80,Bundesliga
Swansea City,14,Championship
Al Hilal,350,Pro League
Los Angeles FC,39,Major League Soccer
Ajax,10,Eredivisie
Albacete,54,La Liga 2
Randers,1,Superliga
Levante,54,La Liga 2
Sunderland,14,Championship
DC United,39,Major League Soccer
Metz,16,Ligue 1
,,
SD Eibar,54,La Liga 2
Real Salt Lake,39,Major League Soccer
Fatih Karagümrük,68,Süper Lig
OH Leuven,4,Pro League
Bordeaux,17,Ligue 2
LDU Quito,2018,Liga Pro
Hannover 96,20,2. Bundesliga
Millonarios,336,Categoría Primera A
Sporting Cristal,2020,Primera Division
Cagliari,31,Serie A
Real Zaragoza,54,La Liga 2
Dynamo Kyiv,332,Premier League
Como,32,Serie B
Bodø / Glimt,41,Eliteserien
Ñublense,335,Primera Division
Cracovia Kraków,66,Ekstraklasa
Western United,351,A-League Men
Cardiff City,14,Championship
Rapid Wien,80,Bundesliga
Shanghai Shenhua,2012,Super League
Kasımpaşa,68,Süper Lig
Palermo,32,Serie B
Casa Pia,308,Primeira Liga
Preston North End,14,Championship
Cittadella,32,Serie B
Molde,41,Eliteserien
Melgar,2020,Primera Division
SD Eibar,54,La Liga 2
Levante,54,La Liga 2
Espanyol,54,La Liga 2
Stade Brestois 29,16,Ligue 1
Swansea City,14,Championship
FC Twente,10,Eredivisie
Rangers,50,Premiership
Huracán,353,Liga Profesional de Fútbol
Al Raed,350,Pro League
Hannover 96,20,2. Bundesliga
Al Hilal,350,Pro League
Pau,17,Ligue 2
AS Eupen,4,Pro League
New England,39,Major League Soccer
LASK Linz,80,Bundesliga
FC Barcelona,53,La Liga
Genk,4,Pro League
Preston North End,14,Championship
LASK Linz,80,Bundesliga
Olimpia,337,Primera División
Borussia Mönchengladbach,19,Bundesliga
Athletic Club,53,La Liga
APOEL,318,1. Division
Stoke City,14,Championship
Sporting Cristal,2020,Primera Division
Adana Demirspor,68,Süper Lig
Basel,189,Super League
Los Angeles FC,39,Major League Soccer
Chicago Fire,39,Major League Soccer
Alianza Lima,2020,Primera Division
Elche,54,La Liga 2
Alcorcón,54,La Liga 2
Racing Ferrol,54,La Liga 2
Palermo,32,Serie B
Pogoń Szczecin,66,Ekstraklasa
Casa Pia,308,Primeira Liga
Al Fayha,350,Pro League
Vitória SC,308,Primeira Liga
San Lorenzo,353,Liga Profesional de Fútbol
OB,1,Superliga
Gil Vicente,308,Primeira Liga
Al Okhdood,350,Pro League
Swansea City,14,Championship
FCSB,330,Liga I
Real Salt Lake,39,Major League Soccer
Udinese,31,Serie A
Portland Timbers,39,Major League Soccer
Saint-Étienne,17,Ligue 2
Midtjylland,1,Superliga
Real Valladolid,54,La Liga 2
Fortaleza,7,Série A
Talleres Córdoba,353,Liga Profesional de Fútbol
Midtjylland,1,Superliga
Stade Brestois 29,16,Ligue 1
Strasbourg,16,Ligue 1
Karlsruher SC,20,2. Bundesliga
Preston North End,14,Championship
Pendikspor,68,Süper Lig
San Jose Earthquakes,39,Major League Soccer
LASK Linz,80,Bundesliga
Bodø / Glimt,41,Eliteserien
Pisa,32,Serie B
St. Pauli,20,2. Bundesliga
Ankaragücü,68,Süper Lig
Unión Santa Fe,353,Liga Profesional de Fútbol
Incheon United,83,K League 1
Hearts,50,Premiership
Athletic Club,53,La Liga
Southampton,14,Championship
Club Brugge,4,Pro League
Central Cordoba SdE,353,Liga Profesional de Fútbol
Almería,53,La Liga
Heidenheim,19,Bundesliga
Levante,54,La Liga 2
Holstein Kiel,20,2. Bundesliga
Raków Częstochowa,66,Ekstraklasa
Hajduk Split,317,Hrvatska nogometna liga
LA Galaxy,39,Major League Soccer
VfB Stuttgart,19,Bundesliga
Raków Częstochowa,66,Ekstraklasa
PAOK,63,Super League
Darmstadt 98,19,Bundesliga
Cosenza,32,Serie B
Cittadella,32,Serie B
Gaziantep F.K.,68,Süper Lig
Rotherham United,14,Championship
Real Valladolid,54,La Liga 2
Atlético Tucumán,353,Liga Profesional de Fútbol
Palestino,335,Primera Division
San Lorenzo,353,Liga Profesional de Fútbol
Parma,32,Serie B
Reggiana,32,Serie B
Houston Dynamo,39,Major League Soccer
Leeds United,14,Championship
Ajax,10,Eredivisie
Hibernian,50,Premiership
Leganés,54,La Liga 2
St. Gallen,189,Super League
Midtjylland,1,Superliga
Metz,16,Ligue 1
København,1,Superliga
Tenerife,54,La Liga 2
Kayserispor,68,Süper Lig
Nashville SC,39,Major League Soccer
Lugano,189,Super League
Bristol City,14,Championship
Schalke 04,20,2. Bundesliga
Cagliari,31,Serie A
Instituto,353,Liga Profesional de Fútbol
Ñublense,335,Primera Division
Moreirense,308,Primeira Liga
Sint-Truiden,4,Pro League
Malmö FF,56,Allsvenskan
Union Saint-Gilloise,4,Pro League
SD Eibar,54,La Liga 2
Sturm Graz,80,Bundesliga
Darmstadt 98,19,Bundesliga
River Plate,353,Liga Profesional de Fútbol
Sporting Kansas City,39,Major League Soccer
Grenoble Foot 38,17,Ligue 2
Norwich City,14,Championship
Huracán,353,Liga Profesional de Fútbol
Middlesbrough,14,Championship
Gwangju,83,K League 1
Nordsjælland,1,Superliga
Venezia,32,Serie B
Lech Poznań,66,Ekstraklasa
Palermo,32,Serie B
Al Fayha,350,Pro League
LA Galaxy,39,Major League Soccer
Mirandés,54,La Liga 2
Deportivo Pereira,336,Categoría Primera A
Casa Pia,308,Primeira Liga
Barracas Central,353,Liga Profesional de Fútbol
Los Angeles FC,39,Major League Soccer
West Bromwich Albion,14,Championship
Stoke City,14,Championship
Ankaragücü,68,Süper Lig
Portimonense,308,Primeira Liga
César Vallejo,2020,Primera Division
Legia Warszawa,66,Ekstraklasa
Mallorca,53,La Liga
,,
AGF,1,Superliga
Antwerp,4,Pro League
Lech Poznań,66,Ekstraklasa
Hajduk Split,317,Hrvatska nogometna liga
Ulsan,83,K League 1
Ascoli,32,Serie B
West Bromwich Albion,14,Championship
Cardiff City,14,Championship
Independiente del Valle,2018,Liga Pro
Hull City,14,Championship
FC Köln,19,Bundesliga
Blackburn Rovers,14,Championship
Granada,53,La Liga
FC Augsburg,19,Bundesliga
Kaiserslautern,20,2. Bundesliga
Standard Liège,4,Pro League
Monza,31,Serie A
Independiente Medellín,336,Categoría Primera A
Charlton Athletic,60,League One
New England,39,Major League Soccer
Vålerenga,41,Eliteserien
Derby County,60,League One
Incheon United,83,K League 1
Hull City,14,Championship
Crystal Palace,13,Premier League
Amiens SC,17,Ligue 2
PEC Zwolle,10,Eredivisie
APOEL,318,1. Division
Boavista,308,Primeira Liga
Famalicão,308,Primeira Liga
FC Twente,10,Eredivisie
,,
Corinthians,7,Série A
Daegu,83,K League 1
Samsunspor,68,Süper Lig
Paderborn,20,2. Bundesliga
Seoul,83,K League 1
Hearts,50,Premiership
Independiente Medellín,336,Categoría Primera A
Barcelona Guayaquil,2018,Liga Pro
Pisa,32,Serie B
Real Zaragoza,54,La Liga 2
Gil Vicente,308,Primeira Liga
Sporting Cristal,2020,Primera Division
Rosario Central,353,Liga Profesional de Fútbol
Spezia,32,Serie B
Spezia,32,Serie B
Bodø / Glimt,41,Eliteserien
Ajaccio,17,Ligue 2
Millwall,14,Championship
København,1,Superliga
Leganés,54,La Liga 2
Parma,32,Serie B
Club Brugge,4,Pro League
Unión Santa Fe,353,Liga Profesional de Fútbol
Go Ahead Eagles,10,Eredivisie
Deportivo Alavés,53,La Liga
Basel,189,Super League
São Paulo,7,Série A
Valencia,53,La Liga
Hull City,14,Championship
Portimonense,308,Primeira Liga
Brescia,32,Serie B
LASK Linz,80,Bundesliga
Sporting Cristal,2020,Primera Division
Racing Ferrol,54,La Liga 2
Boavista,308,Primeira Liga
Bristol City,14,Championship
Villarreal II,54,La Liga 2
Watford,14,Championship
Alianza Lima,2020,Primera Division
Sunderland,14,Championship
Independiente Medellín,336,Categoría Primera A
Fortuna Düsseldorf,20,2. Bundesliga
Clermont,16,Ligue 1
New England,39,Major League Soccer
Hannover 96,20,2. Bundesliga
Lecce,31,Serie A
Rangers,50,Premiership
Lorient,16,Ligue 1
Almere City,10,Eredivisie
Darmstadt 98,19,Bundesliga
Brescia,32,Serie B
Blackburn Rovers,14,Championship
Inter Miami,39,Major League Soccer
Blackburn Rovers,14,Championship
Ulsan,83,K League 1
Corinthians,7,Série A
Fortaleza,7,Série A
Las Palmas,53,La Liga
Odd,41,Eliteserien
Deportivo Alavés,53,La Liga
Al Raed,350,Pro League
Celta de Vigo,53,La Liga
Hamburger SV,20,2. Bundesliga
Empoli,31,Serie A
Feyenoord,10,Eredivisie
Chaves,308,Primeira Liga
Espanyol,54,La Liga 2
Auxerre,17,Ligue 2
Auxerre,17,Ligue 2
Cremonese,32,Serie B
Orlando City,39,Major League Soccer
Blackburn Rovers,14,Championship
Nürnberg,20,2. Bundesliga
Le Havre,16,Ligue 1
Hamburger SV,20,2. Bundesliga
Nacional,338,Primera División
SD Eibar,54,La Liga 2
Universitatea Cluj,330,Liga I
Austria Wien,80,Bundesliga
Elche,54,La Liga 2
VfL Bochum 1848,19,Bundesliga
AS Eupen,4,Pro League
Salernitana,31,Serie A
Huracán,353,Liga Profesional de Fútbol
Banfield,353,Liga Profesional de Fútbol
Darmstadt 98,19,Bundesliga
Reggiana,32,Serie B
PSV,10,Eredivisie
Norwich City,14,Championship
Nordsjælland,1,Superliga
Pohang Steelers,83,K League 1
Paris,17,Ligue 2
Laval,17,Ligue 2
Montpellier,16,Ligue 1
APOEL,318,1. Division
Deportivo Pereira,336,Categoría Primera A
Lecce,31,Serie A
Darmstadt 98,19,Bundesliga
Real Oviedo,54,La Liga 2
Granada,53,La Liga
Stoke City,14,Championship
Coventry City,14,Championship
Zürich,189,Super League
Vélez Sarsfield,353,Liga Profesional de Fútbol
Huesca,54,La Liga 2
Kasımpaşa,68,Süper Lig
Clermont,16,Ligue 1
Kasımpaşa,68,Süper Lig
FeralpiSalò,32,Serie B
Estrela Amadora,308,Primeira Liga
Nürnberg,20,2. Bundesliga
Santa Fe,336,Categoría Primera A
Independiente,353,Liga Profesional de Fútbol
Darmstadt 98,19,Bundesliga
Hellas Verona,31,Serie A
Gaziantep F.K.,68,Süper Lig
Cercle Brugge,4,Pro League
Sheffield United,13,Premier League
Leicester City,14,Championship
Gil Vicente,308,Primeira Liga
Melgar,2020,Primera Division
Moreirense,308,Primeira Liga
Hannover 96,20,2. Bundesliga
Sampdoria,32,Serie B
Young Boys,189,Super League
Oxford United,60,League One
West Bromwich Albion,14,Championship
Millwall,14,Championship
Ñublense,335,Primera Division
Espanyol,54,La Liga 2
Hannover 96,20,2. Bundesliga
Platense,353,Liga Profesional de Fútbol
San Lorenzo,353,Liga Profesional de Fútbol
Luton Town,13,Premier League
Lanús,353,Liga Profesional de Fútbol
Darmstadt 98,19,Bundesliga
Ajaccio,17,Ligue 2
SD Eibar,54,La Liga 2
Wycombe Wanderers,60,League One
Preston North End,14,Championship
Sepsi,330,Liga I
Watford,14,Championship
Deportivo Táchira,2019,Primera Division
Silkeborg,1,Superliga
Kortrijk,4,Pro League
Burgos,54,La Liga 2
Brescia,32,Serie B
Lillestrøm,41,Eliteserien
Pendikspor,68,Süper Lig
Konyaspor,68,Süper Lig
Academia Puerto Cabello,2019,Primera Division
Ulsan,83,K League 1
Deportivo Binacional,2020,Primera Division
Fortaleza,7,Série A
Charlton Athletic,60,League One
Rapid Wien,80,Bundesliga
Aucas,2018,Liga Pro
Portsmouth,60,League One
Amiens SC,17,Ligue 2
Malmö FF,56,Allsvenskan
Burnley,13,Premier League
Darmstadt 98,19,Bundesliga
Ajaccio,17,Ligue 2
Coventry City,14,Championship
Rio Ave,308,Primeira Liga
Cienciano,2020,Primera Division
Atlético Nacional,336,Categoría Primera A
Antalyaspor,68,Süper Lig
Le Havre,16,Ligue 1
Suwon,83,K League 1
Elversberg,20,2. Bundesliga
Portimonense,308,Primeira Liga
Dinamo Zagreb,317,Hrvatska nogometna liga
Watford,14,Championship
Sarmiento,353,Liga Profesional de Fútbol
Metropolitanos,2019,Primera Division
Dinamo Zagreb,317,Hrvatska nogometna liga
Palestino,335,Primera Division
Deportivo Binacional,2020,Primera Division
Real Zaragoza,54,La Liga 2
PAOK,63,Super League
Sporting Charleroi,4,Pro League
PEC Zwolle,10,Eredivisie
Seoul,83,K League 1
Parma,32,Serie B
Deportes Tolima,336,Categoría Primera A
Sporting Kansas City,39,Major League Soccer
Valencia,53,La Liga
César Vallejo,2020,Primera Division
Racing Ferrol,54,La Liga 2
Kaiserslautern,20,2. Bundesliga
Fortuna Düsseldorf,20,2. Bundesliga
Emelec,2018,Liga Pro
Aucas,2018,Liga Pro
Stoke City,14,Championship
Ankaragücü,68,Süper Lig
FCSB,330,Liga I
Burgos,54,La Liga 2
New York RB,39,Major League Soccer
Al Ain,2013,Pro League
Sassuolo,31,Serie A
AGF,1,Superliga
Goiás,7,Série A
AZ Alkmaar,10,Eredivisie
Melgar,2020,Primera Division
Burgos,54,La Liga 2
Gaziantep F.K.,68,Süper Lig
Aucas,2018,Liga Pro
Stoke City,14,Championship
Orlando City,39,Major League Soccer
Wehen Wiesbaden,20,2. Bundesliga
Vélez Sarsfield,353,Liga Profesional de Fútbol
Angers SCO,17,Ligue 2
Tigre,353,Liga Profesional de Fútbol
Estudiantes,353,Liga Profesional de Fútbol
Plymouth Argyle,14,Championship
Nacional,338,Primera División
Wolfsberger AC,80,Bundesliga
Tigre,353,Liga Profesional de Fútbol
Moreirense,308,Primeira Liga
PAOK,63,Super League
Odisha FC,2149,Super League
RKC Waalwijk,10,Eredivisie
Birmingham City,14,Championship
Aberdeen,50,Premiership
Lens,16,Ligue 1
Botafogo,7,Série A
Elversberg,20,2. Bundesliga
Basel,189,Super League
Independiente,353,Liga Profesional de Fútbol
Blackburn Rovers,14,Championship
Eintracht Braunschweig,20,2. Bundesliga
Independiente Medellín,336,Categoría Primera A
Sampdoria,32,Serie B
Millonarios,336,Categoría Primera A
Atlético Nacional,336,Categoría Primera A
IFK Göteborg,56,Allsvenskan
Ferencváros,64,Nemzeti Bajnokság I
Banfield,353,Liga Profesional de Fútbol
New York City,39,Major League Soccer
Gent,4,Pro League
Pogoń Szczecin,66,Ekstraklasa
Levante,54,La Liga 2
Estoril,308,Primeira Liga
SD Eibar,54,La Liga 2
Estudiantes,353,Liga Profesional de Fútbol
Amorebieta,54,La Liga 2
Lausanne Sport,189,Super League
Sassuolo,31,Serie A
Cremonese,32,Serie B
Estudiantes,353,Liga Profesional de Fútbol
AZ Alkmaar,10,Eredivisie
Deportivo Binacional,2020,Primera Division
Gil Vicente,308,Primeira Liga
Al Nassr,350,Pro League
Celtic,50,Premiership
Genoa,31,Serie A
Las Palmas,53,La Liga
Konyaspor,68,Süper Lig
Rapid Bucuresti,330,Liga I
Paderborn,20,2. Bundesliga
,,
Strasbourg,16,Ligue 1
Catanzaro,32,Serie B
Bristol City,14,Championship
Real Zaragoza,54,La Liga 2
Gaziantep F.K.,68,Süper Lig
Sydney FC,351,A-League Men
LDU Quito,2018,Liga Pro
Deportivo Binacional,2020,Primera Division
Atlético Tucumán,353,Liga Profesional de Fútbol
Colorado Rapids,39,Major League Soccer
Rio Ave,308,Primeira Liga
Fatih Karagümrük,68,Süper Lig
Rosario Central,353,Liga Profesional de Fútbol
Mechelen,4,Pro League
Watford,14,Championship
Farense,308,Primeira Liga
Vélez Sarsfield,353,Liga Profesional de Fútbol
Atlético Tucumán,353,Liga Profesional de Fútbol
Deportivo Binacional,2020,Primera Division
Águilas Doradas,336,Categoría Primera A
Cardiff City,14,Championship
Austin,39,Major League Soccer
Tenerife,54,La Liga 2
Daejeon Citizen,83,K League 1
APOEL,318,1. Division
Amiens SC,17,Ligue 2
Bodø / Glimt,41,Eliteserien
Konyaspor,68,Süper Lig
Granada,53,La Liga
SC Heerenveen,10,Eredivisie
Famalicão,308,Primeira Liga
CFR Cluj,330,Liga I
Lanús,353,Liga Profesional de Fútbol
Al Okhdood,350,Pro League
Estrela Amadora,308,Primeira Liga
Argentinos Juniors,353,Liga Profesional de Fútbol
Colo-Colo,335,Primera Division
Burnley,13,Premier League
Defensor Sporting,338,Primera División
Deportivo Binacional,2020,Primera Division
New England,39,Major League Soccer
Universitario,2020,Primera Division
Ulsan,83,K League 1
Nürnberg,20,2. Bundesliga
Famalicão,308,Primeira Liga
Cienciano,2020,Primera Division
Elversberg,20,2. Bundesliga
Newell's Old Boys,353,Liga Profesional de Fútbol
Atlético Nacional,336,Categoría Primera A
Aberdeen,50,Premiership
Viktoria Plzeň,319,First League
Unión Santa Fe,353,Liga Profesional de Fútbol
Racing Santander,54,La Liga 2
São Paulo,7,Série A
Estrela Amadora,308,Primeira Liga
Blackburn Rovers,14,Championship
Hansa Rostock,20,2. Bundesliga
Peterborough United,60,League One
Atlético Nacional,336,Categoría Primera A
Deportivo Cuenca,2018,Liga Pro
Ferencváros,64,Nemzeti Bajnokság I
Pau,17,Ligue 2
Coventry City,14,Championship
Luton Town,13,Premier League
Colorado Rapids,39,Major League Soccer
Argentinos Juniors,353,Liga Profesional de Fútbol
Vélez Sarsfield,353,Liga Profesional de Fútbol
Strasbourg,16,Ligue 1
Bristol City,14,Championship
Real Zaragoza,54,La Liga 2
Northampton Town,60,League One
Huesca,54,La Liga 2
Levante,54,La Liga 2
Talleres Córdoba,353,Liga Profesional de Fútbol
Shanghai Shenhua,2012,Super League
Chaves,308,Primeira Liga
Silkeborg,1,Superliga
Vélez Sarsfield,353,Liga Profesional de Fútbol
Rio Ave,308,Primeira Liga
Famalicão,308,Primeira Liga
Al Ettifaq,350,Pro League
Heidenheim,19,Bundesliga
Raków Częstochowa,66,Ekstraklasa
Como,32,Serie B
Antwerp,4,Pro League
Schalke 04,20,2. Bundesliga
Minnesota United,39,Major League Soccer
Slavia Praha,319,First League
Independiente,353,Liga Profesional de Fútbol
Central Cordoba SdE,353,Liga Profesional de Fútbol
Brisbane Roar,351,A-League Men
Almería,53,La Liga
Delfin,2018,Liga Pro
Peñarol,338,Primera División
Osnabrück,20,2. Bundesliga
Deportes Tolima,336,Categoría Primera A
Olimpia,337,Primera División
Fortuna Sittard,10,Eredivisie
Austin,39,Major League Soccer
Newcastle United,13,Premier League
Kaiserslautern,20,2. Bundesliga
Trabzonspor,68,Süper Lig
Nashville SC,39,Major League Soccer
Portland Timbers,39,Major League Soccer
Ascoli,32,Serie B
Yverdon Sport,189,Super League
Watford,14,Championship
Lanús,353,Liga Profesional de Fútbol
Pisa,32,Serie B
Lorient,16,Ligue 1
Bordeaux,17,Ligue 2
Salernitana,31,Serie A
Austria Wien,80,Bundesliga
América Mineiro,7,Série A
Vizela,308,Primeira Liga
Anderlecht,4,Pro League
FC Utrecht,10,Eredivisie
Casa Pia,308,Primeira Liga
Leicester City,14,Championship
Watford,14,Championship
Swansea City,14,Championship
Dinamo Zagreb,317,Hrvatska nogometna liga
Goiás,7,Série A
Sporting Gijón,54,La Liga 2
Banfield,353,Liga Profesional de Fútbol
Young Boys,189,Super League
Godoy Cruz,353,Liga Profesional de Fútbol
New England,39,Major League Soccer
Argentinos Juniors,353,Liga Profesional de Fútbol
Hatayspor,68,Süper Lig
Peterborough United,60,League One
Sarmiento,353,Liga Profesional de Fútbol
Nacional,338,Primera División
Rio Ave,308,Primeira Liga
The Strongest,2017,División de Fútbol Profesional
Südtirol,32,Serie B
Nacional,338,Primera División
Rennes,16,Ligue 1
Le Havre,16,Ligue 1
Konyaspor,68,Süper Lig
Troyes,17,Ligue 2
Portimonense,308,Primeira Liga
Bari 1908,32,Serie B
Tenerife,54,La Liga 2
Vancouver Whitecaps,39,Major League Soccer
Swansea City,14,Championship
Universitatea Craiova,330,Liga I
Godoy Cruz,353,Liga Profesional de Fútbol
Defensor Sporting,338,Primera División
Samsunspor,68,Süper Lig
St. Mirren,50,Premiership
Gent,4,Pro League
Pogoń Szczecin,66,Ekstraklasa
Jagiellonia Białystok,66,Ekstraklasa
Aberdeen,50,Premiership
Sheffield Wednesday,14,Championship
Sampdoria,32,Serie B
Osnabrück,20,2. Bundesliga
Platense,353,Liga Profesional de Fútbol
Sparta Rotterdam,10,Eredivisie
SD Eibar,54,La Liga 2
Colorado Rapids,39,Major League Soccer
Zürich,189,Super League
Tenerife,54,La Liga 2
Troyes,17,Ligue 2
Antalyaspor,68,Süper Lig
RB Leipzig,19,Bundesliga
Paris,17,Ligue 2
Genoa,31,Serie A
Lanús,353,Liga Profesional de Fútbol
Mechelen,4,Pro League
Sporting Cristal,2020,Primera Division
Holstein Kiel,20,2. Bundesliga
Bayer 04 Leverkusen,19,Bundesliga
Universitatea Craiova,330,Liga I
Shandong Taishan,2012,Super League
Ferencváros,64,Nemzeti Bajnokság I
Cardiff City,14,Championship
AZ Alkmaar,10,Eredivisie
RWDM,4,Pro League
Preston North End,14,Championship
Samsunspor,68,Süper Lig
Hajduk Split,317,Hrvatska nogometna liga
Magdeburg,20,2. Bundesliga
Cardiff City,14,Championship
Palestino,335,Primera Division
Millwall,14,Championship
Birmingham City,14,Championship
Stoke City,14,Championship
Lugano,189,Super League
Athletico Paranaense,7,Série A
Feyenoord,10,Eredivisie
SpVgg Greuther Fürth,20,2. Bundesliga
Viktoria Plzeň,319,First League
Heracles Almelo,10,Eredivisie
Fortuna Sittard,10,Eredivisie
Deportes Tolima,336,Categoría Primera A
Boavista,308,Primeira Liga
NEC,10,Eredivisie
Galatasaray,68,Süper Lig
Barracas Central,353,Liga Profesional de Fútbol
Slavia Praha,319,First League
Rotherham United,14,Championship
Vålerenga,41,Eliteserien
Real Salt Lake,39,Major League Soccer
Hibernian,50,Premiership
Alanyaspor,68,Süper Lig
Libertad,337,Primera División
Kayserispor,68,Süper Lig
Colorado Rapids,39,Major League Soccer
Servette,189,Super League
Belgrano,353,Liga Profesional de Fútbol
Hajduk Split,317,Hrvatska nogometna liga
Grasshopper,189,Super League
Saint-Étienne,17,Ligue 2
Racing Ferrol,54,La Liga 2
Como,32,Serie B
Sivasspor,68,Süper Lig
Hamburger SV,20,2. Bundesliga
Saint-Étienne,17,Ligue 2
Werder Bremen,19,Bundesliga
Nürnberg,20,2. Bundesliga
Holstein Kiel,20,2. Bundesliga
Unión Santa Fe,353,Liga Profesional de Fútbol
Houston Dynamo,39,Major League Soccer
Lech Poznań,66,Ekstraklasa
Standard Liège,4,Pro League
DC United,39,Major League Soccer
Wellington Phoenix,351,A-League Men
Amiens SC,17,Ligue 2
SSC Farul,330,Liga I
Estoril,308,Primeira Liga
Magdeburg,20,2. Bundesliga
Darmstadt 98,19,Bundesliga
Palermo,32,Serie B
Al Tai,350,Pro League
Shandong Taishan,2012,Super League
Estrela Amadora,308,Primeira Liga
Pogoń Szczecin,66,Ekstraklasa
Bari 1908,32,Serie B
Derby County,60,League One
Birmingham City,14,Championship
AZ Alkmaar,10,Eredivisie
Belgrano,353,Liga Profesional de Fútbol
Ankaragücü,68,Süper Lig
Danubio,338,Primera División
Blackburn Rovers,14,Championship
Auxerre,17,Ligue 2
Wolfsberger AC,80,Bundesliga
Leganés,54,La Liga 2
Watford,14,Championship
Mirandés,54,La Liga 2
Chaves,308,Primeira Liga
AS Eupen,4,Pro League
Athletico Paranaense,7,Série A
Luton Town,13,Premier League
Le Havre,16,Ligue 1
Western United,351,A-League Men
Sheffield Wednesday,14,Championship
Jeonbuk Motors,83,K League 1
Atlético Tucumán,353,Liga Profesional de Fútbol
Adana Demirspor,68,Süper Lig
APOEL,318,1. Division
Eldense,54,La Liga 2
Melgar,2020,Primera Division
Seoul,83,K League 1
Bragantino,7,Série A
Aberdeen,50,Premiership
Sporting Charleroi,4,Pro League
Farense,308,Primeira Liga
Sampdoria,32,Serie B
Real Oviedo,54,La Liga 2
Middlesbrough,14,Championship
Eldense,54,La Liga 2
Cagliari,31,Serie A
Racing Ferrol,54,La Liga 2
Cosenza,32,Serie B
Brann,41,Eliteserien
Chengdu Rongcheng,2012,Super League
Vancouver Whitecaps,39,Major League Soccer
Valenciennes,17,Ligue 2
Boavista,308,Primeira Liga
St. Gallen,189,Super League
Suwon,83,K League 1
St. Gallen,189,Super League
Elche,54,La Liga 2
Al Fateh,350,Pro League
Beşiktaş,68,Süper Lig
Levante,54,La Liga 2
Tenerife,54,La Liga 2
Brighton & Hove Albion,13,Premier League
Portland Timbers,39,Major League Soccer
Blackburn Rovers,14,Championship
SpVgg Greuther Fürth,20,2. Bundesliga
Dinamo Zagreb,317,Hrvatska nogometna liga
Girona,53,La Liga
Cosenza,32,Serie B
Lugano,189,Super League
Nacional,338,Primera División
FC Utrecht,10,Eredivisie
Hammarby,56,Allsvenskan
Shamrock Rovers,65,Premier Division
Sporting Charleroi,4,Pro League
Amorebieta,54,La Liga 2
Fortaleza,7,Série A
Ipswich Town,14,Championship
Shanghai Shenhua,2012,Super League
Nürnberg,20,2. Bundesliga
Basel,189,Super League
Sporting CP,308,Primeira Liga
Belgrano,353,Liga Profesional de Fútbol
Rosario Central,353,Liga Profesional de Fútbol
FC Utrecht,10,Eredivisie
San Jose Earthquakes,39,Major League Soccer
Cerro Porteño,337,Primera División
Ipswich Town,14,Championship
Sevilla,53,La Liga
Vancouver Whitecaps,39,Major League Soccer
Watford,14,Championship
Excelsior,10,Eredivisie
Platense,353,Liga Profesional de Fútbol
FC Andorra,54,La Liga 2
Beşiktaş,68,Süper Lig
Ternana,32,Serie B
Kerala Blasters,2149,Super League
Real Oviedo,54,La Liga 2
Hannover 96,20,2. Bundesliga
Botafogo,7,Série A
FCSB,330,Liga I
FC Barcelona,53,La Liga
Colón,353,Liga Profesional de Fútbol
Toulouse,16,Ligue 1
Alianza Lima,2020,Primera Division
Platense,353,Liga Profesional de Fútbol
Holstein Kiel,20,2. Bundesliga
Nürnberg,20,2. Bundesliga
The Strongest,2017,División de Fútbol Profesional
Lorient,16,Ligue 1
Argentinos Juniors,353,Liga Profesional de Fútbol
Lanús,353,Liga Profesional de Fútbol
Hearts,50,Premiership
Wycombe Wanderers,60,League One
Universidad Católica,335,Primera Division
Lanús,353,Liga Profesional de Fútbol
Austria Klagenfurt,80,Bundesliga
Real Betis,53,La Liga
Metz,16,Ligue 1
Ferencváros,64,Nemzeti Bajnokság I
Metropolitanos,2019,Primera Division
CFR Cluj,330,Liga I
Arouca,308,Primeira Liga
Pendikspor,68,Süper Lig
San Lorenzo,353,Liga Profesional de Fútbol
Brøndby,1,Superliga
Sheffield United,13,Premier League
Viborg,1,Superliga
Águilas Doradas,336,Categoría Primera A
Melbourne Victory,351,A-League Men
Lorient,16,Ligue 1
NEC,10,Eredivisie
Real Zaragoza,54,La Liga 2
Porto,308,Primeira Liga
Bolton Wanderers,60,League One
Bristol City,14,Championship
Real Zaragoza,54,La Liga 2
Wehen Wiesbaden,20,2. Bundesliga
TSG Hoffenheim,19,Bundesliga
Chaves,308,Primeira Liga
Silkeborg,1,Superliga
Magdeburg,20,2. Bundesliga
Shandong Taishan,2012,Super League
Frosinone,31,Serie A
Hamburger SV,20,2. Bundesliga
Norwich City,14,Championship
Atlético Madrid,53,La Liga
Strasbourg,16,Ligue 1
Coventry City,14,Championship
Al Ittihad,350,Pro League
Darmstadt 98,19,Bundesliga
Talleres Córdoba,353,Liga Profesional de Fútbol
Zürich,189,Super League
APOEL,318,1. Division
Huddersfield Town,14,Championship
Hamburger SV,20,2. Bundesliga
Bodø / Glimt,41,Eliteserien
Eintracht Braunschweig,20,2. Bundesliga
İstanbul Başakşehir,68,Süper Lig
Sheffield United,13,Premier League
Platense,353,Liga Profesional de Fútbol
Werder Bremen,19,Bundesliga
Aucas,2018,Liga Pro
Panathinaikos,63,Super League
Tenerife,54,La Liga 2
Blackburn Rovers,14,Championship
Hatayspor,68,Süper Lig
Junior,336,Categoría Primera A
PAOK,63,Super League
West Bromwich Albion,14,Championship
Casa Pia,308,Primeira Liga
Barcelona Guayaquil,2018,Liga Pro
AS Eupen,4,Pro League
Brisbane Roar,351,A-League Men
CFR Cluj,330,Liga I
Deportes Tolima,336,Categoría Primera A
Sunderland,14,Championship
Queens Park Rangers,14,Championship
Leganés,54,La Liga 2
Vélez Sarsfield,353,Liga Profesional de Fútbol
Dynamo Kyiv,332,Premier League
Parma,32,Serie B
Peterborough United,60,League One
Molde,41,Eliteserien
Hibernian,50,Premiership
Libertad,337,Primera División
Eldense,54,La Liga 2
Queens Park Rangers,14,Championship
Cittadella,32,Serie B
Banfield,353,Liga Profesional de Fútbol
Ankaragücü,68,Süper Lig
Águilas Doradas,336,Categoría Primera A
Karlsruher SC,20,2. Bundesliga
Genk,4,Pro League
Schalke 04,20,2. Bundesliga
VfL Bochum 1848,19,Bundesliga
Malmö FF,56,Allsvenskan
Samsunspor,68,Süper Lig
Chaves,308,Primeira Liga
Racing Santander,54,La Liga 2
Heidenheim,19,Bundesliga
Sparta Praha,319,First League
Pau,17,Ligue 2
Unión Santa Fe,353,Liga Profesional de Fútbol
Rapid Bucuresti,330,Liga I
LDU Quito,2018,Liga Pro
DC United,39,Major League Soccer
Western Sydney Wanderers,351,A-League Men
ATK Mohun Bagan,2149,Super League
Shandong Taishan,2012,Super League
Ferencváros,64,Nemzeti Bajnokság I
Adana Demirspor,68,Süper Lig
San Lorenzo,353,Liga Profesional de Fútbol
Cremonese,32,Serie B
Sparta Rotterdam,10,Eredivisie
SD Eibar,54,La Liga 2
Dunkerque,17,Ligue 2
Sepsi,330,Liga I
Famalicão,308,Primeira Liga
Sarpsborg 08,41,Eliteserien
SpVgg Greuther Fürth,20,2. Bundesliga
Rizespor,68,Süper Lig
Celta de Vigo,53,La Liga
OH Leuven,4,Pro League
Defensor Sporting,338,Primera División
Olympique Lyonnais,16,Ligue 1
Cercle Brugge,4,Pro League
Gil Vicente,308,Primeira Liga
Hearts,50,Premiership
Standard Liège,4,Pro League
NEC,10,Eredivisie
Shandong Taishan,2012,Super League
Ipswich Town,14,Championship
Millwall,14,Championship
Kasımpaşa,68,Süper Lig
Instituto,353,Liga Profesional de Fútbol
The Strongest,2017,División de Fútbol Profesional
Talleres Córdoba,353,Liga Profesional de Fútbol
Bragantino,7,Série A
Bologna,31,Serie A
Heracles Almelo,10,Eredivisie
Hajduk Split,317,Hrvatska nogometna liga
Bordeaux,17,Ligue 2
København,1,Superliga
Wehen Wiesbaden,20,2. Bundesliga
AFC Bournemouth,13,Premier League
Rosario Central,353,Liga Profesional de Fútbol
Defensor Sporting,338,Primera División
Sporting Braga,308,Primeira Liga
Mallorca,53,La Liga
FC Twente,10,Eredivisie
Rodez,17,Ligue 2
Beşiktaş,68,Süper Lig
Basel,189,Super League
Cardiff City,14,Championship
Academia Puerto Cabello,2019,Primera Division
Kayserispor,68,Süper Lig
Elche,54,La Liga 2
Columbus Crew,39,Major League Soccer
Sarmiento,353,Liga Profesional de Fútbol
Beijing Guoan,2012,Super League
Angers SCO,17,Ligue 2
Shenzhen,2012,Super League
Paris,17,Ligue 2
Vejle,1,Superliga
Le Havre,16,Ligue 1
Dunkerque,17,Ligue 2
Jeju United,83,K League 1
Real Oviedo,54,La Liga 2
Instituto,353,Liga Profesional de Fútbol
Genoa,31,Serie A
Raków Częstochowa,66,Ekstraklasa
Annecy,17,Ligue 2
Cádiz,53,La Liga
Rosenborg,41,Eliteserien
Atlético Nacional,336,Categoría Primera A
Academia Puerto Cabello,2019,Primera Division
İstanbul Başakşehir,68,Süper Lig
Bari 1908,32,Serie B
Montpellier,16,Ligue 1
Unión Santa Fe,353,Liga Profesional de Fútbol
Brighton & Hove Albion,13,Premier League
Ñublense,335,Primera Division
Burgos,54,La Liga 2
Kortrijk,4,Pro League
Pisa,32,Serie B
Sint-Truiden,4,Pro League
Feyenoord,10,Eredivisie
Magdeburg,20,2. Bundesliga
Tigre,353,Liga Profesional de Fútbol
Paderborn,20,2. Bundesliga
Westerlo,4,Pro League
Caen,17,Ligue 2
Union Saint-Gilloise,4,Pro League
Sint-Truiden,4,Pro League
Central Cordoba SdE,353,Liga Profesional de Fútbol
Fortuna Düsseldorf,20,2. Bundesliga
Nordsjælland,1,Superliga
Paris,17,Ligue 2
Cosenza,32,Serie B
Minnesota United,39,Major League Soccer
Stade de Reims,16,Ligue 1
Bastia,17,Ligue 2
Real Betis,53,La Liga
Gimnasia La Plata,353,Liga Profesional de Fútbol
Independiente Medellín,336,Categoría Primera A
FC Cartagena,54,La Liga 2
Servette,189,Super League
Los Angeles FC,39,Major League Soccer
Lugano,189,Super League
Schalke 04,20,2. Bundesliga
SpVgg Greuther Fürth,20,2. Bundesliga
Bristol City,14,Championship
Kayserispor,68,Süper Lig
Wuhan Three Towns,2012,Super League
Goiás,7,Série A
Sheffield Wednesday,14,Championship
Burgos,54,La Liga 2
Rangers,50,Premiership
Hellas Verona,31,Serie A
Rheindorf Altach,80,Bundesliga
FC Cartagena,54,La Liga 2
Birmingham City,14,Championship
Hertha BSC,20,2. Bundesliga
Bodø / Glimt,41,Eliteserien
Cosenza,32,Serie B
Schalke 04,20,2. Bundesliga
Jagiellonia Białystok,66,Ekstraklasa
Elche,54,La Liga 2
Ajaccio,17,Ligue 2
Excelsior,10,Eredivisie
Alanyaspor,68,Süper Lig
Sepsi,330,Liga I
Elche,54,La Liga 2
Troyes,17,Ligue 2
Legia Warszawa,66,Ekstraklasa
Ascoli,32,Serie B
Independiente,353,Liga Profesional de Fútbol
Eintracht Braunschweig,20,2. Bundesliga
Liverpool,338,Primera División
Talleres Córdoba,353,Liga Profesional de Fútbol
Kaiserslautern,20,2. Bundesliga
Antalyaspor,68,Süper Lig
Ñublense,335,Primera Division
Águilas Doradas,336,Categoría Primera A
Defensor Sporting,338,Primera División
VfL Wolfsburg,19,Bundesliga
Libertad,337,Primera División
Pisa,32,Serie B
Holstein Kiel,20,2. Bundesliga
Qingdao Hainiu,2012,Super League
Granada,53,La Liga
Atlanta United,39,Major League Soccer
Estrela Amadora,308,Primeira Liga
Viborg,1,Superliga
CF Montréal,39,Major League Soccer
Sparta Praha,319,First League
Gwangju,83,K League 1
Westerlo,4,Pro League
Häcken,56,Allsvenskan
Genk,4,Pro League
Arouca,308,Primeira Liga
Crystal Palace,13,Premier League
Dalian Professional,2012,Super League
Rapid Bucuresti,330,Liga I
Kerala Blasters,2149,Super League
Sampdoria,32,Serie B
Alanyaspor,68,Süper Lig
Darmstadt 98,19,Bundesliga
Samsunspor,68,Süper Lig
Yverdon Sport,189,Super League
Norrköping,56,Allsvenskan
Samsunspor,68,Süper Lig
Universitario,2020,Primera Division
Vålerenga,41,Eliteserien
,,
Olympique de Marseille,16,Ligue 1
Südtirol,32,Serie B
Famalicão,308,Primeira Liga
NEC,10,Eredivisie
Wuhan Three Towns,2012,Super League
Libertad,337,Primera División
Incheon United,83,K League 1
Sampdoria,32,Serie B
FC Cartagena,54,La Liga 2
Platense,353,Liga Profesional de Fútbol
FC Utrecht,10,Eredivisie
Lecce,31,Serie A
Brescia,32,Serie B
Goiás,7,Série A
Godoy Cruz,353,Liga Profesional de Fútbol
FC Köln,19,Bundesliga
Vizela,308,Primeira Liga
Porto,308,Primeira Liga
Melbourne Victory,351,A-League Men
Farense,308,Primeira Liga
Chelsea,13,Premier League
Sint-Truiden,4,Pro League
Norwich City,14,Championship
Südtirol,32,Serie B
Chelsea,13,Premier League
Sampdoria,32,Serie B
Go Ahead Eagles,10,Eredivisie
Norwich City,14,Championship
Melbourne City,351,A-League Men
FC Andorra,54,La Liga 2
Villarreal II,54,La Liga 2
Kayserispor,68,Süper Lig
Seattle Sounders,39,Major League Soccer
Pau,17,Ligue 2
CF Montréal,39,Major League Soccer
FC Köln,19,Bundesliga
APOEL,318,1. Division
Toulouse,16,Ligue 1
Hajduk Split,317,Hrvatska nogometna liga
Huracán,353,Liga Profesional de Fútbol
Austria Wien,80,Bundesliga
Ajaccio,17,Ligue 2
Deportivo Táchira,2019,Primera Division
Vélez Sarsfield,353,Liga Profesional de Fútbol
Al Ittihad,350,Pro League
Real Oviedo,54,La Liga 2
Rapid Wien,80,Bundesliga
Middlesbrough,14,Championship
Racing Ferrol,54,La Liga 2
Grenoble Foot 38,17,Ligue 2
Cercle Brugge,4,Pro League
Argentinos Juniors,353,Liga Profesional de Fútbol
Preston North End,14,Championship
Hellas Verona,31,Serie A
Deportes Tolima,336,Categoría Primera A
Troyes,17,Ligue 2
Parma,32,Serie B
Real Zaragoza,54,La Liga 2
FC Andorra,54,La Liga 2
Middlesbrough,14,Championship
Osasuna,53,La Liga
ATK Mohun Bagan,2149,Super League
Rapid Bucuresti,330,Liga I
Orlando City,39,Major League Soccer
West Bromwich Albion,14,Championship
Fortuna Düsseldorf,20,2. Bundesliga
Tigre,353,Liga Profesional de Fútbol
Genk,4,Pro League
Nürnberg,20,2. Bundesliga
Dallas,39,Major League Soccer
Anderlecht,4,Pro League
Sporting Charleroi,4,Pro League
Servette,189,Super League
Gil Vicente,308,Primeira Liga
Colo-Colo,335,Primera Division
Nacional,338,Primera División
Fortuna Düsseldorf,20,2. Bundesliga
Fortuna Sittard,10,Eredivisie
Ascoli,32,Serie B
Atlético Nacional,336,Categoría Primera A
Sporting Cristal,2020,Primera Division
Venezia,32,Serie B
Huracán,353,Liga Profesional de Fútbol
Bolton Wanderers,60,League One
Malmö FF,56,Allsvenskan
Gaziantep F.K.,68,Süper Lig
Coventry City,14,Championship
Viborg,1,Superliga
Beşiktaş,68,Süper Lig
Malmö FF,56,Allsvenskan
Sivasspor,68,Süper Lig
Santa Fe,336,Categoría Primera A
Rotherham United,14,Championship
Ternana,32,Serie B
Angers SCO,17,Ligue 2
Norrköping,56,Allsvenskan
Cosenza,32,Serie B
Norwich City,14,Championship
Samsunspor,68,Süper Lig
Odisha FC,2149,Super League
Ternana,32,Serie B
Deportivo Pereira,336,Categoría Primera A
Bragantino,7,Série A
Deportes Tolima,336,Categoría Primera A
Al Hilal,350,Pro League
Rennes,16,Ligue 1
Arsenal de Sarandi,353,Liga Profesional de Fútbol
SpVgg Greuther Fürth,20,2. Bundesliga
Zürich,189,Super League
Godoy Cruz,353,Liga Profesional de Fútbol
Sandhausen,2076,3. Liga
Bastia,17,Ligue 2
Chaves,308,Primeira Liga
Coventry City,14,Championship
Guaraní,337,Primera División
Rio Ave,308,Primeira Liga
Djurgården,56,Allsvenskan
LOSC Lille,16,Ligue 1
Águilas Doradas,336,Categoría Primera A
Ajax,10,Eredivisie
Vitesse,10,Eredivisie
Vélez Sarsfield,353,Liga Profesional de Fútbol
Middlesbrough,14,Championship
Cardiff City,14,Championship
Queens Park Rangers,14,Championship
Saint-Étienne,17,Ligue 2
Melgar,2020,Primera Division
Millwall,14,Championship
Cardiff City,14,Championship
Rapid Bucuresti,330,Liga I
AEK Athens,63,Super League
Karlsruher SC,20,2. Bundesliga
Puszcza Niepołomice,66,Ekstraklasa
Leganés,54,La Liga 2
Farense,308,Primeira Liga
Saint Louis City,39,Major League Soccer
AIK,56,Allsvenskan
Magdeburg,20,2. Bundesliga
Cosenza,32,Serie B
Antalyaspor,68,Süper Lig
Elversberg,20,2. Bundesliga
Chaves,308,Primeira Liga
Elversberg,20,2. Bundesliga
Gimnasia La Plata,353,Liga Profesional de Fútbol
Al Khaleej,350,Pro League
Real Betis,53,La Liga
Spezia,32,Serie B
Bordeaux,17,Ligue 2
Barnsley,60,League One
AZ Alkmaar,10,Eredivisie
Junior,336,Categoría Primera A
LASK Linz,80,Bundesliga
Auxerre,17,Ligue 2
Seattle Sounders,39,Major League Soccer
Udinese,31,Serie A
Borussia Mönchengladbach,19,Bundesliga
Villarreal II,54,La Liga 2
Mechelen,4,Pro League
Fortuna Düsseldorf,20,2. Bundesliga
Heidenheim,19,Bundesliga
Heracles Almelo,10,Eredivisie
Sporting Cristal,2020,Primera Division
APOEL,318,1. Division
Barcelona Guayaquil,2018,Liga Pro
Blackburn Rovers,14,Championship
Real Valladolid,54,La Liga 2
Alcorcón,54,La Liga 2
Godoy Cruz,353,Liga Profesional de Fútbol
Incheon United,83,K League 1
Portsmouth,60,League One
Mechelen,4,Pro League
Palermo,32,Serie B
Ajaccio,17,Ligue 2
Melgar,2020,Primera Division
Mirandés,54,La Liga 2
CFR Cluj,330,Liga I
Seoul,83,K League 1
Universitario,2020,Primera Division
Young Boys,189,Super League
SD Eibar,54,La Liga 2
Austin,39,Major League Soccer
Bari 1908,32,Serie B
Atlético Tucumán,353,Liga Profesional de Fútbol
Mumbai City,2149,Super League
Dynamo Dresden,2076,3. Liga
Aberdeen,50,Premiership
Cosenza,32,Serie B
Gil Vicente,308,Primeira Liga
Magdeburg,20,2. Bundesliga
Austria Wien,80,Bundesliga
Pogoń Szczecin,66,Ekstraklasa
Lecco,32,Serie B
Estrela Amadora,308,Primeira Liga
Heracles Almelo,10,Eredivisie
Hatayspor,68,Süper Lig
Defensa y Justicia,353,Liga Profesional de Fútbol
Vélez Sarsfield,353,Liga Profesional de Fútbol
Bari 1908,32,Serie B
Hajduk Split,317,Hrvatska nogometna liga
Lugano,189,Super League
Casa Pia,308,Primeira Liga
Eldense,54,La Liga 2
Portsmouth,60,League One
Warta Poznań,66,Ekstraklasa
Hermannstadt,330,Liga I
Stabæk,41,Eliteserien
Chengdu Rongcheng,2012,Super League
New York RB,39,Major League Soccer
Lausanne Sport,189,Super League
SpVgg Greuther Fürth,20,2. Bundesliga
San Lorenzo,353,Liga Profesional de Fútbol
Chaves,308,Primeira Liga
St. Pauli,20,2. Bundesliga
Kerala Blasters,2149,Super League
Samsunspor,68,Süper Lig
Hearts,50,Premiership
St. Pauli,20,2. Bundesliga
Santa Fe,336,Categoría Primera A
Austin,39,Major League Soccer
OH Leuven,4,Pro League
Go Ahead Eagles,10,Eredivisie
Kaiserslautern,20,2. Bundesliga
Ipswich Town,14,Championship
Karlsruher SC,20,2. Bundesliga
SC Freiburg,19,Bundesliga
Holstein Kiel,20,2. Bundesliga
Alanyaspor,68,Süper Lig
Modena,32,Serie B
Brentford,13,Premier League
Tigre,353,Liga Profesional de Fútbol
Emelec,2018,Liga Pro
FC Cartagena,54,La Liga 2
Häcken,56,Allsvenskan
Lazio,31,Serie A
AIK,56,Allsvenskan
Danubio,338,Primera División
Central Coast Mariners,351,A-League Men
Rapid Bucuresti,330,Liga I
Portimonense,308,Primeira Liga
Universitatea Craiova,330,Liga I
Westerlo,4,Pro League
Houston Dynamo,39,Major League Soccer
APOEL,318,1. Division
Vitesse,10,Eredivisie
Derby County,60,League One
Venezia,32,Serie B
Suwon,83,K League 1
OH Leuven,4,Pro League
Eldense,54,La Liga 2
Aberdeen,50,Premiership
Bordeaux,17,Ligue 2
Sportivo Ameliano,337,Primera División
Angers SCO,17,Ligue 2
Academia Puerto Cabello,2019,Primera Division
Columbus Crew,39,Major League Soccer
Deportes Tolima,336,Categoría Primera A
Santos,7,Série A
Al Ain,2013,Pro League
Strasbourg,16,Ligue 1
Laval,17,Ligue 2
Troyes,17,Ligue 2
Monagas,2019,Primera Division
Molde,41,Eliteserien
Al Tai,350,Pro League
Goiás,7,Série A
Yverdon Sport,189,Super League
Hansa Rostock,20,2. Bundesliga
Macarthur,351,A-League Men
APOEL,318,1. Division
Kortrijk,4,Pro League
Antalyaspor,68,Süper Lig
Paderborn,20,2. Bundesliga
Ipswich Town,14,Championship
RB Leipzig,19,Bundesliga
Al Hazem,350,Pro League
Coventry City,14,Championship
VfB Stuttgart,19,Bundesliga
Stade Lausanne-Ouchy,189,Super League
AGF,1,Superliga
DC United,39,Major League Soccer
FC Utrecht,10,Eredivisie
Chicago Fire,39,Major League Soccer
Viking,41,Eliteserien
Viktoria Plzeň,319,First League
Stevenage,60,League One
Wuhan Three Towns,2012,Super League
Wehen Wiesbaden,20,2. Bundesliga
TSG Hoffenheim,19,Bundesliga
Reggiana,32,Serie B
Viktoria Köln,2076,3. Liga
Ankaragücü,68,Süper Lig
Gil Vicente,308,Primeira Liga
Central Cordoba SdE,353,Liga Profesional de Fútbol
Gil Vicente,308,Primeira Liga
Eldense,54,La Liga 2
Hamburger SV,20,2. Bundesliga
Konyaspor,68,Süper Lig
Sheffield Wednesday,14,Championship
New York RB,39,Major League Soccer
Angers SCO,17,Ligue 2
Wycombe Wanderers,60,League One
Darmstadt 98,19,Bundesliga
Hatayspor,68,Süper Lig
Bastia,17,Ligue 2
Wehen Wiesbaden,20,2. Bundesliga
Como,32,Serie B
NEC,10,Eredivisie
SpVgg Greuther Fürth,20,2. Bundesliga
Elche,54,La Liga 2
Daegu,83,K League 1
Raków Częstochowa,66,Ekstraklasa
Catanzaro,32,Serie B
Aberdeen,50,Premiership
Philadelphia Union,39,Major League Soccer
The Strongest,2017,División de Fútbol Profesional
RKC Waalwijk,10,Eredivisie
Wehen Wiesbaden,20,2. Bundesliga
Dynamo Kyiv,332,Premier League
Junior,336,Categoría Primera A
Libertad,337,Primera División
RKC Waalwijk,10,Eredivisie
Godoy Cruz,353,Liga Profesional de Fútbol
Leganés,54,La Liga 2
Independiente,353,Liga Profesional de Fútbol
Nottingham Forest,13,Premier League
SC Heerenveen,10,Eredivisie
Lugano,189,Super League
Konyaspor,68,Süper Lig
Hajduk Split,317,Hrvatska nogometna liga
Cienciano,2020,Primera Division
AIK,56,Allsvenskan
Vélez Sarsfield,353,Liga Profesional de Fútbol
Lorient,16,Ligue 1
Raków Częstochowa,66,Ekstraklasa
Bolívar,2017,División de Fútbol Profesional
Clermont,16,Ligue 1
Antalyaspor,68,Süper Lig
West Ham United,13,Premier League
Real Oviedo,54,La Liga 2
Le Havre,16,Ligue 1
Sheffield Wednesday,14,Championship
İstanbul Başakşehir,68,Süper Lig
Santos,7,Série A
Eldense,54,La Liga 2
FC Volendam,10,Eredivisie
U Craiova 1948,330,Liga I
Rheindorf Altach,80,Bundesliga
VfB Stuttgart,19,Bundesliga
Belgrano,353,Liga Profesional de Fútbol
Brescia,32,Serie B
Radomiak Radom,66,Ekstraklasa
Universitatea Craiova,330,Liga I
Tianjin Jinmen Tiger,2012,Super League
Inter Miami,39,Major League Soccer
Manchester City,13,Premier League
Cienciano,2020,Primera Division
Vitesse,10,Eredivisie
Molde,41,Eliteserien
Montpellier,16,Ligue 1
Mjällby,56,Allsvenskan
Raków Częstochowa,66,Ekstraklasa
Kaiserslautern,20,2. Bundesliga
Blackpool,60,League One
Swansea City,14,Championship
Central Cordoba SdE,353,Liga Profesional de Fútbol
FC Cartagena,54,La Liga 2
Shanghai Shenhua,2012,Super League
PEC Zwolle,10,Eredivisie
Wolfsberger AC,80,Bundesliga
Rosario Central,353,Liga Profesional de Fútbol
Deportivo Cuenca,2018,Liga Pro
Kaiserslautern,20,2. Bundesliga
Genk,4,Pro League
Häcken,56,Allsvenskan
Portsmouth,60,League One
Deportivo Binacional,2020,Primera Division
Banfield,353,Liga Profesional de Fútbol
Union Saint-Gilloise,4,Pro League
SpVgg Greuther Fürth,20,2. Bundesliga
DC United,39,Major League Soccer
Argentinos Juniors,353,Liga Profesional de Fútbol
Djurgården,56,Allsvenskan
Häcken,56,Allsvenskan
Ñublense,335,Primera Division
Wigan Athletic,60,League One
Paderborn,20,2. Bundesliga
Spezia,32,Serie B
Sparta Praha,319,First League
Barnsley,60,League One
Dinamo Zagreb,317,Hrvatska nogometna liga
Atlanta United,39,Major League Soccer
Kasımpaşa,68,Süper Lig
Portimonense,308,Primeira Liga
Swansea City,14,Championship
Los Angeles FC,39,Major League Soccer
Gent,4,Pro League
Colorado Rapids,39,Major League Soccer
Hatayspor,68,Süper Lig
Magdeburg,20,2. Bundesliga
Hansa Rostock,20,2. Bundesliga
Universidad Católica,335,Primera Division
Karlsruher SC,20,2. Bundesliga
Kortrijk,4,Pro League
Wolfsberger AC,80,Bundesliga
Derby County,60,League One
Wuhan Three Towns,2012,Super League
Haugesund,41,Eliteserien
Liverpool,338,Primera División
Vélez Sarsfield,353,Liga Profesional de Fútbol
Birmingham City,14,Championship
St. Pauli,20,2. Bundesliga
FC Cartagena,54,La Liga 2
Hamburger SV,20,2. Bundesliga
Sturm Graz,80,Bundesliga
Quevilly Rouen,17,Ligue 2
Palestino,335,Primera Division
Trabzonspor,68,Süper Lig
SpVgg Greuther Fürth,20,2. Bundesliga
Piast Gliwice,66,Ekstraklasa
Hyderabad,2149,Super League
Gwangju,83,K League 1
Laval,17,Ligue 2
Godoy Cruz,353,Liga Profesional de Fútbol
Chicago Fire,39,Major League Soccer
Sunderland,14,Championship
Al Ahli Jeddah,350,Pro League
Celtic,50,Premiership
Stade de Reims,16,Ligue 1
Alanyaspor,68,Süper Lig
Lugano,189,Super League
Oriente Petrolero,2017,División de Fútbol Profesional
Sporting Charleroi,4,Pro League
Aucas,2018,Liga Pro
Ferencváros,64,Nemzeti Bajnokság I
Bodø / Glimt,41,Eliteserien
Gimnasia La Plata,353,Liga Profesional de Fútbol
Suwon Bluewings,83,K League 1
Vélez Sarsfield,353,Liga Profesional de Fútbol
Famalicão,308,Primeira Liga
Norrköping,56,Allsvenskan
St. Pauli,20,2. Bundesliga
Anderlecht,4,Pro League
Club Brugge,4,Pro League
Almería,53,La Liga
Vélez Sarsfield,353,Liga Profesional de Fútbol
Clermont,16,Ligue 1
Athletico Paranaense,7,Série A
Borussia Mönchengladbach,19,Bundesliga
Cienciano,2020,Primera Division
Palestino,335,Primera Division
Rapid Wien,80,Bundesliga
Nice,16,Ligue 1
Empoli,31,Serie A
Austria Wien,80,Bundesliga
Eldense,54,La Liga 2
Huesca,54,La Liga 2
Patronato,353,Liga Profesional de Fútbol
Lorient,16,Ligue 1
Lech Poznań,66,Ekstraklasa
Pohang Steelers,83,K League 1
Caen,17,Ligue 2
Werder Bremen,19,Bundesliga
Atlético Tucumán,353,Liga Profesional de Fútbol
Gwangju,83,K League 1
Ulsan,83,K League 1
Liverpool,338,Primera División
Chaves,308,Primeira Liga
Hermannstadt,330,Liga I
Luzern,189,Super League
CFR Cluj,330,Liga I
Blooming,2017,División de Fútbol Profesional
Hertha BSC,20,2. Bundesliga
Barracas Central,353,Liga Profesional de Fútbol
Südtirol,32,Serie B
Estrela Amadora,308,Primeira Liga
New York City,39,Major League Soccer
Bastia,17,Ligue 2
Kortrijk,4,Pro League
Vizela,308,Primeira Liga
River Plate,338,Primera División
Rapid Wien,80,Bundesliga
Toronto,39,Major League Soccer
Westerlo,4,Pro League
Kaiserslautern,20,2. Bundesliga
César Vallejo,2020,Primera Division
Gaziantep F.K.,68,Süper Lig
Jagiellonia Białystok,66,Ekstraklasa
Al Shabab,350,Pro League
Derby County,60,League One
Academia Puerto Cabello,2019,Primera Division
Ternana,32,Serie B
Instituto,353,Liga Profesional de Fútbol
Strømsgodset,41,Eliteserien
Roma,31,Serie A
Sampdoria,32,Serie B
Pohang Steelers,83,K League 1
Barcelona Guayaquil,2018,Liga Pro
Paris,17,Ligue 2
Bolívar,2017,División de Fútbol Profesional
Brescia,32,Serie B
Estudiantes,353,Liga Profesional de Fútbol
Al Shabab,350,Pro League
Famalicão,308,Primeira Liga
Colo-Colo,335,Primera Division
AIK,56,Allsvenskan
Patronato,353,Liga Profesional de Fútbol
Osnabrück,20,2. Bundesliga
Guingamp,17,Ligue 2
SSC Farul,330,Liga I
Lausanne Sport,189,Super League
Basel,189,Super League
PSV,10,Eredivisie
Kayserispor,68,Süper Lig
Sint-Truiden,4,Pro League
Sivasspor,68,Süper Lig
OH Leuven,4,Pro League
Instituto,353,Liga Profesional de Fútbol
Shakhtar Donetsk,332,Premier League
Racing Club,353,Liga Profesional de Fútbol
Eldense,54,La Liga 2
AGF,1,Superliga
,,
Sparta Praha,319,First League
Sivasspor,68,Süper Lig
Kortrijk,4,Pro League
Goiás,7,Série A
Nürnberg,20,2. Bundesliga
Salernitana,31,Serie A
Randers,1,Superliga
,,
Celtic,50,Premiership
Holstein Kiel,20,2. Bundesliga
Deportes Tolima,336,Categoría Primera A
Lillestrøm,41,Eliteserien
Molde,41,Eliteserien
Arouca,308,Primeira Liga
Independiente Medellín,336,Categoría Primera A
Columbus Crew,39,Major League Soccer
Frosinone,31,Serie A
Unión Santa Fe,353,Liga Profesional de Fútbol
Estoril,308,Primeira Liga
Sporting Gijón,54,La Liga 2
Watford,14,Championship
Magdeburg,20,2. Bundesliga
Kayserispor,68,Süper Lig
Troyes,17,Ligue 2
Atlético Madrid,53,La Liga
Palestino,335,Primera Division
U Craiova 1948,330,Liga I
Hansa Rostock,20,2. Bundesliga
Argentinos Juniors,353,Liga Profesional de Fútbol
Amiens SC,17,Ligue 2
Pendikspor,68,Süper Lig
New York City,39,Major League Soccer
Moreirense,308,Primeira Liga
Chaves,308,Primeira Liga
Belgrano,353,Liga Profesional de Fútbol
Charlotte,39,Major League Soccer
Peñarol,338,Primera División
Bristol City,14,Championship
Vitória SC,308,Primeira Liga
Peñarol,338,Primera División
Al Ain,2013,Pro League
Ingolstadt,2076,3. Liga
St. Mirren,50,Premiership
Vitesse,10,Eredivisie
Bengaluru,2149,Super League
Luton Town,13,Premier League
Holstein Kiel,20,2. Bundesliga
Huddersfield Town,14,Championship
Millonarios,336,Categoría Primera A
Hellas Verona,31,Serie A
AIK,56,Allsvenskan
Cerro Porteño,337,Primera División
Atlanta United,39,Major League Soccer
AS Eupen,4,Pro League
Celtic,50,Premiership
Elversberg,20,2. Bundesliga
Central Coast Mariners,351,A-League Men
Real Zaragoza,54,La Liga 2
Birmingham City,14,Championship
Cremonese,32,Serie B
Central Cordoba SdE,353,Liga Profesional de Fútbol
Godoy Cruz,353,Liga Profesional de Fútbol
Bolívar,2017,División de Fútbol Profesional
Kaiserslautern,20,2. Bundesliga
FC Bayern München,19,Bundesliga
Piast Gliwice,66,Ekstraklasa
San Lorenzo,353,Liga Profesional de Fútbol
Nacional,338,Primera División
Hearts,50,Premiership
Strømsgodset,41,Eliteserien
FC Cartagena,54,La Liga 2
Hull City,14,Championship
Hibernian,50,Premiership
Farense,308,Primeira Liga
Talleres Córdoba,353,Liga Profesional de Fútbol
Catanzaro,32,Serie B
The Strongest,2017,División de Fútbol Profesional
Sydney FC,351,A-League Men
Rapid Bucuresti,330,Liga I
Alianza Lima,2020,Primera Division
Palermo,32,Serie B
Fluminense,7,Série A
Nürnberg,20,2. Bundesliga
San Jose Earthquakes,39,Major League Soccer
Dinamo Zagreb,317,Hrvatska nogometna liga
Bari 1908,32,Serie B
Colón,353,Liga Profesional de Fútbol
PEC Zwolle,10,Eredivisie
Stal Mielec,66,Ekstraklasa
SSC Farul,330,Liga I
Rapid Bucuresti,330,Liga I
Lillestrøm,41,Eliteserien
PEC Zwolle,10,Eredivisie
Daegu,83,K League 1
Newell's Old Boys,353,Liga Profesional de Fútbol
Yverdon Sport,189,Super League
Abha,350,Pro League
Rio Ave,308,Primeira Liga
Standard Liège,4,Pro League
Deportes Tolima,336,Categoría Primera A
Kalmar,56,Allsvenskan
Magdeburg,20,2. Bundesliga
Vélez Sarsfield,353,Liga Profesional de Fútbol
Malmö FF,56,Allsvenskan
Panathinaikos,63,Super League
AIK,56,Allsvenskan
Libertad,337,Primera División
Portsmouth,60,League One
Albacete,54,La Liga 2
Luton Town,13,Premier League
Real Sociedad,53,La Liga
DC United,39,Major League Soccer
Borussia Dortmund,19,Bundesliga
Moreirense,308,Primeira Liga
Toulouse,16,Ligue 1
Südtirol,32,Serie B
Deportes Tolima,336,Categoría Primera A
Charlotte,39,Major League Soccer
AGF,1,Superliga
Magdeburg,20,2. Bundesliga
Legia Warszawa,66,Ekstraklasa
Mechelen,4,Pro League
Moreirense,308,Primeira Liga
Hermannstadt,330,Liga I
New England,39,Major League Soccer
Wrexham,61,League Two
Plymouth Argyle,14,Championship
Arouca,308,Primeira Liga
Swansea City,14,Championship
Kortrijk,4,Pro League
Portsmouth,60,League One
César Vallejo,2020,Primera Division
Reggiana,32,Serie B
Racing Ferrol,54,La Liga 2
Spezia,32,Serie B
Viktoria Plzeň,319,First League
Real Salt Lake,39,Major League Soccer
Karlsruher SC,20,2. Bundesliga
Preston North End,14,Championship
Millwall,14,Championship
Pau,17,Ligue 2
Godoy Cruz,353,Liga Profesional de Fútbol
River Plate,338,Primera División
Lillestrøm,41,Eliteserien
CSM Politehnica Iași,330,Liga I
Amiens SC,17,Ligue 2
Gangwon,83,K League 1
Gangwon,83,K League 1
Kilmarnock,50,Premiership
Holstein Kiel,20,2. Bundesliga
San Jose Earthquakes,39,Major League Soccer
Hartberg,80,Bundesliga
Hannover 96,20,2. Bundesliga
Plymouth Argyle,14,Championship
Peterborough United,60,League One
Tigre,353,Liga Profesional de Fútbol
River Plate,338,Primera División
RWDM,4,Pro League
Lech Poznań,66,Ekstraklasa
Cosenza,32,Serie B
Sivasspor,68,Süper Lig
The Strongest,2017,División de Fútbol Profesional
Catanzaro,32,Serie B
Rizespor,68,Süper Lig
Olimpia,337,Primera División
FC Utrecht,10,Eredivisie
Modena,32,Serie B
Universidad Católica,335,Primera Division
Houston Dynamo,39,Major League Soccer
Young Boys,189,Super League
Hansa Rostock,20,2. Bundesliga
Monza,31,Serie A
Laval,17,Ligue 2
Cagliari,31,Serie A
Shakhtar Donetsk,332,Premier League
Excelsior,10,Eredivisie
Nantong Zhiyun,2012,Super League
Śląsk Wrocław,66,Ekstraklasa
Sheffield United,13,Premier League
Rio Ave,308,Primeira Liga
NEC,10,Eredivisie
Servette,189,Super League
Leganés,54,La Liga 2
Academia Puerto Cabello,2019,Primera Division
Vizela,308,Primeira Liga
Sturm Graz,80,Bundesliga
Palmaflor del Trópico,2017,División de Fútbol Profesional
Spezia,32,Serie B
Legia Warszawa,66,Ekstraklasa
Universidad Católica,335,Primera Division
Arsenal de Sarandi,353,Liga Profesional de Fútbol
Sivasspor,68,Süper Lig
Luzern,189,Super League
Magdeburg,20,2. Bundesliga
Cercle Brugge,4,Pro League
Philadelphia Union,39,Major League Soccer
Tigre,353,Liga Profesional de Fútbol
Kaiserslautern,20,2. Bundesliga
Monagas,2019,Primera Division
Pisa,32,Serie B
Clermont,16,Ligue 1
Sarpsborg 08,41,Eliteserien
Fluminense,7,Série A
Adana Demirspor,68,Süper Lig
Guaraní,337,Primera División
Deportes Tolima,336,Categoría Primera A
Spezia,32,Serie B
Los Angeles FC,39,Major League Soccer
Nice,16,Ligue 1
Guingamp,17,Ligue 2
Unión Santa Fe,353,Liga Profesional de Fútbol
Instituto,353,Liga Profesional de Fútbol
Wehen Wiesbaden,20,2. Bundesliga
Basel,189,Super League
Aston Villa,13,Premier League
Stockport County,61,League Two
Albacete,54,La Liga 2
Austria Klagenfurt,80,Bundesliga
St. Pauli,20,2. Bundesliga
Go Ahead Eagles,10,Eredivisie
Sporting Gijón,54,La Liga 2
Raków Częstochowa,66,Ekstraklasa
Estrela Amadora,308,Primeira Liga
Hertha BSC,20,2. Bundesliga
Guingamp,17,Ligue 2
Jahn Regensburg,2076,3. Liga
Vitória SC,308,Primeira Liga
Konyaspor,68,Süper Lig
Derby County,60,League One
Villarreal II,54,La Liga 2
Beijing Guoan,2012,Super League
Everton,13,Premier League
Godoy Cruz,353,Liga Profesional de Fútbol
New England,39,Major League Soccer
Almere City,10,Eredivisie
LASK Linz,80,Bundesliga
Laval,17,Ligue 2
Mirandés,54,La Liga 2
Hartberg,80,Bundesliga
Arouca,308,Primeira Liga
Dinamo Zagreb,317,Hrvatska nogometna liga
Osnabrück,20,2. Bundesliga
Jeonbuk Motors,83,K League 1
Cagliari,31,Serie A
Stoke City,14,Championship
Porto,308,Primeira Liga
Cerro Porteño,337,Primera División
Ascoli,32,Serie B
Pau,17,Ligue 2
Troyes,17,Ligue 2
Swansea City,14,Championship
Platense,353,Liga Profesional de Fútbol
Real Zaragoza,54,La Liga 2
Hertha BSC,20,2. Bundesliga
Westerlo,4,Pro League
OH Leuven,4,Pro League
Godoy Cruz,353,Liga Profesional de Fútbol
Cincinnati,39,Major League Soccer
Bolton Wanderers,60,League One
Vélez Sarsfield,353,Liga Profesional de Fútbol
Albacete,54,La Liga 2
Blau-Weiß Linz,80,Bundesliga
Ajax,10,Eredivisie
Heracles Almelo,10,Eredivisie
Gent,4,Pro League
Brøndby,1,Superliga
Dinamo Zagreb,317,Hrvatska nogometna liga
Feyenoord,10,Eredivisie
Basel,189,Super League
Ñublense,335,Primera Division
Gimnasia La Plata,353,Liga Profesional de Fútbol
Palmaflor del Trópico,2017,División de Fútbol Profesional
OB,1,Superliga
Portimonense,308,Primeira Liga
Caen,17,Ligue 2
Ascoli,32,Serie B
Portland Timbers,39,Major League Soccer
Hansa Rostock,20,2. Bundesliga
Sporting Braga,308,Primeira Liga
Catanzaro,32,Serie B
APOEL,318,1. Division
Vitória SC,308,Primeira Liga
Derby County,60,League One
Jahn Regensburg,2076,3. Liga
Salernitana,31,Serie A
Liverpool,338,Primera División
Columbus Crew,39,Major League Soccer
Wehen Wiesbaden,20,2. Bundesliga
Bari 1908,32,Serie B
Young Boys,189,Super League
Paris Saint Germain,16,Ligue 1
Boavista,308,Primeira Liga
FC Twente,10,Eredivisie
Darmstadt 98,19,Bundesliga
Karlsruher SC,20,2. Bundesliga
Nacional,338,Primera División
Dynamo Kyiv,332,Premier League
Estrela Amadora,308,Primeira Liga
Nordsjælland,1,Superliga
WSG Tirol,80,Bundesliga
Newell's Old Boys,353,Liga Profesional de Fútbol
Vitesse,10,Eredivisie
Millonarios,336,Categoría Primera A
Atlético Tucumán,353,Liga Profesional de Fútbol
Leyton Orient,60,League One
Beşiktaş,68,Süper Lig
Borussia Dortmund,19,Bundesliga
Sunderland,14,Championship
Antalyaspor,68,Süper Lig
Spezia,32,Serie B
Tenerife,54,La Liga 2
CFR Cluj,330,Liga I
Coventry City,14,Championship
Viking,41,Eliteserien
Huesca,54,La Liga 2
İstanbul Başakşehir,68,Süper Lig
SSC Farul,330,Liga I
Venezia,32,Serie B
Vålerenga,41,Eliteserien
Gimnasia La Plata,353,Liga Profesional de Fútbol
Preston North End,14,Championship
Birmingham City,14,Championship
Fortuna Sittard,10,Eredivisie
Belgrano,353,Liga Profesional de Fútbol
Viking,41,Eliteserien
Rapid Bucuresti,330,Liga I
Real Oviedo,54,La Liga 2
Farense,308,Primeira Liga
Kaiserslautern,20,2. Bundesliga
Pisa,32,Serie B
FC Andorra,54,La Liga 2
Farense,308,Primeira Liga
Karlsruher SC,20,2. Bundesliga
Henan,2012,Super League
WSG Tirol,80,Bundesliga
Grasshopper,189,Super League
Alianza Lima,2020,Primera Division
OB,1,Superliga
Modena,32,Serie B
OH Leuven,4,Pro League
Swansea City,14,Championship
Udinese,31,Serie A
Emelec,2018,Liga Pro
Sporting Charleroi,4,Pro League
Vizela,308,Primeira Liga
SC Heerenveen,10,Eredivisie
Holstein Kiel,20,2. Bundesliga
Sparta Rotterdam,10,Eredivisie
SC Heerenveen,10,Eredivisie
Shandong Taishan,2012,Super League
Hannover 96,20,2. Bundesliga
Ternana,32,Serie B
Vancouver Whitecaps,39,Major League Soccer
Mumbai City,2149,Super League
Molde,41,Eliteserien
Rotherham United,14,Championship
Osnabrück,20,2. Bundesliga
Hansa Rostock,20,2. Bundesliga
Sporting Gijón,54,La Liga 2
Grenoble Foot 38,17,Ligue 2
Midtjylland,1,Superliga
Olimpia,337,Primera División
Queens Park Rangers,14,Championship
Gwangju,83,K League 1
Gil Vicente,308,Primeira Liga
Lanús,353,Liga Profesional de Fútbol
Banfield,353,Liga Profesional de Fútbol
OB,1,Superliga
Lorient,16,Ligue 1
Houston Dynamo,39,Major League Soccer
Minnesota United,39,Major League Soccer
Palestino,335,Primera Division
Vizela,308,Primeira Liga
Defensor Sporting,338,Primera División
Ulsan,83,K League 1
Kaiserslautern,20,2. Bundesliga
Paderborn,20,2. Bundesliga
Seoul,83,K League 1
Westerlo,4,Pro League
OH Leuven,4,Pro League
Sivasspor,68,Süper Lig
Celta de Vigo,53,La Liga
Eldense,54,La Liga 2
Central Cordoba SdE,353,Liga Profesional de Fútbol
Tenerife,54,La Liga 2
Jeju United,83,K League 1
AZ Alkmaar,10,Eredivisie
Racing Ferrol,54,La Liga 2
Saint Louis City,39,Major League Soccer
Newell's Old Boys,353,Liga Profesional de Fútbol
Platense,353,Liga Profesional de Fútbol
Al Nassr,350,Pro League
Pogoń Szczecin,66,Ekstraklasa
Atlético Nacional,336,Categoría Primera A
Estoril,308,Primeira Liga
Pogoń Szczecin,66,Ekstraklasa
Paris,17,Ligue 2
Rio Ave,308,Primeira Liga
Godoy Cruz,353,Liga Profesional de Fútbol
Al Nassr,350,Pro League
Schalke 04,20,2. Bundesliga
Shanghai Port,2012,Super League
Rangers,50,Premiership
FC Cartagena,54,La Liga 2
Caracas,2019,Primera Division
Cosenza,32,Serie B
Real Zaragoza,54,La Liga 2
FCSB,330,Liga I
Arouca,308,Primeira Liga
Toulouse,16,Ligue 1
RWDM,4,Pro League
Rot-Weiss Essen,2076,3. Liga
Queens Park Rangers,14,Championship
Universidad Católica,335,Primera Division
Perth Glory,351,A-League Men
St. Gallen,189,Super League
Real Oviedo,54,La Liga 2
Real Valladolid,54,La Liga 2
Huddersfield Town,14,Championship
DC United,39,Major League Soccer
Sportivo Ameliano,337,Primera División
Grasshopper,189,Super League
APOEL,318,1. Division
Tenerife,54,La Liga 2
Saint Louis City,39,Major League Soccer
Hibernian,50,Premiership
West Bromwich Albion,14,Championship
Karlsruher SC,20,2. Bundesliga
Ross County,50,Premiership
Al Ettifaq,350,Pro League
Houston Dynamo,39,Major League Soccer
Rayo Vallecano,53,La Liga
Westerlo,4,Pro League
Alianza Lima,2020,Primera Division
Zürich,189,Super League
Troyes,17,Ligue 2
Real Salt Lake,39,Major League Soccer
Sporting Gijón,54,La Liga 2
Sint-Truiden,4,Pro League
Genk,4,Pro League
Radomiak Radom,66,Ekstraklasa
Philadelphia Union,39,Major League Soccer
Plymouth Argyle,14,Championship
Botoşani,330,Liga I
César Vallejo,2020,Primera Division
Blackpool,60,League One
Quevilly Rouen,17,Ligue 2
AZ Alkmaar,10,Eredivisie
1860 München,2076,3. Liga
Huesca,54,La Liga 2
Philadelphia Union,39,Major League Soccer
Estrela Amadora,308,Primeira Liga
Sporting Charleroi,4,Pro League
Bari 1908,32,Serie B
Shakhtar Donetsk,332,Premier League
Pendikspor,68,Süper Lig
Hartberg,80,Bundesliga
MSV Duisburg,2076,3. Liga
DC United,39,Major League Soccer
Quevilly Rouen,17,Ligue 2
Rotherham United,14,Championship
AS Eupen,4,Pro League
Barracas Central,353,Liga Profesional de Fútbol
Paderborn,20,2. Bundesliga
Värnamo,56,Allsvenskan
Atlético Tucumán,353,Liga Profesional de Fútbol
Estrela Amadora,308,Primeira Liga
Águilas Doradas,336,Categoría Primera A
Bristol City,14,Championship
Deportivo Táchira,2019,Primera Division
Anderlecht,4,Pro League
Eldense,54,La Liga 2
Dinamo Zagreb,317,Hrvatska nogometna liga
Konyaspor,68,Süper Lig
Austria Klagenfurt,80,Bundesliga
Kaiserslautern,20,2. Bundesliga
Perth Glory,351,A-League Men
Auxerre,17,Ligue 2
Kaiserslautern,20,2. Bundesliga
Levante,54,La Liga 2
Nürnberg,20,2. Bundesliga
Al Shabab,350,Pro League
Colo-Colo,335,Primera Division
Zürich,189,Super League
Barcelona Guayaquil,2018,Liga Pro
St. Johnstone,50,Premiership
LASK Linz,80,Bundesliga
Ankaragücü,68,Süper Lig
PEC Zwolle,10,Eredivisie
The Strongest,2017,División de Fútbol Profesional
Brentford,13,Premier League
Hartberg,80,Bundesliga
Gent,4,Pro League
Al Fateh,350,Pro League
Schalke 04,20,2. Bundesliga
Hearts,50,Premiership
Libertad,337,Primera División
Wolfsberger AC,80,Bundesliga
Rio Ave,308,Primeira Liga
Hatayspor,68,Süper Lig
Rapid Bucuresti,330,Liga I
CF Montréal,39,Major League Soccer
SD Eibar,54,La Liga 2
Samsunspor,68,Süper Lig
Minnesota United,39,Major League Soccer
Hartberg,80,Bundesliga
Pendikspor,68,Süper Lig
Karlsruher SC,20,2. Bundesliga
Hamburger SV,20,2. Bundesliga
Independiente Medellín,336,Categoría Primera A
Deportes Tolima,336,Categoría Primera A
Caen,17,Ligue 2
Perth Glory,351,A-League Men
Como,32,Serie B
Sporting Braga,308,Primeira Liga
Palermo,32,Serie B
Belgrano,353,Liga Profesional de Fútbol
Servette,189,Super League
Defensor Sporting,338,Primera División
Palmaflor del Trópico,2017,División de Fútbol Profesional
Saint Louis City,39,Major League Soccer
Sampdoria,32,Serie B
Millwall,14,Championship
Sarmiento,353,Liga Profesional de Fútbol
Huracán,353,Liga Profesional de Fútbol
Angers SCO,17,Ligue 2
St. Mirren,50,Premiership
NEC,10,Eredivisie
Aston Villa,13,Premier League
Austria Wien,80,Bundesliga
Newell's Old Boys,353,Liga Profesional de Fútbol
Salernitana,31,Serie A
Eintracht Braunschweig,20,2. Bundesliga
Birmingham City,14,Championship
Lecco,32,Serie B
Ingolstadt,2076,3. Liga
Albacete,54,La Liga 2
Derby County,60,League One
Quevilly Rouen,17,Ligue 2
VfL Bochum 1848,19,Bundesliga
Bolton Wanderers,60,League One
Mechelen,4,Pro League
Stal Mielec,66,Ekstraklasa
Monagas,2019,Primera Division
Cittadella,32,Serie B
Ajaccio,17,Ligue 2
Fortuna Sittard,10,Eredivisie
Hartberg,80,Bundesliga
Deportivo Táchira,2019,Primera Division
Levante,54,La Liga 2
Farense,308,Primeira Liga
Águilas Doradas,336,Categoría Primera A
Blackburn Rovers,14,Championship
Hartberg,80,Bundesliga
César Vallejo,2020,Primera Division
Hearts,50,Premiership
Las Palmas,53,La Liga
Rodez,17,Ligue 2
Huddersfield Town,14,Championship
Hamburger SV,20,2. Bundesliga
Rot-Weiss Essen,2076,3. Liga
Watford,14,Championship
Universidad Católica,335,Primera Division
Fortaleza,7,Série A
Swansea City,14,Championship
Śląsk Wrocław,66,Ekstraklasa
Rapid Bucuresti,330,Liga I
Daejeon Citizen,83,K League 1
Hull City,14,Championship
Austin,39,Major League Soccer
Excelsior,10,Eredivisie
Monagas,2019,Primera Division
Ferencváros,64,Nemzeti Bajnokság I
Sampdoria,32,Serie B
Barnsley,60,League One
FeralpiSalò,32,Serie B
Sporting Cristal,2020,Primera Division
AGF,1,Superliga
Academia Puerto Cabello,2019,Primera Division
Hertha BSC,20,2. Bundesliga
FC Augsburg,19,Bundesliga
Audax Italiano,335,Primera Division
Pau,17,Ligue 2
PEC Zwolle,10,Eredivisie
Ulsan,83,K League 1
Rotherham United,14,Championship
Goiás,7,Série A
Al Ettifaq,350,Pro League
Young Boys,189,Super League
Racing Santander,54,La Liga 2
Santa Fe,336,Categoría Primera A
LDU Quito,2018,Liga Pro
Real Oviedo,54,La Liga 2
Cosenza,32,Serie B
Millwall,14,Championship
Pohang Steelers,83,K League 1
Shanghai Port,2012,Super League
Lorient,16,Ligue 1
SpVgg Greuther Fürth,20,2. Bundesliga
Barracas Central,353,Liga Profesional de Fútbol
Darmstadt 98,19,Bundesliga
César Vallejo,2020,Primera Division
Sportivo Ameliano,337,Primera División
Ipswich Town,14,Championship
Pau,17,Ligue 2
Ipswich Town,14,Championship
Midtjylland,1,Superliga
Basel,189,Super League
AGF,1,Superliga
Servette,189,Super League
Brøndby,1,Superliga
East Bengal,2149,Super League
,,
FSV Mainz 05,19,Bundesliga
Fluminense,7,Série A
Huracán,353,Liga Profesional de Fútbol
Barnsley,60,League One
Young Boys,189,Super League
Real Valladolid,54,La Liga 2
Nantes,16,Ligue 1
Universitario,2020,Primera Division
,,
Atlético Tucumán,353,Liga Profesional de Fútbol
Daegu,83,K League 1
San Lorenzo,353,Liga Profesional de Fútbol
Famalicão,308,Primeira Liga
Heidenheim,19,Bundesliga
Swansea City,14,Championship
Nacional,338,Primera División
Birmingham City,14,Championship
East Bengal,2149,Super League
Odisha FC,2149,Super League
Plymouth Argyle,14,Championship
RWDM,4,Pro League
CFR Cluj,330,Liga I
,,
Henan,2012,Super League
Gaziantep F.K.,68,Süper Lig
Midtjylland,1,Superliga
Wycombe Wanderers,60,League One
Sheffield Wednesday,14,Championship
Racing Ferrol,54,La Liga 2
FC Cartagena,54,La Liga 2
Emelec,2018,Liga Pro
Saarbrücken,2076,3. Liga
Sporting Charleroi,4,Pro League
Middlesbrough,14,Championship
Vizela,308,Primeira Liga
Strømsgodset,41,Eliteserien
Osnabrück,20,2. Bundesliga
Benfica,308,Primeira Liga
Benfica,308,Primeira Liga
Bari 1908,32,Serie B
St. Pauli,20,2. Bundesliga
Al Ittihad,350,Pro League
Bastia,17,Ligue 2
Colo-Colo,335,Primera Division
,,
Rizespor,68,Süper Lig
Portimonense,308,Primeira Liga
Sint-Truiden,4,Pro League
Sevilla,53,La Liga
Qingdao Hainiu,2012,Super League
,,
Santa Fe,336,Categoría Primera A
Djurgården,56,Allsvenskan
,,
Santa Fe,336,Categoría Primera A
Hibernian,50,Premiership
,,
Deportivo Pereira,336,Categoría Primera A
Cincinnati,39,Major League Soccer
VfL Bochum 1848,19,Bundesliga
Peterborough United,60,League One
LDU Quito,2018,Liga Pro
Darmstadt 98,19,Bundesliga
Alanyaspor,68,Süper Lig
Magdeburg,20,2. Bundesliga
Petrolul 52,330,Liga I
Deportivo Pereira,336,Categoría Primera A
Deportivo Cuenca,2018,Liga Pro
Union Saint-Gilloise,4,Pro League
Real Oviedo,54,La Liga 2
Petrolul 52,330,Liga I
Burnley,13,Premier League
Rapid Wien,80,Bundesliga
LOSC Lille,16,Ligue 1
Ferencváros,64,Nemzeti Bajnokság I
Unión Santa Fe,353,Liga Profesional de Fútbol
Austria Klagenfurt,80,Bundesliga
Tacuary,337,Primera División
Kayserispor,68,Süper Lig
Winterthur,189,Super League
Unión Santa Fe,353,Liga Profesional de Fútbol
Deportivo Cuenca,2018,Liga Pro
Paderborn,20,2. Bundesliga
Al Riyadh,350,Pro League
Reading,60,League One
RKC Waalwijk,10,Eredivisie
AZ Alkmaar,10,Eredivisie
Las Palmas,53,La Liga
Melbourne City,351,A-League Men
Alanyaspor,68,Süper Lig
Albacete,54,La Liga 2
VfL Bochum 1848,19,Bundesliga
Estrela Amadora,308,Primeira Liga
Erzgebirge Aue,2076,3. Liga
Torino,31,Serie A
Lanús,353,Liga Profesional de Fútbol
Wycombe Wanderers,60,League One
Ferencváros,64,Nemzeti Bajnokság I
SpVgg Greuther Fürth,20,2. Bundesliga
Reading,60,League One
Aucas,2018,Liga Pro
Clermont,16,Ligue 1
Como,32,Serie B
Sarpsborg 08,41,Eliteserien
Catanzaro,32,Serie B
Huddersfield Town,14,Championship
Al Ain,2013,Pro League
Elversberg,20,2. Bundesliga
Atlético Nacional,336,Categoría Primera A
Gaziantep F.K.,68,Süper Lig
Venezia,32,Serie B
Shanghai Shenhua,2012,Super League
Ascoli,32,Serie B
Goa,2149,Super League
SC Heerenveen,10,Eredivisie
Vancouver Whitecaps,39,Major League Soccer
Gangwon,83,K League 1
Bristol City,14,Championship
Elversberg,20,2. Bundesliga
Ankaragücü,68,Süper Lig
Daejeon Citizen,83,K League 1
Newell's Old Boys,353,Liga Profesional de Fútbol
Rapid Bucuresti,330,Liga I
LDU Quito,2018,Liga Pro
Guingamp,17,Ligue 2
Magdeburg,20,2. Bundesliga
Oxford United,60,League One
Sheffield Wednesday,14,Championship
General Caballero JLM,337,Primera División
IFK Göteborg,56,Allsvenskan
Danubio,338,Primera División
Audax Italiano,335,Primera Division
Rapid Bucuresti,330,Liga I
Lecco,32,Serie B
Grenoble Foot 38,17,Ligue 2
Palermo,32,Serie B
Luzern,189,Super League
FC Utrecht,10,Eredivisie
Górnik Zabrze,66,Ekstraklasa
Deportivo Pereira,336,Categoría Primera A
Sheffield Wednesday,14,Championship
Paris,17,Ligue 2
Huesca,54,La Liga 2
FCSB,330,Liga I
Odd,41,Eliteserien
Zagłębie Lubin,66,Ekstraklasa
Djurgården,56,Allsvenskan
Talleres Córdoba,353,Liga Profesional de Fútbol
PEC Zwolle,10,Eredivisie
Huesca,54,La Liga 2
Sunderland,14,Championship
SpVgg Greuther Fürth,20,2. Bundesliga
Bolton Wanderers,60,League One
Olympique Lyonnais,16,Ligue 1
Cittadella,32,Serie B
OH Leuven,4,Pro League
Nürnberg,20,2. Bundesliga
Arsenal de Sarandi,353,Liga Profesional de Fútbol
Molde,41,Eliteserien
Gaziantep F.K.,68,Süper Lig
LDU Quito,2018,Liga Pro
Servette,189,Super League
Pau,17,Ligue 2
Cittadella,32,Serie B
Rennes,16,Ligue 1
Mallorca,53,La Liga
Estudiantes Mérida,2019,Primera Division
SC Freiburg,19,Bundesliga
Antwerp,4,Pro League
Kalmar,56,Allsvenskan
Piast Gliwice,66,Ekstraklasa
St. Gallen,189,Super League
Viborg,1,Superliga
Barracas Central,353,Liga Profesional de Fútbol
Eintracht Braunschweig,20,2. Bundesliga
Warta Poznań,66,Ekstraklasa
Derby County,60,League One
Atlético Nacional,336,Categoría Primera A
Defensa y Justicia,353,Liga Profesional de Fútbol
Lillestrøm,41,Eliteserien
Monaco,16,Ligue 1
Independiente,353,Liga Profesional de Fútbol
RWDM,4,Pro League
OB,1,Superliga
Charlton Athletic,60,League One
Famalicão,308,Primeira Liga
Strømsgodset,41,Eliteserien
Sheffield Wednesday,14,Championship
Bolton Wanderers,60,League One
Cosenza,32,Serie B
VfB Stuttgart,19,Bundesliga
Academia Puerto Cabello,2019,Primera Division
Southampton,14,Championship
LASK Linz,80,Bundesliga
Rosenborg,41,Eliteserien
Sportivo Ameliano,337,Primera División
Huesca,54,La Liga 2
Lanús,353,Liga Profesional de Fútbol
Hertha BSC,20,2. Bundesliga
Frosinone,31,Serie A
Paris,17,Ligue 2
Vitesse,10,Eredivisie
Junior,336,Categoría Primera A
RKC Waalwijk,10,Eredivisie
Patronato,353,Liga Profesional de Fútbol
FC Utrecht,10,Eredivisie
Strasbourg,16,Ligue 1
Sporting Cristal,2020,Primera Division
Heracles Almelo,10,Eredivisie
Olimpia,337,Primera División
Vitória SC,308,Primeira Liga
Stade Lausanne-Ouchy,189,Super League
Arsenal de Sarandi,353,Liga Profesional de Fútbol
Blooming,2017,División de Fútbol Profesional
Vancouver Whitecaps,39,Major League Soccer
Frosinone,31,Serie A
Stoke City,14,Championship
Sporting Gijón,54,La Liga 2
Stoke City,14,Championship
Emelec,2018,Liga Pro
Luzern,189,Super League
Oxford United,60,League One
Lyngby,1,Superliga
Rodez,17,Ligue 2
Ñublense,335,Primera Division
Santos,7,Série A
Elfsborg,56,Allsvenskan
Quevilly Rouen,17,Ligue 2
CSM Politehnica Iași,330,Liga I
,,
Nürnberg,20,2. Bundesliga
Deportivo Binacional,2020,Primera Division
Venezia,32,Serie B
Bodø / Glimt,41,Eliteserien
Frosinone,31,Serie A
Burgos,54,La Liga 2
Melbourne City,351,A-League Men
Barracas Central,353,Liga Profesional de Fútbol
Hajduk Split,317,Hrvatska nogometna liga
Torino,31,Serie A
Mirandés,54,La Liga 2
Guingamp,17,Ligue 2
Saarbrücken,2076,3. Liga
AZ Alkmaar,10,Eredivisie
Almere City,10,Eredivisie
FC Cartagena,54,La Liga 2
Olympique Lyonnais,16,Ligue 1
Blackpool,60,League One
Guingamp,17,Ligue 2
Audax Italiano,335,Primera Division
Belgrano,353,Liga Profesional de Fútbol
Nürnberg,20,2. Bundesliga
Real Salt Lake,39,Major League Soccer
Excelsior,10,Eredivisie
Chelsea,13,Premier League
Al Raed,350,Pro League
Antalyaspor,68,Süper Lig
Shamrock Rovers,65,Premier Division
Sepsi,330,Liga I
Real Valladolid,54,La Liga 2
Clermont,16,Ligue 1
Rotherham United,14,Championship
Häcken,56,Allsvenskan
Tenerife,54,La Liga 2
Deportivo Cuenca,2018,Liga Pro
Zürich,189,Super League
Atlético Madrid,53,La Liga
Melbourne City,351,A-League Men
Universitatea Cluj,330,Liga I
Ankaragücü,68,Süper Lig
AGF,1,Superliga
Cienciano,2020,Primera Division
Portsmouth,60,League One
Holstein Kiel,20,2. Bundesliga
Sassuolo,31,Serie A
Rizespor,68,Süper Lig
Huddersfield Town,14,Championship
Olimpia,337,Primera División
Adelaide United,351,A-League Men
Austria Klagenfurt,80,Bundesliga
Sheffield Wednesday,14,Championship
Deportivo Cuenca,2018,Liga Pro
LASK Linz,80,Bundesliga
Sarmiento,353,Liga Profesional de Fútbol
Eintracht Braunschweig,20,2. Bundesliga
FC Twente,10,Eredivisie
Ascoli,32,Serie B
Cercle Brugge,4,Pro League
Chelsea,13,Premier League
Ajaccio,17,Ligue 2
Sandhausen,2076,3. Liga
Pohang Steelers,83,K League 1
Reggiana,32,Serie B
Pogoń Szczecin,66,Ekstraklasa
Estoril,308,Primeira Liga
Deportes Tolima,336,Categoría Primera A
Alanyaspor,68,Süper Lig
Nürnberg,20,2. Bundesliga
Moreirense,308,Primeira Liga
Quevilly Rouen,17,Ligue 2
Qingdao Hainiu,2012,Super League
Hammarby,56,Allsvenskan
Olimpia,337,Primera División
Grenoble Foot 38,17,Ligue 2
Leganés,54,La Liga 2
Racing Ferrol,54,La Liga 2
Cracovia Kraków,66,Ekstraklasa
Sparta Rotterdam,10,Eredivisie
Schalke 04,20,2. Bundesliga
Saint Louis City,39,Major League Soccer
Kaiserslautern,20,2. Bundesliga
LOSC Lille,16,Ligue 1
Paris,17,Ligue 2
Heidenheim,19,Bundesliga
Luzern,189,Super League
Grenoble Foot 38,17,Ligue 2
Paris,17,Ligue 2
Farense,308,Primeira Liga
Lech Poznań,66,Ekstraklasa
Aucas,2018,Liga Pro
Nürnberg,20,2. Bundesliga
Independiente,353,Liga Profesional de Fútbol
Sparta Praha,319,First League
Aberdeen,50,Premiership
Platense,353,Liga Profesional de Fútbol
Standard Liège,4,Pro League
Hearts,50,Premiership
Cracovia Kraków,66,Ekstraklasa
Olimpia,337,Primera División
Djurgården,56,Allsvenskan
Sint-Truiden,4,Pro League
Verl,2076,3. Liga
Huddersfield Town,14,Championship
Gimnasia La Plata,353,Liga Profesional de Fútbol
Real Oviedo,54,La Liga 2
Goiás,7,Série A
Dallas,39,Major League Soccer
Sarpsborg 08,41,Eliteserien
Borussia Dortmund II,2076,3. Liga
Nantes,16,Ligue 1
Newcastle Jets,351,A-League Men
FC Utrecht,10,Eredivisie
Moreirense,308,Primeira Liga
IFK Göteborg,56,Allsvenskan
Zagłębie Lubin,66,Ekstraklasa
Hansa Rostock,20,2. Bundesliga
Delfin,2018,Liga Pro
Viborg,1,Superliga
Millwall,14,Championship
Preston North End,14,Championship
FC Utrecht,10,Eredivisie
Cracovia Kraków,66,Ekstraklasa
Colorado Rapids,39,Major League Soccer
Holstein Kiel,20,2. Bundesliga
Pogoń Szczecin,66,Ekstraklasa
Leyton Orient,60,League One
Instituto,353,Liga Profesional de Fútbol
Hertha BSC,20,2. Bundesliga
Central Cordoba SdE,353,Liga Profesional de Fútbol
Ingolstadt,2076,3. Liga
Go Ahead Eagles,10,Eredivisie
LA Galaxy,39,Major League Soccer
Athletico Paranaense,7,Série A
Troyes,17,Ligue 2
Shanghai Shenhua,2012,Super League
Barracas Central,353,Liga Profesional de Fútbol
General Caballero JLM,337,Primera División
U Craiova 1948,330,Liga I
Albacete,54,La Liga 2
Barracas Central,353,Liga Profesional de Fútbol
Ankaragücü,68,Süper Lig
PAOK,63,Super League
Laval,17,Ligue 2
Estrela Amadora,308,Primeira Liga
Caen,17,Ligue 2
CFR Cluj,330,Liga I
Wehen Wiesbaden,20,2. Bundesliga
Modena,32,Serie B
Platense,353,Liga Profesional de Fútbol
RWDM,4,Pro League
Leganés,54,La Liga 2
Vålerenga,41,Eliteserien
Magdeburg,20,2. Bundesliga
Eintracht Braunschweig,20,2. Bundesliga
Bordeaux,17,Ligue 2
Kortrijk,4,Pro League
Palermo,32,Serie B
DC United,39,Major League Soccer
Sandhausen,2076,3. Liga
Delfin,2018,Liga Pro
Catanzaro,32,Serie B
Vitesse,10,Eredivisie
Cienciano,2020,Primera Division
Colo-Colo,335,Primera Division
Hermannstadt,330,Liga I
Radomiak Radom,66,Ekstraklasa
Atlético Nacional,336,Categoría Primera A
Albacete,54,La Liga 2
1860 München,2076,3. Liga
Sparta Rotterdam,10,Eredivisie
Laval,17,Ligue 2
Auxerre,17,Ligue 2
Rio Ave,308,Primeira Liga
Kaiserslautern,20,2. Bundesliga
Cosenza,32,Serie B
Fiorentina,31,Serie A
Modena,32,Serie B
Dynamo Dresden,2076,3. Liga
Al Hilal,350,Pro League
CF Montréal,39,Major League Soccer
Defensa y Justicia,353,Liga Profesional de Fútbol
Aucas,2018,Liga Pro
Sporting Cristal,2020,Primera Division
FeralpiSalò,32,Serie B
Alcorcón,54,La Liga 2
Amiens SC,17,Ligue 2
,,
Mechelen,4,Pro League
Austria Wien,80,Bundesliga
Central Cordoba SdE,353,Liga Profesional de Fútbol
AS Eupen,4,Pro League
Northampton Town,60,League One
Cienciano,2020,Primera Division
Águilas Doradas,336,Categoría Primera A
Suwon,83,K League 1
Reggiana,32,Serie B
Lech Poznań,66,Ekstraklasa
Deportes Tolima,336,Categoría Primera A
RKC Waalwijk,10,Eredivisie
Kaiserslautern,20,2. Bundesliga
Rapid Bucuresti,330,Liga I
RWDM,4,Pro League
Sint-Truiden,4,Pro League
Charlotte,39,Major League Soccer
Warta Poznań,66,Ekstraklasa
Hajduk Split,317,Hrvatska nogometna liga
Rosenborg,41,Eliteserien
Universitatea Craiova,330,Liga I
Amiens SC,17,Ligue 2
Werder Bremen,19,Bundesliga
Al Ittihad,350,Pro League
Palmaflor del Trópico,2017,División de Fútbol Profesional
Farense,308,Primeira Liga
Al Riyadh,350,Pro League
Deportivo Binacional,2020,Primera Division
Suwon,83,K League 1
Pisa,32,Serie B
FC Köln,19,Bundesliga
Dynamo Kyiv,332,Premier League
Servette,189,Super League
Monagas,2019,Primera Division
Auxerre,17,Ligue 2
Kaiserslautern,20,2. Bundesliga
Karlsruher SC,20,2. Bundesliga
Dynamo Dresden,2076,3. Liga
Lillestrøm,41,Eliteserien
Heracles Almelo,10,Eredivisie
Cardiff City,14,Championship
Vélez Sarsfield,353,Liga Profesional de Fútbol
Cienciano,2020,Primera Division
1860 München,2076,3. Liga
Ingolstadt,2076,3. Liga
St Patrick's,65,Premier Division
Western Sydney Wanderers,351,A-League Men
SSC Farul,330,Liga I
Rheindorf Altach,80,Bundesliga
Alanyaspor,68,Süper Lig
LA Galaxy,39,Major League Soccer
Cobresal,335,Primera Division
Nürnberg,20,2. Bundesliga
Estoril,308,Primeira Liga
Sportivo Ameliano,337,Primera División
Zürich,189,Super League
Sportivo Ameliano,337,Primera División
Westerlo,4,Pro League
Halmstad,56,Allsvenskan
Caracas,2019,Primera Division
Paderborn,20,2. Bundesliga
Racing Santander,54,La Liga 2
Basel,189,Super League
Al Tai,350,Pro League
Radomiak Radom,66,Ekstraklasa
Rosenborg,41,Eliteserien
Sheffield Wednesday,14,Championship
Auxerre,17,Ligue 2
Kortrijk,4,Pro League
Kortrijk,4,Pro League
Villarreal II,54,La Liga 2
Universitario,2020,Primera Division
Western United,351,A-League Men
Grenoble Foot 38,17,Ligue 2
Hull City,14,Championship
Monza,31,Serie A
Shakhtar Donetsk,332,Premier League
Eintracht Braunschweig,20,2. Bundesliga
Bolton Wanderers,60,League One
Metropolitanos,2019,Primera Division
Lugano,189,Super League
Independiente,353,Liga Profesional de Fútbol
Damac,350,Pro League
IFK Göteborg,56,Allsvenskan
Sandhausen,2076,3. Liga
Fluminense,7,Série A
Waldhof Mannheim,2076,3. Liga
Danubio,338,Primera División
Danubio,338,Primera División
Salernitana,31,Serie A
Patronato,353,Liga Profesional de Fútbol
Jeonbuk Motors,83,K League 1
Randers,1,Superliga
,,
River Plate,338,Primera División
General Caballero JLM,337,Primera División
Dynamo Dresden,2076,3. Liga
Sampdoria,32,Serie B
Shandong Taishan,2012,Super League
Universitatea Cluj,330,Liga I
Lecco,32,Serie B
Universitatea Craiova,330,Liga I
Viborg,1,Superliga
Sporting Gijón,54,La Liga 2
Estoril,308,Primeira Liga
St. Gallen,189,Super League
Clermont,16,Ligue 1
Lausanne Sport,189,Super League
Notts County,61,League Two
CFR Cluj,330,Liga I
Alanyaspor,68,Süper Lig
Hallescher FC,2076,3. Liga
Excelsior,10,Eredivisie
Jahn Regensburg,2076,3. Liga
Quevilly Rouen,17,Ligue 2
Eintracht Braunschweig,20,2. Bundesliga
TSG Hoffenheim,19,Bundesliga
Kortrijk,4,Pro League
Standard Liège,4,Pro League
Ñublense,335,Primera Division
Moreirense,308,Primeira Liga
Deportivo Táchira,2019,Primera Division
Blackpool,60,League One
Barracas Central,353,Liga Profesional de Fútbol
OB,1,Superliga
Wolfsberger AC,80,Bundesliga
AZ Alkmaar,10,Eredivisie
Corinthians,7,Série A
Wrexham,61,League Two
Austria Wien,80,Bundesliga
Empoli,31,Serie A
Hearts,50,Premiership
Eintracht Braunschweig,20,2. Bundesliga
Defensor Sporting,338,Primera División
Nürnberg,20,2. Bundesliga
Famalicão,308,Primeira Liga
Colo-Colo,335,Primera Division
Leicester City,14,Championship
Alianza Lima,2020,Primera Division
PEC Zwolle,10,Eredivisie
Modena,32,Serie B
Real Valladolid,54,La Liga 2
Saint-Étienne,17,Ligue 2
Moreirense,308,Primeira Liga
Charlton Athletic,60,League One
Hansa Rostock,20,2. Bundesliga
América Mineiro,7,Série A
Hartberg,80,Bundesliga
Pogoń Szczecin,66,Ekstraklasa
Grenoble Foot 38,17,Ligue 2
Palestino,335,Primera Division
Häcken,56,Allsvenskan
Reggiana,32,Serie B
Fortuna Sittard,10,Eredivisie
Dinamo Zagreb,317,Hrvatska nogometna liga
Preußen Münster,2076,3. Liga
Dunkerque,17,Ligue 2
Minnesota United,39,Major League Soccer
Ajax,10,Eredivisie
Sampdoria,32,Serie B
Columbus Crew,39,Major League Soccer
Colo-Colo,335,Primera Division
Ipswich Town,14,Championship
Dinamo Bucureşti,330,Liga I
Alanyaspor,68,Süper Lig
Derby County,60,League One
PSV,10,Eredivisie
PSV,10,Eredivisie
FC Andorra,54,La Liga 2
Vizela,308,Primeira Liga
Real Sociedad,53,La Liga
Almere City,10,Eredivisie
Sporting Cristal,2020,Primera Division
Empoli,31,Serie A
Portsmouth,60,League One
Petrolul 52,330,Liga I
,,
Vancouver Whitecaps,39,Major League Soccer
Austin,39,Major League Soccer
Universitario,2020,Primera Division
Danubio,338,Primera División
HJK,322,Veikkausliiga
Beşiktaş,68,Süper Lig
Coventry City,14,Championship
Vancouver Whitecaps,39,Major League Soccer
Instituto,353,Liga Profesional de Fútbol
Nürnberg,20,2. Bundesliga
Melgar,2020,Primera Division
Henan,2012,Super League
Barnsley,60,League One
Bolívar,2017,División de Fútbol Profesional
Huesca,54,La Liga 2
Laval,17,Ligue 2
Salernitana,31,Serie A
Huesca,54,La Liga 2
Mirandés,54,La Liga 2
Sepsi,330,Liga I
Hartberg,80,Bundesliga
Winterthur,189,Super League
Portsmouth,60,League One
Chaves,308,Primeira Liga
Raków Częstochowa,66,Ekstraklasa
Hansa Rostock,20,2. Bundesliga
Rosenborg,41,Eliteserien
København,1,Superliga
Al Wahda,350,Pro League
Sepsi,330,Liga I
PAOK,63,Super League
FCSB,330,Liga I
Norwich City,14,Championship
Albacete,54,La Liga 2
Aberdeen,50,Premiership
Sampdoria,32,Serie B
Holstein Kiel,20,2. Bundesliga
Frosinone,31,Serie A
Seattle Sounders,39,Major League Soccer
Mirandés,54,La Liga 2
River Plate,338,Primera División
Real Zaragoza,54,La Liga 2
Dynamo Dresden,2076,3. Liga
Ferencváros,64,Nemzeti Bajnokság I
Farense,308,Primeira Liga
Plymouth Argyle,14,Championship
Bristol City,14,Championship
St. Gallen,189,Super League
Sint-Truiden,4,Pro League
Aston Villa,13,Premier League
Ajaccio,17,Ligue 2
Plymouth Argyle,14,Championship
Portland Timbers,39,Major League Soccer
Middlesbrough,14,Championship
Ipswich Town,14,Championship
Sarmiento,353,Liga Profesional de Fútbol
Sheffield Wednesday,14,Championship
Napoli,31,Serie A
Bari 1908,32,Serie B
Sepsi,330,Liga I
Albacete,54,La Liga 2
Eldense,54,La Liga 2
General Caballero JLM,337,Primera División
Amorebieta,54,La Liga 2
Troyes,17,Ligue 2
Wolfsberger AC,80,Bundesliga
Osnabrück,20,2. Bundesliga
Guaraní,337,Primera División
Palermo,32,Serie B
Austria Wien,80,Bundesliga
Pau,17,Ligue 2
Sheffield Wednesday,14,Championship
Blooming,2017,División de Fútbol Profesional
Zagłębie Lubin,66,Ekstraklasa
Reggiana,32,Serie B
River Plate,338,Primera División
Troyes,17,Ligue 2
Dinamo Bucureşti,330,Liga I
Paderborn,20,2. Bundesliga
Dinamo Zagreb,317,Hrvatska nogometna liga
Luzern,189,Super League
Gangwon,83,K League 1
Bari 1908,32,Serie B
Rizespor,68,Süper Lig
Universitatea Craiova,330,Liga I
Sarmiento,353,Liga Profesional de Fútbol
Ingolstadt,2076,3. Liga
Godoy Cruz,353,Liga Profesional de Fútbol
Beijing Guoan,2012,Super League
Tigre,353,Liga Profesional de Fútbol
Legia Warszawa,66,Ekstraklasa
Elche,54,La Liga 2
River Plate,353,Liga Profesional de Fútbol
Albacete,54,La Liga 2
Chaves,308,Primeira Liga
Danubio,338,Primera División
Grenoble Foot 38,17,Ligue 2
Śląsk Wrocław,66,Ekstraklasa
Hull City,14,Championship
Ulsan,83,K League 1
FC Volendam,10,Eredivisie
Gimnasia La Plata,353,Liga Profesional de Fútbol
Fatih Karagümrük,68,Süper Lig
,,
Como,32,Serie B
Sheffield Wednesday,14,Championship
Millwall,14,Championship
Kayserispor,68,Süper Lig
Sunderland,14,Championship
Pisa,32,Serie B
Stal Mielec,66,Ekstraklasa
Sepsi,330,Liga I
Eldense,54,La Liga 2
Universidad Católica,335,Primera Division
Yverdon Sport,189,Super League
Hansa Rostock,20,2. Bundesliga
Barnsley,60,League One
FCSB,330,Liga I
Unión Santa Fe,353,Liga Profesional de Fútbol
Las Palmas,53,La Liga
Melgar,2020,Primera Division
Banfield,353,Liga Profesional de Fútbol
Independiente del Valle,2018,Liga Pro
Hull City,14,Championship
Elversberg,20,2. Bundesliga
Nordsjælland,1,Superliga
Nürnberg,20,2. Bundesliga
Valencia,53,La Liga
Valencia,53,La Liga
Wigan Athletic,60,League One
Mumbai City,2149,Super League
Bordeaux,17,Ligue 2
Dynamo Dresden,2076,3. Liga
Lyngby,1,Superliga
Jeonbuk Motors,83,K League 1
Celtic,50,Premiership
Pisa,32,Serie B
Valenciennes,17,Ligue 2
Cremonese,32,Serie B
IFK Göteborg,56,Allsvenskan
Melbourne Victory,351,A-League Men
Rosario Central,353,Liga Profesional de Fútbol
Borussia Dortmund,19,Bundesliga
Albacete,54,La Liga 2
Al Nassr,350,Pro League
Gimnasia La Plata,353,Liga Profesional de Fútbol
Pendikspor,68,Süper Lig
Swansea City,14,Championship
Viktoria Köln,2076,3. Liga
Sevilla,53,La Liga
Atlanta United,39,Major League Soccer
SC Heerenveen,10,Eredivisie
Standard Liège,4,Pro League
Jahn Regensburg,2076,3. Liga
Venezia,32,Serie B
Servette,189,Super League
Danubio,338,Primera División
Central Cordoba SdE,353,Liga Profesional de Fútbol
Salzburg,80,Bundesliga
FeralpiSalò,32,Serie B
Stoke City,14,Championship
Yverdon Sport,189,Super League
Salzburg,80,Bundesliga
Brann,41,Eliteserien
SC Heerenveen,10,Eredivisie
Excelsior,10,Eredivisie
Lecce,31,Serie A
Odd,41,Eliteserien
Gaziantep F.K.,68,Süper Lig
Clermont,16,Ligue 1
Estudiantes Mérida,2019,Primera Division
Almere City,10,Eredivisie
Ajaccio,17,Ligue 2
Internacional,7,Série A
Club Brugge,4,Pro League
Al Ain,2013,Pro League
Toulouse,16,Ligue 1
Aucas,2018,Liga Pro
Al Ettifaq,350,Pro League
Sint-Truiden,4,Pro League
Dynamo Dresden,2076,3. Liga
Goiás,7,Série A
Arouca,308,Primeira Liga
Troyes,17,Ligue 2
AS Eupen,4,Pro League
PEC Zwolle,10,Eredivisie
Austria Lustenau,80,Bundesliga
Radomiak Radom,66,Ekstraklasa
Gaziantep F.K.,68,Süper Lig
Guaraní,337,Primera División
Academia Puerto Cabello,2019,Primera Division
Central Cordoba SdE,353,Liga Profesional de Fútbol
Rapid Wien,80,Bundesliga
VfL Bochum 1848,19,Bundesliga
Kaiserslautern,20,2. Bundesliga
St. Gallen,189,Super League
Jagiellonia Białystok,66,Ekstraklasa
Salzburg,80,Bundesliga
Lorient,16,Ligue 1
Universidad Católica,335,Primera Division
Shandong Taishan,2012,Super League
Guingamp,17,Ligue 2
Palmaflor del Trópico,2017,División de Fútbol Profesional
Oriente Petrolero,2017,División de Fútbol Profesional
Albacete,54,La Liga 2
Grasshopper,189,Super League
Holstein Kiel,20,2. Bundesliga
Blackpool,60,League One
Macarthur,351,A-League Men
Aston Villa,13,Premier League
Estudiantes,353,Liga Profesional de Fútbol
Valencia,53,La Liga
Konyaspor,68,Süper Lig
Universitatea Craiova,330,Liga I
Hartberg,80,Bundesliga
Lech Poznań,66,Ekstraklasa
Zürich,189,Super League
Malmö FF,56,Allsvenskan
Atlanta United,39,Major League Soccer
Corinthians,7,Série A
Sunderland,14,Championship
Pisa,32,Serie B
Rotherham United,14,Championship
Annecy,17,Ligue 2
Widzew Łódź,66,Ekstraklasa
Cincinnati,39,Major League Soccer
Rotherham United,14,Championship
Hatayspor,68,Süper Lig
Blackpool,60,League One
Universitario,2020,Primera Division
Unión Santa Fe,353,Liga Profesional de Fútbol
Swansea City,14,Championship
Legia Warszawa,66,Ekstraklasa
Instituto,353,Liga Profesional de Fútbol
Cercle Brugge,4,Pro League
América Mineiro,7,Série A
Shanghai Port,2012,Super League
Estrela Amadora,308,Primeira Liga
Grenoble Foot 38,17,Ligue 2
Hibernian,50,Premiership
SSC Farul,330,Liga I
Tianjin Jinmen Tiger,2012,Super League
Paris,17,Ligue 2
St. Pauli,20,2. Bundesliga
Lincoln City,60,League One
Pogoń Szczecin,66,Ekstraklasa
Sarpsborg 08,41,Eliteserien
İstanbul Başakşehir,68,Süper Lig
Excelsior,10,Eredivisie
Portsmouth,60,League One
Portsmouth,60,League One
Troyes,17,Ligue 2
Shakhtar Donetsk,332,Premier League
Queens Park Rangers,14,Championship
Racing Santander,54,La Liga 2
Brescia,32,Serie B
Konyaspor,68,Süper Lig
Huracán,353,Liga Profesional de Fútbol
Atlanta United,39,Major League Soccer
Leganés,54,La Liga 2
Plymouth Argyle,14,Championship
Peñarol,338,Primera División
,,
Gillingham,61,League Two
Liverpool,338,Primera División
St. Pauli,20,2. Bundesliga
Mechelen,4,Pro League
Magallanes,335,Primera Division
Ascoli,32,Serie B
Randers,1,Superliga
AIK,56,Allsvenskan
Bastia,17,Ligue 2
Toronto,39,Major League Soccer
Casa Pia,308,Primeira Liga
Deportivo Táchira,2019,Primera Division
Jeju United,83,K League 1
Djurgården,56,Allsvenskan
Bari 1908,32,Serie B
Bari 1908,32,Serie B
PEC Zwolle,10,Eredivisie
Sportivo Ameliano,337,Primera División
Independiente del Valle,2018,Liga Pro
Caracas,2019,Primera Division
Valencia,53,La Liga
Legia Warszawa,66,Ekstraklasa
Molde,41,Eliteserien
Zagłębie Lubin,66,Ekstraklasa
Independiente Medellín,336,Categoría Primera A
Voluntari,330,Liga I
Melgar,2020,Primera Division
Olimpia,337,Primera División
Deportivo Cuenca,2018,Liga Pro
Elfsborg,56,Allsvenskan
FC Köln,19,Bundesliga
Kaiserslautern,20,2. Bundesliga
Karlsruher SC,20,2. Bundesliga
Racing Ferrol,54,La Liga 2
SSC Farul,330,Liga I
Watford,14,Championship
Wuhan Three Towns,2012,Super League
Middlesbrough,14,Championship
Mansfield Town,61,League Two
Saarbrücken,2076,3. Liga
Basel,189,Super League
Hermannstadt,330,Liga I
Bordeaux,17,Ligue 2
FC Cartagena,54,La Liga 2
PEC Zwolle,10,Eredivisie
Burton Albion,60,League One
Bodø / Glimt,41,Eliteserien
Blackpool,60,League One
Racing Ferrol,54,La Liga 2
Plymouth Argyle,14,Championship
Vejle,1,Superliga
Wellington Phoenix,351,A-League Men
Melbourne Victory,351,A-League Men
Shakhtar Donetsk,332,Premier League
Empoli,31,Serie A
Heracles Almelo,10,Eredivisie
Annecy,17,Ligue 2
Vitesse,10,Eredivisie
Colorado Rapids,39,Major League Soccer
Sint-Truiden,4,Pro League
Hermannstadt,330,Liga I
Alcorcón,54,La Liga 2
LASK Linz,80,Bundesliga
Brescia,32,Serie B
Pau,17,Ligue 2
Cittadella,32,Serie B
Voluntari,330,Liga I
Danubio,338,Primera División
Portland Timbers,39,Major League Soccer
Pendikspor,68,Süper Lig
Brøndby,1,Superliga
Olympique de Marseille,16,Ligue 1
Guabirá,2017,División de Fútbol Profesional
Salernitana,31,Serie A
Parma,32,Serie B
Casa Pia,308,Primeira Liga
Kasımpaşa,68,Süper Lig
Lausanne Sport,189,Super League
Raków Częstochowa,66,Ekstraklasa
Cobresal,335,Primera Division
São Paulo,7,Série A
Deportivo Cuenca,2018,Liga Pro
Arouca,308,Primeira Liga
Zhejiang,2012,Super League
Guabirá,2017,División de Fútbol Profesional
AIK,56,Allsvenskan
Austria Lustenau,80,Bundesliga
Osnabrück,20,2. Bundesliga
Blackpool,60,League One
Molde,41,Eliteserien
Mirandés,54,La Liga 2
Basel,189,Super League
Westerlo,4,Pro League
København,1,Superliga
Pisa,32,Serie B
Fulham,13,Premier League
Häcken,56,Allsvenskan
Midtjylland,1,Superliga
Chaves,308,Primeira Liga
FC Barcelona,53,La Liga
Lecco,32,Serie B
Hatayspor,68,Süper Lig
Hammarby,56,Allsvenskan
Basel,189,Super League
Vitesse,10,Eredivisie
Sporting Charleroi,4,Pro League
Academia Puerto Cabello,2019,Primera Division
Young Boys,189,Super League
Sportivo Ameliano,337,Primera División
Estrela Amadora,308,Primeira Liga
Molde,41,Eliteserien
Hatayspor,68,Süper Lig
Laval,17,Ligue 2
Blackburn Rovers,14,Championship
The Strongest,2017,División de Fútbol Profesional
FC Twente,10,Eredivisie
Ankaragücü,68,Süper Lig
East Bengal,2149,Super League
,,
Rotherham United,14,Championship
Vitória SC,308,Primeira Liga
Saint Louis City,39,Major League Soccer
Estrela Amadora,308,Primeira Liga
Vizela,308,Primeira Liga
Arouca,308,Primeira Liga
Banfield,353,Liga Profesional de Fútbol
Bastia,17,Ligue 2
Danubio,338,Primera División
Academia Puerto Cabello,2019,Primera Division
Kasımpaşa,68,Süper Lig
Brann,41,Eliteserien
Caen,17,Ligue 2
St. Pauli,20,2. Bundesliga
Rizespor,68,Süper Lig
Osnabrück,20,2. Bundesliga
Schalke 04,20,2. Bundesliga
FCSB,330,Liga I
Sparta Rotterdam,10,Eredivisie
Cincinnati,39,Major League Soccer
Zagłębie Lubin,66,Ekstraklasa
César Vallejo,2020,Primera Division
Casa Pia,308,Primeira Liga
Brescia,32,Serie B
Meizhou Hakka,2012,Super League
Paderborn,20,2. Bundesliga
Sampdoria,32,Serie B
Delfin,2018,Liga Pro
Lecco,32,Serie B
Racing Ferrol,54,La Liga 2
Stade de Reims,16,Ligue 1
Stoke City,14,Championship
New England,39,Major League Soccer
Universitatea Craiova,330,Liga I
CFR Cluj,330,Liga I
Palestino,335,Primera Division
Nacional,338,Primera División
César Vallejo,2020,Primera Division
Eintracht Braunschweig,20,2. Bundesliga
RWDM,4,Pro League
LASK Linz,80,Bundesliga
Lausanne Sport,189,Super League
Real Oviedo,54,La Liga 2
Spezia,32,Serie B
Real Zaragoza,54,La Liga 2
Metz,16,Ligue 1
Gimnasia La Plata,353,Liga Profesional de Fútbol
DC United,39,Major League Soccer
Ajaccio,17,Ligue 2
Villarreal II,54,La Liga 2
Holstein Kiel,20,2. Bundesliga
Lech Poznań,66,Ekstraklasa
Hallescher FC,2076,3. Liga
Guingamp,17,Ligue 2
Antwerp,4,Pro League
Lech Poznań,66,Ekstraklasa
Seoul,83,K League 1
Defensa y Justicia,353,Liga Profesional de Fútbol
Cittadella,32,Serie B
Sepsi,330,Liga I
Elversberg,20,2. Bundesliga
Rizespor,68,Süper Lig
Guingamp,17,Ligue 2
Montpellier,16,Ligue 1
Nürnberg,20,2. Bundesliga
St. Gallen,189,Super League
Real Salt Lake,39,Major League Soccer
Anderlecht,4,Pro League
Midtjylland,1,Superliga
Águilas Doradas,336,Categoría Primera A
Guingamp,17,Ligue 2
Genk,4,Pro League
Sandhausen,2076,3. Liga
Nantes,16,Ligue 1
Deportivo Táchira,2019,Primera Division
Luzern,189,Super League
Rapid Wien,80,Bundesliga
Nordsjælland,1,Superliga
Rotherham United,14,Championship
Bodø / Glimt,41,Eliteserien
Brescia,32,Serie B
SpVgg Greuther Fürth,20,2. Bundesliga
Corinthians,7,Série A
Górnik Zabrze,66,Ekstraklasa
Shakhtar Donetsk,332,Premier League
CFR Cluj,330,Liga I
Wolfsberger AC,80,Bundesliga
Paris,17,Ligue 2
Universitatea Cluj,330,Liga I
Tianjin Jinmen Tiger,2012,Super League
Academia Puerto Cabello,2019,Primera Division
Independiente del Valle,2018,Liga Pro
U Craiova 1948,330,Liga I
Independiente,353,Liga Profesional de Fútbol
FC Volendam,10,Eredivisie
Brescia,32,Serie B
Sparta Rotterdam,10,Eredivisie
Henan,2012,Super League
Osnabrück,20,2. Bundesliga
Vitesse,10,Eredivisie
Real Salt Lake,39,Major League Soccer
Cosenza,32,Serie B
Beşiktaş,68,Süper Lig
Metz,16,Ligue 1
Yverdon Sport,189,Super League
CF Montréal,39,Major League Soccer
Bordeaux,17,Ligue 2
Pisa,32,Serie B
Burgos,54,La Liga 2
Lugano,189,Super League
LA Galaxy,39,Major League Soccer
Deportivo Cuenca,2018,Liga Pro
Eintracht Braunschweig,20,2. Bundesliga
Blackburn Rovers,14,Championship
Famalicão,308,Primeira Liga
Colo-Colo,335,Primera Division
U Craiova 1948,330,Liga I
Lausanne Sport,189,Super League
Südtirol,32,Serie B
Brøndby,1,Superliga
Sporting Charleroi,4,Pro League
Cobresal,335,Primera Division
Blackpool,60,League One
Rosenborg,41,Eliteserien
Odd,41,Eliteserien
RKC Waalwijk,10,Eredivisie
Rotherham United,14,Championship
Catanzaro,32,Serie B
DSC Arminia Bielefeld,2076,3. Liga
Farense,308,Primeira Liga
Mumbai City,2149,Super League
FC Twente,10,Eredivisie
Annecy,17,Ligue 2
SC Heerenveen,10,Eredivisie
Seattle Sounders,39,Major League Soccer
Chelsea,13,Premier League
Catanzaro,32,Serie B
Vizela,308,Primeira Liga
Grenoble Foot 38,17,Ligue 2
Instituto,353,Liga Profesional de Fútbol
Bengaluru,2149,Super League
Audax Italiano,335,Primera Division
Derby County,60,League One
Venezia,32,Serie B
Nashville SC,39,Major League Soccer
Sivasspor,68,Süper Lig
Hansa Rostock,20,2. Bundesliga
SpVgg Greuther Fürth,20,2. Bundesliga
Academia Puerto Cabello,2019,Primera Division
Bari 1908,32,Serie B
Inter Miami,39,Major League Soccer
Sydney FC,351,A-League Men
Sarpsborg 08,41,Eliteserien
Rotherham United,14,Championship
LASK Linz,80,Bundesliga
Palermo,32,Serie B
Charlton Athletic,60,League One
Deportivo Táchira,2019,Primera Division
Hannover 96,20,2. Bundesliga
Central Cordoba SdE,353,Liga Profesional de Fútbol
Grasshopper,189,Super League
Laval,17,Ligue 2
Banfield,353,Liga Profesional de Fútbol
Radomiak Radom,66,Ekstraklasa
Independiente,353,Liga Profesional de Fútbol
Reggiana,32,Serie B
Melbourne City,351,A-League Men
Hearts,50,Premiership
Molde,41,Eliteserien
Schalke 04,20,2. Bundesliga
Lorient,16,Ligue 1
Palermo,32,Serie B
Incheon United,83,K League 1
Basel,189,Super League
Sunderland,14,Championship
Holstein Kiel,20,2. Bundesliga
Tenerife,54,La Liga 2
Lyngby,1,Superliga
Deportes Tolima,336,Categoría Primera A
St. Johnstone,50,Premiership
Universitatea Cluj,330,Liga I
Al Hilal,350,Pro League
Deportivo Pereira,336,Categoría Primera A
Viborg,1,Superliga
Dallas,39,Major League Soccer
LDU Quito,2018,Liga Pro
Academia Puerto Cabello,2019,Primera Division
Spezia,32,Serie B
Valenciennes,17,Ligue 2
,,
Randers,1,Superliga
Cardiff City,14,Championship
Al Nassr,350,Pro League
Beijing Guoan,2012,Super League
Ajaccio,17,Ligue 2
Millonarios,336,Categoría Primera A
Nürnberg,20,2. Bundesliga
Sheffield United,13,Premier League
Al Hazem,350,Pro League
Stoke City,14,Championship
Atlanta United,39,Major League Soccer
Patronato,353,Liga Profesional de Fútbol
Bordeaux,17,Ligue 2
Vejle,1,Superliga
Concarneau,17,Ligue 2
Metropolitanos,2019,Primera Division
Melgar,2020,Primera Division
Olimpia,337,Primera División
Almere City,10,Eredivisie
Levante,54,La Liga 2
Värnamo,56,Allsvenskan
Qingdao Hainiu,2012,Super League
Fortuna Sittard,10,Eredivisie
Chicago Fire,39,Major League Soccer
Austria Klagenfurt,80,Bundesliga
Tigre,353,Liga Profesional de Fútbol
Samsunspor,68,Süper Lig
Excelsior,10,Eredivisie
Malmö FF,56,Allsvenskan
Quevilly Rouen,17,Ligue 2
Academia Puerto Cabello,2019,Primera Division
FeralpiSalò,32,Serie B
Spezia,32,Serie B
Sporting Charleroi,4,Pro League
Águilas Doradas,336,Categoría Primera A
Djurgården,56,Allsvenskan
MSV Duisburg,2076,3. Liga
Birmingham City,14,Championship
Peterborough United,60,League One
Paris,17,Ligue 2
Goa,2149,Super League
ATK Mohun Bagan,2149,Super League
Catanzaro,32,Serie B
Patronato,353,Liga Profesional de Fútbol
Portimonense,308,Primeira Liga
Cracovia Kraków,66,Ekstraklasa
Salzburg,80,Bundesliga
Fortuna Sittard,10,Eredivisie
Piast Gliwice,66,Ekstraklasa
Go Ahead Eagles,10,Eredivisie
Hansa Rostock,20,2. Bundesliga
Luton Town,13,Premier League
Go Ahead Eagles,10,Eredivisie
Mirandés,54,La Liga 2
Sporting Gijón,54,La Liga 2
Rio Ave,308,Primeira Liga
Perth Glory,351,A-League Men
Sydney FC,351,A-League Men
Paris,17,Ligue 2
Wigan Athletic,60,League One
Central Cordoba SdE,353,Liga Profesional de Fútbol
Lugano,189,Super League
Stoke City,14,Championship
Boavista,308,Primeira Liga
Shamrock Rovers,65,Premier Division
Raków Częstochowa,66,Ekstraklasa
Elversberg,20,2. Bundesliga
Kortrijk,4,Pro League
Peñarol,338,Primera División
AIK,56,Allsvenskan
Young Boys,189,Super League
Melbourne City,351,A-League Men
Frosinone,31,Serie A
Winterthur,189,Super League
Hansa Rostock,20,2. Bundesliga
Eldense,54,La Liga 2
Guingamp,17,Ligue 2
Barcelona Guayaquil,2018,Liga Pro
Vitória SC,308,Primeira Liga
Junior,336,Categoría Primera A
Randers,1,Superliga
Sunderland,14,Championship
Grenoble Foot 38,17,Ligue 2
Hellas Verona,31,Serie A
Randers,1,Superliga
Palermo,32,Serie B
Rheindorf Altach,80,Bundesliga
LASK Linz,80,Bundesliga
Gwangju,83,K League 1
Cardiff City,14,Championship
Universitatea Cluj,330,Liga I
Racing Ferrol,54,La Liga 2
Exeter City,60,League One
Viborg,1,Superliga
Osnabrück,20,2. Bundesliga
Celtic,50,Premiership
Rotherham United,14,Championship
Botafogo,7,Série A
Sparta Rotterdam,10,Eredivisie
Wellington Phoenix,351,A-League Men
St. Johnstone,50,Premiership
Palmaflor del Trópico,2017,División de Fútbol Profesional
Pau,17,Ligue 2
Vizela,308,Primeira Liga
Westerlo,4,Pro League
RKC Waalwijk,10,Eredivisie
San Lorenzo,353,Liga Profesional de Fútbol
Austria Wien,80,Bundesliga
Cracovia Kraków,66,Ekstraklasa
Amiens SC,17,Ligue 2
Mirandés,54,La Liga 2
Pau,17,Ligue 2
St. Johnstone,50,Premiership
Radomiak Radom,66,Ekstraklasa
Huesca,54,La Liga 2
Lugano,189,Super League
Alcorcón,54,La Liga 2
WSG Tirol,80,Bundesliga
Lazio,31,Serie A
Levante,54,La Liga 2
Widzew Łódź,66,Ekstraklasa
Nürnberg,20,2. Bundesliga
Heracles Almelo,10,Eredivisie
Stal Mielec,66,Ekstraklasa
Vizela,308,Primeira Liga
Sparta Rotterdam,10,Eredivisie
Farense,308,Primeira Liga
Defensor Sporting,338,Primera División
New England,39,Major League Soccer
Radomiak Radom,66,Ekstraklasa
Amorebieta,54,La Liga 2
Chaves,308,Primeira Liga
Górnik Zabrze,66,Ekstraklasa
Vålerenga,41,Eliteserien
Sandhausen,2076,3. Liga
Dynamo Dresden,2076,3. Liga
Sportivo Ameliano,337,Primera División
DC United,39,Major League Soccer
Widzew Łódź,66,Ekstraklasa
Viborg,1,Superliga
Amorebieta,54,La Liga 2
Cosenza,32,Serie B
Bolton Wanderers,60,League One
Real Oviedo,54,La Liga 2
Le Havre,16,Ligue 1
Lincoln City,60,League One
CFR Cluj,330,Liga I
Silkeborg,1,Superliga
Guingamp,17,Ligue 2
Magdeburg,20,2. Bundesliga
Dunkerque,17,Ligue 2
Sandhausen,2076,3. Liga
FCSB,330,Liga I
Westerlo,4,Pro League
Śląsk Wrocław,66,Ekstraklasa
Barracas Central,353,Liga Profesional de Fútbol
SSC Farul,330,Liga I
LA Galaxy,39,Major League Soccer
Quevilly Rouen,17,Ligue 2
Belgrano,353,Liga Profesional de Fútbol
Atlético Nacional,336,Categoría Primera A
Barracas Central,353,Liga Profesional de Fútbol
Cracovia Kraków,66,Ekstraklasa
Hansa Rostock,20,2. Bundesliga
Farense,308,Primeira Liga
Sporting Kansas City,39,Major League Soccer
Gent,4,Pro League
Portland Timbers,39,Major League Soccer
Incheon United,83,K League 1
San Jose Earthquakes,39,Major League Soccer
Go Ahead Eagles,10,Eredivisie
Huddersfield Town,14,Championship
Radomiak Radom,66,Ekstraklasa
Adelaide United,351,A-League Men
Brentford,13,Premier League
Metropolitanos,2019,Primera Division
Jagiellonia Białystok,66,Ekstraklasa
Ruch Chorzów,66,Ekstraklasa
Wycombe Wanderers,60,League One
Górnik Zabrze,66,Ekstraklasa
Jagiellonia Białystok,66,Ekstraklasa
Jeju United,83,K League 1
Tromsø,41,Eliteserien
Alianza Lima,2020,Primera Division
Saarbrücken,2076,3. Liga
Samsunspor,68,Süper Lig
Heidenheim,19,Bundesliga
Burgos,54,La Liga 2
Deportivo Binacional,2020,Primera Division
Ascoli,32,Serie B
St. Mirren,50,Premiership
Djurgården,56,Allsvenskan
Huesca,54,La Liga 2
Patronato,353,Liga Profesional de Fútbol
Cheltenham Town,60,League One
Pogoń Szczecin,66,Ekstraklasa
U Craiova 1948,330,Liga I
Swansea City,14,Championship
Portsmouth,60,League One
Lausanne Sport,189,Super League
Sint-Truiden,4,Pro League
Universidad Católica,335,Primera Division
Palermo,32,Serie B
FC Köln,19,Bundesliga
Kortrijk,4,Pro League
Aucas,2018,Liga Pro
Newell's Old Boys,353,Liga Profesional de Fútbol
Bastia,17,Ligue 2
Austria Klagenfurt,80,Bundesliga
Gil Vicente,308,Primeira Liga
Odisha FC,2149,Super League
Deportivo Binacional,2020,Primera Division
Amorebieta,54,La Liga 2
Brann,41,Eliteserien
Sunderland,14,Championship
Deportes Tolima,336,Categoría Primera A
Ajax,10,Eredivisie
Derby County,60,League One
Cobresal,335,Primera Division
Western United,351,A-League Men
Burgos,54,La Liga 2
Cardiff City,14,Championship
CSM Politehnica Iași,330,Liga I
Widzew Łódź,66,Ekstraklasa
Kayserispor,68,Süper Lig
Servette,189,Super League
FeralpiSalò,32,Serie B
Seoul,83,K League 1
Hatayspor,68,Süper Lig
Botoşani,330,Liga I
Deportivo Binacional,2020,Primera Division
Gimnasia La Plata,353,Liga Profesional de Fútbol
Cincinnati,39,Major League Soccer
HamKam,41,Eliteserien
CFR Cluj,330,Liga I
St Patrick's,65,Premier Division
Albacete,54,La Liga 2
Toronto,39,Major League Soccer
Levante,54,La Liga 2
FeralpiSalò,32,Serie B
Barnsley,60,League One
Laval,17,Ligue 2
Antalyaspor,68,Süper Lig
Eintracht Braunschweig,20,2. Bundesliga
Universitatea Craiova,330,Liga I
Rheindorf Altach,80,Bundesliga
César Vallejo,2020,Primera Division
Oriente Petrolero,2017,División de Fútbol Profesional
Westerlo,4,Pro League
Cittadella,32,Serie B
Cincinnati,39,Major League Soccer
Radomiak Radom,66,Ekstraklasa
Korona Kielce,66,Ekstraklasa
Fortuna Düsseldorf,20,2. Bundesliga
Eintracht Braunschweig,20,2. Bundesliga
Westerlo,4,Pro League
Derby County,60,League One
,,
Sandhausen,2076,3. Liga
Amiens SC,17,Ligue 2
Magdeburg,20,2. Bundesliga
Winterthur,189,Super League
Rodez,17,Ligue 2
Brøndby,1,Superliga
Internacional,7,Série A
Barnsley,60,League One
Grenoble Foot 38,17,Ligue 2
FC Andorra,54,La Liga 2
Hartberg,80,Bundesliga
SSC Farul,330,Liga I
Heracles Almelo,10,Eredivisie
Rosario Central,353,Liga Profesional de Fútbol
Ascoli,32,Serie B
Danubio,338,Primera División
Shakhtar Donetsk,332,Premier League
Estudiantes,353,Liga Profesional de Fútbol
Deportivo Táchira,2019,Primera Division
Changchun Yatai,2012,Super League
Auxerre,17,Ligue 2
UTA Arad,330,Liga I
Brighton & Hove Albion,13,Premier League
Rangers,50,Premiership
Rodez,17,Ligue 2
FSV Mainz 05,19,Bundesliga
Zagłębie Lubin,66,Ekstraklasa
Unterhaching,2076,3. Liga
Dinamo Bucureşti,330,Liga I
Daegu,83,K League 1
Pogoń Szczecin,66,Ekstraklasa
FC Union Berlin,19,Bundesliga
AIK,56,Allsvenskan
RKC Waalwijk,10,Eredivisie
Palermo,32,Serie B
NorthEast United,2149,Super League
Basel,189,Super League
Cerro Porteño,337,Primera División
Rapid Wien,80,Bundesliga
Botoşani,330,Liga I
Saarbrücken,2076,3. Liga
Luzern,189,Super League
Annecy,17,Ligue 2
Junior,336,Categoría Primera A
Al Riyadh,350,Pro League
Saint-Étienne,17,Ligue 2
Paris,17,Ligue 2
Estudiantes,353,Liga Profesional de Fútbol
Racing Ferrol,54,La Liga 2
Northampton Town,60,League One
Viktoria Köln,2076,3. Liga
Amiens SC,17,Ligue 2
Hartberg,80,Bundesliga
CF Montréal,39,Major League Soccer
Instituto,353,Liga Profesional de Fútbol
Patronato,353,Liga Profesional de Fútbol
Seoul,83,K League 1
Mechelen,4,Pro League
Cerro Porteño,337,Primera División
Nantong Zhiyun,2012,Super League
Portland Timbers,39,Major League Soccer
Südtirol,32,Serie B
Western Sydney Wanderers,351,A-League Men
Talleres Córdoba,353,Liga Profesional de Fútbol
Shakhtar Donetsk,332,Premier League
Meizhou Hakka,2012,Super League
Rapid Wien,80,Bundesliga
Tianjin Jinmen Tiger,2012,Super League
AS Eupen,4,Pro League
Vitesse,10,Eredivisie
Platense,353,Liga Profesional de Fútbol
Raków Częstochowa,66,Ekstraklasa
Libertad,337,Primera División
Audax Italiano,335,Primera Division
Newcastle Jets,351,A-League Men
Ñublense,335,Primera Division
FC Andorra,54,La Liga 2
FC Cartagena,54,La Liga 2
Brøndby,1,Superliga
Dynamo Dresden,2076,3. Liga
Aucas,2018,Liga Pro
New York RB,39,Major League Soccer
NEC,10,Eredivisie
Elversberg,20,2. Bundesliga
Almere City,10,Eredivisie
Columbus Crew,39,Major League Soccer
Cittadella,32,Serie B
Pendikspor,68,Süper Lig
Lecco,32,Serie B
Silkeborg,1,Superliga
Portimonense,308,Primeira Liga
Sporting Cristal,2020,Primera Division
Luzern,189,Super League
APOEL,318,1. Division
Goiás,7,Série A
Danubio,338,Primera División
Universitatea Craiova,330,Liga I
Valenciennes,17,Ligue 2
RWDM,4,Pro League
Universitatea Cluj,330,Liga I
Erzgebirge Aue,2076,3. Liga
Brescia,32,Serie B
Deportivo Binacional,2020,Primera Division
Racing Santander,54,La Liga 2
Defensa y Justicia,353,Liga Profesional de Fútbol
Shrewsbury Town,60,League One
Bordeaux,17,Ligue 2
Valenciennes,17,Ligue 2
Saarbrücken,2076,3. Liga
Daejeon Citizen,83,K League 1
Club Brugge,4,Pro League
Stabæk,41,Eliteserien
Rio Ave,308,Primeira Liga
APOEL,318,1. Division
Racing Santander,54,La Liga 2
,,
Grasshopper,189,Super League
Independiente del Valle,2018,Liga Pro
Eintracht Braunschweig,20,2. Bundesliga
Rio Ave,308,Primeira Liga
Cittadella,32,Serie B
Sheffield Wednesday,14,Championship
Hibernian,50,Premiership
Górnik Zabrze,66,Ekstraklasa
Dynamo Dresden,2076,3. Liga
Arsenal de Sarandi,353,Liga Profesional de Fútbol
Atlético Tucumán,353,Liga Profesional de Fútbol
Ruch Chorzów,66,Ekstraklasa
Piast Gliwice,66,Ekstraklasa
Tigre,353,Liga Profesional de Fútbol
Delfin,2018,Liga Pro
Ferencváros,64,Nemzeti Bajnokság I
Huracán,353,Liga Profesional de Fútbol
Oriente Petrolero,2017,División de Fútbol Profesional
CF Montréal,39,Major League Soccer
Orlando City,39,Major League Soccer
Colorado Rapids,39,Major League Soccer
Legia Warszawa,66,Ekstraklasa
Deportes Tolima,336,Categoría Primera A
Salford City,61,League Two
FCSB,330,Liga I
Barracas Central,353,Liga Profesional de Fútbol
Legia Warszawa,66,Ekstraklasa
Śląsk Wrocław,66,Ekstraklasa
Racing Santander,54,La Liga 2
Alanyaspor,68,Süper Lig
Viking,41,Eliteserien
Laval,17,Ligue 2
Stoke City,14,Championship
New York RB,39,Major League Soccer
Crystal Palace,13,Premier League
Fortuna Sittard,10,Eredivisie
Valenciennes,17,Ligue 2
LDU Quito,2018,Liga Pro
Servette,189,Super League
Derby County,60,League One
Wuhan Three Towns,2012,Super League
Lausanne Sport,189,Super League
Anderlecht,4,Pro League
América Mineiro,7,Série A
Lecco,32,Serie B
Alanyaspor,68,Süper Lig
Excelsior,10,Eredivisie
Academia Puerto Cabello,2019,Primera Division
Magdeburg,20,2. Bundesliga
Fatih Karagümrük,68,Süper Lig
East Bengal,2149,Super League
Sivasspor,68,Süper Lig
Grasshopper,189,Super League
Universitatea Cluj,330,Liga I
FC Volendam,10,Eredivisie
Holstein Kiel,20,2. Bundesliga
Südtirol,32,Serie B
Yverdon Sport,189,Super League
Hermannstadt,330,Liga I
Grenoble Foot 38,17,Ligue 2
Real Oviedo,54,La Liga 2
Hansa Rostock,20,2. Bundesliga
Barcelona Guayaquil,2018,Liga Pro
Palmaflor del Trópico,2017,División de Fútbol Profesional
Saarbrücken,2076,3. Liga
Colón,353,Liga Profesional de Fútbol
Goa,2149,Super League
OH Leuven,4,Pro League
Ajax,10,Eredivisie
AZ Alkmaar,10,Eredivisie
Caracas,2019,Primera Division
RWDM,4,Pro League
Waldhof Mannheim,2076,3. Liga
Ajax,10,Eredivisie
Górnik Zabrze,66,Ekstraklasa
FeralpiSalò,32,Serie B
Monaco,16,Ligue 1
Silkeborg,1,Superliga
Colorado Rapids,39,Major League Soccer
Viktoria Köln,2076,3. Liga
Wellington Phoenix,351,A-League Men
Quevilly Rouen,17,Ligue 2
Beşiktaş,68,Süper Lig
Independiente Medellín,336,Categoría Primera A
Sportivo Ameliano,337,Primera División
América Mineiro,7,Série A
Celtic,50,Premiership
César Vallejo,2020,Primera Division
Standard Liège,4,Pro League
Pendikspor,68,Süper Lig
Guaraní,337,Primera División
Gil Vicente,308,Primeira Liga
Birmingham City,14,Championship
Ferencváros,64,Nemzeti Bajnokság I
Lech Poznań,66,Ekstraklasa
Śląsk Wrocław,66,Ekstraklasa
Rodez,17,Ligue 2
Bolton Wanderers,60,League One
Gaziantep F.K.,68,Süper Lig
Cercle Brugge,4,Pro League
Elversberg,20,2. Bundesliga
Lillestrøm,41,Eliteserien
Sepsi,330,Liga I
Raków Częstochowa,66,Ekstraklasa
Vejle,1,Superliga
Torino,31,Serie A
Palestino,335,Primera Division
Metropolitanos,2019,Primera Division
Banfield,353,Liga Profesional de Fútbol
Coventry City,14,Championship
Gaziantep F.K.,68,Süper Lig
Metropolitanos,2019,Primera Division
Hallescher FC,2076,3. Liga
Portland Timbers,39,Major League Soccer
Dynamo Dresden,2076,3. Liga
Platense,353,Liga Profesional de Fútbol
Rotherham United,14,Championship
Libertad,337,Primera División
Sheffield United,13,Premier League
Arsenal de Sarandi,353,Liga Profesional de Fútbol
Cosenza,32,Serie B
Antwerp,4,Pro League
Cracovia Kraków,66,Ekstraklasa
Olimpia,337,Primera División
Nordsjælland,1,Superliga
Sampdoria,32,Serie B
Ajax,10,Eredivisie
Lincoln City,60,League One
1860 München,2076,3. Liga
Śląsk Wrocław,66,Ekstraklasa
Wolfsberger AC,80,Bundesliga
San Lorenzo,353,Liga Profesional de Fútbol
FC Andorra,54,La Liga 2
Aberdeen,50,Premiership
Derry City,65,Premier Division
Guingamp,17,Ligue 2
Auxerre,17,Ligue 2
Huracán,353,Liga Profesional de Fútbol
Paderborn,20,2. Bundesliga
OB,1,Superliga
Fortuna Düsseldorf,20,2. Bundesliga
Ingolstadt,2076,3. Liga
Casa Pia,308,Primeira Liga
Aucas,2018,Liga Pro
Burton Albion,60,League One
Universitatea Craiova,330,Liga I
Konyaspor,68,Süper Lig
NEC,10,Eredivisie
Huesca,54,La Liga 2
Emelec,2018,Liga Pro
Reggiana,32,Serie B
Hansa Rostock,20,2. Bundesliga
Amorebieta,54,La Liga 2
RWDM,4,Pro League
FeralpiSalò,32,Serie B
Shrewsbury Town,60,League One
Academia Puerto Cabello,2019,Primera Division
Sheffield Wednesday,14,Championship
Burgos,54,La Liga 2
Al Ain,2013,Pro League
Aucas,2018,Liga Pro
Cracovia Kraków,66,Ekstraklasa
Rheindorf Altach,80,Bundesliga
Cremonese,32,Serie B
Mirandés,54,La Liga 2
Guingamp,17,Ligue 2
Elversberg,20,2. Bundesliga
Pogoń Szczecin,66,Ekstraklasa
Lillestrøm,41,Eliteserien
Sarmiento,353,Liga Profesional de Fútbol
OH Leuven,4,Pro League
Jagiellonia Białystok,66,Ekstraklasa
Kaiserslautern,20,2. Bundesliga
Saint Louis City,39,Major League Soccer
Tigre,353,Liga Profesional de Fútbol
U Craiova 1948,330,Liga I
FC Volendam,10,Eredivisie
Brommapojkarna,56,Allsvenskan
Charlotte,39,Major League Soccer
Vitesse,10,Eredivisie
Leganés,54,La Liga 2
Venezia,32,Serie B
1860 München,2076,3. Liga
Sporting Gijón,54,La Liga 2
Daejeon Citizen,83,K League 1
FC Andorra,54,La Liga 2
Bolívar,2017,División de Fútbol Profesional
Raków Częstochowa,66,Ekstraklasa
Sepsi,330,Liga I
Stade Brestois 29,16,Ligue 1
Villarreal II,54,La Liga 2
Ulsan,83,K League 1
Chengdu Rongcheng,2012,Super League
Hatayspor,68,Süper Lig
Racing Santander,54,La Liga 2
Rheindorf Altach,80,Bundesliga
Shakhtar Donetsk,332,Premier League
Al Ettifaq,350,Pro League
Atlético Nacional,336,Categoría Primera A
ŁKS Łódź,66,Ekstraklasa
Ñublense,335,Primera Division
Vålerenga,41,Eliteserien
Grasshopper,189,Super League
Blackburn Rovers,14,Championship
Lecco,32,Serie B
Rotherham United,14,Championship
Universitatea Craiova,330,Liga I
Vancouver Whitecaps,39,Major League Soccer
Daejeon Citizen,83,K League 1
Alcorcón,54,La Liga 2
Viborg,1,Superliga
Legia Warszawa,66,Ekstraklasa
Cosenza,32,Serie B
Wycombe Wanderers,60,League One
Club Brugge,4,Pro League
OB,1,Superliga
Rapid Bucuresti,330,Liga I
Legia Warszawa,66,Ekstraklasa
Melbourne City,351,A-League Men
Concarneau,17,Ligue 2
Wolfsberger AC,80,Bundesliga
Wigan Athletic,60,League One
Hammarby,56,Allsvenskan
Colo-Colo,335,Primera Division
Rapid Wien,80,Bundesliga
Heracles Almelo,10,Eredivisie
Fiorentina,31,Serie A
Cracovia Kraków,66,Ekstraklasa
The Strongest,2017,División de Fútbol Profesional
Atlanta United,39,Major League Soccer
Oxford United,60,League One
SC Freiburg,19,Bundesliga
Midtjylland,1,Superliga
Nantong Zhiyun,2012,Super League
Waldhof Mannheim,2076,3. Liga
Sporting Cristal,2020,Primera Division
Heracles Almelo,10,Eredivisie
Alianza Lima,2020,Primera Division
Rotherham United,14,Championship
FC Andorra,54,La Liga 2
Defensa y Justicia,353,Liga Profesional de Fútbol
St. Mirren,50,Premiership
Dinamo Bucureşti,330,Liga I
Brann,41,Eliteserien
Saint-Étienne,17,Ligue 2
Almere City,10,Eredivisie
Concarneau,17,Ligue 2
Osnabrück,20,2. Bundesliga
Blooming,2017,División de Fútbol Profesional
Portsmouth,60,League One
Tenerife,54,La Liga 2
Kaiserslautern,20,2. Bundesliga
Banfield,353,Liga Profesional de Fútbol
Águilas Doradas,336,Categoría Primera A
Eldense,54,La Liga 2
Voluntari,330,Liga I
Gimnasia La Plata,353,Liga Profesional de Fútbol
Wolfsberger AC,80,Bundesliga
Hibernian,50,Premiership
Sunderland,14,Championship
Derby County,60,League One
OH Leuven,4,Pro League
Aucas,2018,Liga Pro
Reggiana,32,Serie B
SpVgg Greuther Fürth,20,2. Bundesliga
Real Salt Lake,39,Major League Soccer
Stevenage,60,League One
Dynamo Kyiv,332,Premier League
CF Montréal,39,Major League Soccer
Sheffield Wednesday,14,Championship
Malmö FF,56,Allsvenskan
Newell's Old Boys,353,Liga Profesional de Fútbol
Viking,41,Eliteserien
Leganés,54,La Liga 2
Chicago Fire,39,Major League Soccer
AS Eupen,4,Pro League
Viktoria Köln,2076,3. Liga
Osnabrück,20,2. Bundesliga
OB,1,Superliga
Hatayspor,68,Süper Lig
Bolton Wanderers,60,League One
Elversberg,20,2. Bundesliga
Huracán,353,Liga Profesional de Fútbol
Wehen Wiesbaden,20,2. Bundesliga
SSC Farul,330,Liga I
Unterhaching,2076,3. Liga
Blackburn Rovers,14,Championship
Sporting Braga,308,Primeira Liga
Al Hazem,350,Pro League
Chicago Fire,39,Major League Soccer
Austria Klagenfurt,80,Bundesliga
Unterhaching,2076,3. Liga
Estrela Amadora,308,Primeira Liga
Zagłębie Lubin,66,Ekstraklasa
Blackpool,60,League One
Annecy,17,Ligue 2
Cercle Brugge,4,Pro League
Pau,17,Ligue 2
Fortuna Sittard,10,Eredivisie
Anderlecht,4,Pro League
FC Twente,10,Eredivisie
Modena,32,Serie B
Fluminense,7,Série A
Almere City,10,Eredivisie
Cercle Brugge,4,Pro League
Farense,308,Primeira Liga
Schalke 04,20,2. Bundesliga
Delfin,2018,Liga Pro
Dinamo Zagreb,317,Hrvatska nogometna liga
Kortrijk,4,Pro League
Philadelphia Union,39,Major League Soccer
Austin,39,Major League Soccer
FC Andorra,54,La Liga 2
St. Gallen,189,Super League
Real Valladolid,54,La Liga 2
FC Köln,19,Bundesliga
Tromsø,41,Eliteserien
Rizespor,68,Süper Lig
Pisa,32,Serie B
Piast Gliwice,66,Ekstraklasa
Sturm Graz,80,Bundesliga
Kayserispor,68,Süper Lig
Cittadella,32,Serie B
Randers,1,Superliga
Vejle,1,Superliga
Caracas,2019,Primera Division
Rennes,16,Ligue 1
Dinamo Bucureşti,330,Liga I
OH Leuven,4,Pro League
Sporting Charleroi,4,Pro League
Como,32,Serie B
Derby County,60,League One
Hammarby,56,Allsvenskan
Tenerife,54,La Liga 2
Ingolstadt,2076,3. Liga
Ulm,2076,3. Liga
Piast Gliwice,66,Ekstraklasa
Granada,53,La Liga
Guingamp,17,Ligue 2
Austria Lustenau,80,Bundesliga
Brøndby,1,Superliga
Damac,350,Pro League
Casa Pia,308,Primeira Liga
U Craiova 1948,330,Liga I
Hermannstadt,330,Liga I
Atlanta United,39,Major League Soccer
Modena,32,Serie B
Osnabrück,20,2. Bundesliga
Swansea City,14,Championship
Seattle Sounders,39,Major League Soccer
Lecco,32,Serie B
Tromsø,41,Eliteserien
Casa Pia,308,Primeira Liga
Peterborough United,60,League One
Grenoble Foot 38,17,Ligue 2
Boavista,308,Primeira Liga
Angers SCO,17,Ligue 2
Universitario,2020,Primera Division
AZ Alkmaar,10,Eredivisie
Kaiserslautern,20,2. Bundesliga
Guingamp,17,Ligue 2
Kortrijk,4,Pro League
Incheon United,83,K League 1
Ñublense,335,Primera Division
Sunderland,14,Championship
Patronato,353,Liga Profesional de Fútbol
Banfield,353,Liga Profesional de Fútbol
OB,1,Superliga
Oxford United,60,League One
Botoşani,330,Liga I
Sheffield Wednesday,14,Championship
Como,32,Serie B
Jeonbuk Motors,83,K League 1
Viborg,1,Superliga
Wrexham,61,League Two
Waldhof Mannheim,2076,3. Liga
Lausanne Sport,189,Super League
Deportivo Táchira,2019,Primera Division
Ulm,2076,3. Liga
Villarreal II,54,La Liga 2
FC Andorra,54,La Liga 2
Oriente Petrolero,2017,División de Fútbol Profesional
Audax Italiano,335,Primera Division
FC Cartagena,54,La Liga 2
Racing Ferrol,54,La Liga 2
Dinamo Zagreb,317,Hrvatska nogometna liga
Al Ettifaq,350,Pro League
Gillingham,61,League Two
Universitatea Craiova,330,Liga I
Hamburger SV,20,2. Bundesliga
Moreirense,308,Primeira Liga
FC Volendam,10,Eredivisie
Blackpool,60,League One
Dinamo Bucureşti,330,Liga I
Unión Santa Fe,353,Liga Profesional de Fútbol
Grenoble Foot 38,17,Ligue 2
Newcastle United,13,Premier League
Hannover 96,20,2. Bundesliga
Guaraní,337,Primera División
FC Cartagena,54,La Liga 2
Fluminense,7,Série A
Laval,17,Ligue 2
Wrexham,61,League Two
Elversberg,20,2. Bundesliga
Guingamp,17,Ligue 2
Hatayspor,68,Süper Lig
Henan,2012,Super League
Valencia,53,La Liga
Amorebieta,54,La Liga 2
Academia Puerto Cabello,2019,Primera Division
Sivasspor,68,Süper Lig
Burton Albion,60,League One
Śląsk Wrocław,66,Ekstraklasa
Notts County,61,League Two
Paderborn,20,2. Bundesliga
Hammarby,56,Allsvenskan
Lyngby,1,Superliga
Vitesse,10,Eredivisie
Amorebieta,54,La Liga 2
Oxford United,60,League One
Barnsley,60,League One
Modena,32,Serie B
Western United,351,A-League Men
Rapid Bucuresti,330,Liga I
Columbus Crew,39,Major League Soccer
Nantong Zhiyun,2012,Super League
Goa,2149,Super League
Go Ahead Eagles,10,Eredivisie
Fortuna Düsseldorf,20,2. Bundesliga
VfL Bochum 1848,19,Bundesliga
Portland Timbers,39,Major League Soccer
Rosenborg,41,Eliteserien
Silkeborg,1,Superliga
Pau,17,Ligue 2
Huddersfield Town,14,Championship
FC Cartagena,54,La Liga 2
Sporting Charleroi,4,Pro League
DSC Arminia Bielefeld,2076,3. Liga
Arouca,308,Primeira Liga
Gil Vicente,308,Primeira Liga
Galatasaray,68,Süper Lig
Antalyaspor,68,Süper Lig
Rot-Weiss Essen,2076,3. Liga
Famalicão,308,Primeira Liga
Estudiantes Mérida,2019,Primera Division
Atlanta United,39,Major League Soccer
Platense,353,Liga Profesional de Fútbol
Heidenheim,19,Bundesliga
Barracas Central,353,Liga Profesional de Fútbol
Portsmouth,60,League One
Gil Vicente,308,Primeira Liga
Hibernian,50,Premiership
Antalyaspor,68,Süper Lig
Portland Timbers,39,Major League Soccer
Stade Lausanne-Ouchy,189,Super League
Arouca,308,Primeira Liga
Melbourne Victory,351,A-League Men
WSG Tirol,80,Bundesliga
WSG Tirol,80,Bundesliga
Amiens SC,17,Ligue 2
Defensor Sporting,338,Primera División
Deportivo Alavés,53,La Liga
Colorado Rapids,39,Major League Soccer
Sarmiento,353,Liga Profesional de Fútbol
Charlotte,39,Major League Soccer
Stal Mielec,66,Ekstraklasa
Kortrijk,4,Pro League
Racing Santander,54,La Liga 2
Leganés,54,La Liga 2
Wehen Wiesbaden,20,2. Bundesliga
Eintracht Frankfurt,19,Bundesliga
Belgrano,353,Liga Profesional de Fútbol
Hansa Rostock,20,2. Bundesliga
Südtirol,32,Serie B
Columbus Crew,39,Major League Soccer
Śląsk Wrocław,66,Ekstraklasa
Concarneau,17,Ligue 2
Shrewsbury Town,60,League One
Racing Ferrol,54,La Liga 2
Rheindorf Altach,80,Bundesliga
Birmingham City,14,Championship
Houston Dynamo,39,Major League Soccer
Jagiellonia Białystok,66,Ekstraklasa
Rangers,50,Premiership
Bristol City,14,Championship
Sint-Truiden,4,Pro League
Fortuna Sittard,10,Eredivisie
Goa,2149,Super League
Petrolul 52,330,Liga I
Manchester City,13,Premier League
Hearts,50,Premiership
Frosinone,31,Serie A
Bristol Rovers,60,League One
Sivasspor,68,Süper Lig
Universitatea Cluj,330,Liga I
Hannover 96,20,2. Bundesliga
Arouca,308,Primeira Liga
FC Andorra,54,La Liga 2
Al Shabab,350,Pro League
Magdeburg,20,2. Bundesliga
Amorebieta,54,La Liga 2
Warta Poznań,66,Ekstraklasa
Club Brugge,4,Pro League
Sparta Praha,319,First League
Magdeburg,20,2. Bundesliga
Sporting Cristal,2020,Primera Division
Cittadella,32,Serie B
Viborg,1,Superliga
Randers,1,Superliga
FeralpiSalò,32,Serie B
Birmingham City,14,Championship
New York City,39,Major League Soccer
Petrolul 52,330,Liga I
FC Andorra,54,La Liga 2
Nice,16,Ligue 1
,,
Bristol Rovers,60,League One
Górnik Zabrze,66,Ekstraklasa
Independiente,353,Liga Profesional de Fútbol
Villarreal II,54,La Liga 2
Blooming,2017,División de Fútbol Profesional
Academia Puerto Cabello,2019,Primera Division
Sampdoria,32,Serie B
Preußen Münster,2076,3. Liga
Estoril,308,Primeira Liga
Motherwell,50,Premiership
CF Montréal,39,Major League Soccer
Kayserispor,68,Süper Lig
Palmaflor del Trópico,2017,División de Fútbol Profesional
Gaziantep F.K.,68,Süper Lig
Luzern,189,Super League
Boavista,308,Primeira Liga
,,
Cremonese,32,Serie B
Osnabrück,20,2. Bundesliga
Basel,189,Super League
Troyes,17,Ligue 2
Korona Kielce,66,Ekstraklasa
Malmö FF,56,Allsvenskan
Granada,53,La Liga
Rio Ave,308,Primeira Liga
Shanghai Port,2012,Super League
Saarbrücken,2076,3. Liga
Sparta Rotterdam,10,Eredivisie
West Bromwich Albion,14,Championship
Aalesund,41,Eliteserien
CF Montréal,39,Major League Soccer
Atlético Madrid,53,La Liga
Brescia,32,Serie B
Reading,60,League One
Ascoli,32,Serie B
Notts County,61,League Two
Bolton Wanderers,60,League One
Minnesota United,39,Major League Soccer
Aberdeen,50,Premiership
Unterhaching,2076,3. Liga
Darmstadt 98,19,Bundesliga
Pau,17,Ligue 2
Vitesse,10,Eredivisie
AZ Alkmaar,10,Eredivisie
Randers,1,Superliga
Winterthur,189,Super League
OH Leuven,4,Pro League
Verl,2076,3. Liga
Stevenage,60,League One
Standard Liège,4,Pro League
Osnabrück,20,2. Bundesliga
Häcken,56,Allsvenskan
Wigan Athletic,60,League One
Salzburg,80,Bundesliga
Westerlo,4,Pro League
Platense,353,Liga Profesional de Fútbol
Defensor Sporting,338,Primera División
Rapid Wien,80,Bundesliga
ŁKS Łódź,66,Ekstraklasa
Portimonense,308,Primeira Liga
Lincoln City,60,League One
Rosenborg,41,Eliteserien
Bordeaux,17,Ligue 2
Estoril,308,Primeira Liga
WSG Tirol,80,Bundesliga
Estrela Amadora,308,Primeira Liga
Portimonense,308,Primeira Liga
Kayserispor,68,Süper Lig
Voluntari,330,Liga I
New England,39,Major League Soccer
Stabæk,41,Eliteserien
Wrexham,61,League Two
Ipswich Town,14,Championship
Notts County,61,League Two
Kalmar,56,Allsvenskan
Universitatea Cluj,330,Liga I
Excelsior,10,Eredivisie
Hallescher FC,2076,3. Liga
Bayer 04 Leverkusen,19,Bundesliga
Nordsjælland,1,Superliga
Viking,41,Eliteserien
Palestino,335,Primera Division
Erzgebirge Aue,2076,3. Liga
Portsmouth,60,League One
1860 München,2076,3. Liga
Kerala Blasters,2149,Super League
Nacional,338,Primera División
Viborg,1,Superliga
Warta Poznań,66,Ekstraklasa
Reggiana,32,Serie B
Beijing Guoan,2012,Super League
Como,32,Serie B
Yverdon Sport,189,Super League
FeralpiSalò,32,Serie B
Alianza Lima,2020,Primera Division
Shrewsbury Town,60,League One
Queens Park Rangers,14,Championship
Racing Ferrol,54,La Liga 2
Cremonese,32,Serie B
Juventus,31,Serie A
Al Taawon,350,Pro League
Sporting Gijón,54,La Liga 2
MSV Duisburg,2076,3. Liga
Real Sociedad,53,La Liga
Delfin,2018,Liga Pro
Hammarby,56,Allsvenskan
Sheffield Wednesday,14,Championship
New England,39,Major League Soccer
LDU Quito,2018,Liga Pro
Guaraní,337,Primera División
Piast Gliwice,66,Ekstraklasa
César Vallejo,2020,Primera Division
Portsmouth,60,League One
Colo-Colo,335,Primera Division
SD Eibar,54,La Liga 2
Defensor Sporting,338,Primera División
Saint Louis City,39,Major League Soccer
Al Ahli Jeddah,350,Pro League
Genk,4,Pro League
Cercle Brugge,4,Pro League
Melbourne City,351,A-League Men
Vitesse,10,Eredivisie
Blackpool,60,League One
AS Eupen,4,Pro League
Stevenage,60,League One
Magdeburg,20,2. Bundesliga
St. Johnstone,50,Premiership
FC Volendam,10,Eredivisie
Farense,308,Primeira Liga
Sandefjord,41,Eliteserien
Huracán,353,Liga Profesional de Fútbol
Shakhtar Donetsk,332,Premier League
Birmingham City,14,Championship
Millwall,14,Championship
FC Volendam,10,Eredivisie
Bastia,17,Ligue 2
Liverpool,338,Primera División
Kasımpaşa,68,Süper Lig
Radomiak Radom,66,Ekstraklasa
Viking,41,Eliteserien
Northampton Town,60,League One
Estudiantes Mérida,2019,Primera Division
Lugano,189,Super League
Shelbourne,65,Premier Division
Instituto,353,Liga Profesional de Fútbol
Rodez,17,Ligue 2
Górnik Zabrze,66,Ekstraklasa
Stade Lausanne-Ouchy,189,Super League
Rodez,17,Ligue 2
Espanyol,54,La Liga 2
Raków Częstochowa,66,Ekstraklasa
Nashville SC,39,Major League Soccer
Randers,1,Superliga
Sporting Gijón,54,La Liga 2
Ankaragücü,68,Süper Lig
Newcastle Jets,351,A-League Men
Ingolstadt,2076,3. Liga
Radomiak Radom,66,Ekstraklasa
Rodez,17,Ligue 2
Metropolitanos,2019,Primera Division
Academia Puerto Cabello,2019,Primera Division
Preston North End,14,Championship
Al Ittihad,350,Pro League
RWDM,4,Pro League
Wellington Phoenix,351,A-League Men
Ternana,32,Serie B
RWDM,4,Pro League
Hibernian,50,Premiership
Ajaccio,17,Ligue 2
Huddersfield Town,14,Championship
Silkeborg,1,Superliga
Bristol City,14,Championship
AS Eupen,4,Pro League
Südtirol,32,Serie B
Spezia,32,Serie B
Almere City,10,Eredivisie
Heracles Almelo,10,Eredivisie
Sheffield Wednesday,14,Championship
Südtirol,32,Serie B
Grasshopper,189,Super League
Charlotte,39,Major League Soccer
Winterthur,189,Super League
Melgar,2020,Primera Division
Southampton,14,Championship
PEC Zwolle,10,Eredivisie
PAOK,63,Super League
Melgar,2020,Primera Division
Aston Villa,13,Premier League
Osnabrück,20,2. Bundesliga
Silkeborg,1,Superliga
Vitória SC,308,Primeira Liga
Viking,41,Eliteserien
Guabirá,2017,División de Fútbol Profesional
Preston North End,14,Championship
Nashville SC,39,Major League Soccer
Melbourne City,351,A-League Men
Häcken,56,Allsvenskan
PSV,10,Eredivisie
Eintracht Frankfurt,19,Bundesliga
Konyaspor,68,Süper Lig
Borussia Dortmund,19,Bundesliga
Rheindorf Altach,80,Bundesliga
Elfsborg,56,Allsvenskan
Dalian Professional,2012,Super League
Metropolitanos,2019,Primera Division
WSG Tirol,80,Bundesliga
Elfsborg,56,Allsvenskan
Hibernian,50,Premiership
Aberdeen,50,Premiership
Fatih Karagümrük,68,Süper Lig
FC Andorra,54,La Liga 2
OB,1,Superliga
Jahn Regensburg,2076,3. Liga
Hansa Rostock,20,2. Bundesliga
Kayserispor,68,Süper Lig
Jagiellonia Białystok,66,Ekstraklasa
Racing Ferrol,54,La Liga 2
Sydney FC,351,A-League Men
Birmingham City,14,Championship
Peterborough United,60,League One
Lanús,353,Liga Profesional de Fútbol
Hellas Verona,31,Serie A
Cerro Porteño,337,Primera División
FC Cartagena,54,La Liga 2
Vålerenga,41,Eliteserien
Kalmar,56,Allsvenskan
FC Twente,10,Eredivisie
Ternana,32,Serie B
Lyngby,1,Superliga
FC Andorra,54,La Liga 2
Ulsan,83,K League 1
RWDM,4,Pro League
Al Nassr,350,Pro League
MSV Duisburg,2076,3. Liga
St. Gallen,189,Super League
Guabirá,2017,División de Fútbol Profesional
St. Pauli,20,2. Bundesliga
Celtic,50,Premiership
Barracas Central,353,Liga Profesional de Fútbol
Barnsley,60,League One
Audax Italiano,335,Primera Division
Yverdon Sport,189,Super League
Derby County,60,League One
FSV Mainz 05,19,Bundesliga
Nantes,16,Ligue 1
Eintracht Braunschweig,20,2. Bundesliga
Young Boys,189,Super League
Columbus Crew,39,Major League Soccer
Junior,336,Categoría Primera A
AS Eupen,4,Pro League
Cercle Brugge,4,Pro League
Derby County,60,League One
Dalian Professional,2012,Super League
Oxford United,60,League One
Blackpool,60,League One
Hannover 96,20,2. Bundesliga
Kortrijk,4,Pro League
Unión Santa Fe,353,Liga Profesional de Fútbol
Moreirense,308,Primeira Liga
,,
Konyaspor,68,Süper Lig
Racing Santander,54,La Liga 2
Sparta Rotterdam,10,Eredivisie
Jeju United,83,K League 1
Reggiana,32,Serie B
OB,1,Superliga
Universitatea Craiova,330,Liga I
Eintracht Braunschweig,20,2. Bundesliga
Laval,17,Ligue 2
Audax Italiano,335,Primera Division
Central Coast Mariners,351,A-League Men
Motherwell,50,Premiership
Real Madrid,53,La Liga
César Vallejo,2020,Primera Division
Standard Liège,4,Pro League
Lecco,32,Serie B
Fortuna Sittard,10,Eredivisie
Western United,351,A-League Men
Juventus,31,Serie A
AGF,1,Superliga
Patronato,353,Liga Profesional de Fútbol
Rizespor,68,Süper Lig
Ulm,2076,3. Liga
Bolívar,2017,División de Fútbol Profesional
Modena,32,Serie B
Silkeborg,1,Superliga
Austria Klagenfurt,80,Bundesliga
,,
U Craiova 1948,330,Liga I
Eintracht Braunschweig,20,2. Bundesliga
Kayserispor,68,Süper Lig
Racing Santander,54,La Liga 2
Metropolitanos,2019,Primera Division
Zürich,189,Super League
Al Ahli Jeddah,350,Pro League
Häcken,56,Allsvenskan
Palmaflor del Trópico,2017,División de Fútbol Profesional
Voluntari,330,Liga I
Reading,60,League One
Saarbrücken,2076,3. Liga
Cardiff City,14,Championship
Macarthur,351,A-League Men
Le Havre,16,Ligue 1
Quevilly Rouen,17,Ligue 2
Hansa Rostock,20,2. Bundesliga
Eintracht Braunschweig,20,2. Bundesliga
Unterhaching,2076,3. Liga
Viktoria Köln,2076,3. Liga
Atlético Tucumán,353,Liga Profesional de Fútbol
Como,32,Serie B
Botoşani,330,Liga I
Brisbane Roar,351,A-League Men
Colo-Colo,335,Primera Division
Brommapojkarna,56,Allsvenskan
CF Montréal,39,Major League Soccer
Elche,54,La Liga 2
Venezia,32,Serie B
Hibernian,50,Premiership
Stabæk,41,Eliteserien
Rosenborg,41,Eliteserien
Dunkerque,17,Ligue 2
Lyngby,1,Superliga
Osasuna,53,La Liga
Chicago Fire,39,Major League Soccer
Dunkerque,17,Ligue 2
İstanbul Başakşehir,68,Süper Lig
Real Madrid,53,La Liga
Rot-Weiss Essen,2076,3. Liga
FC Andorra,54,La Liga 2
Oxford United,60,League One
Wehen Wiesbaden,20,2. Bundesliga
Universitatea Craiova,330,Liga I
Jeonbuk Motors,83,K League 1
Deportivo Táchira,2019,Primera Division
Real Oviedo,54,La Liga 2
Tigre,353,Liga Profesional de Fútbol
Chaves,308,Primeira Liga
Randers,1,Superliga
Peñarol,338,Primera División
Plymouth Argyle,14,Championship
Vizela,308,Primeira Liga
Sportivo Ameliano,337,Primera División
Oxford United,60,League One
Lausanne Sport,189,Super League
OH Leuven,4,Pro League
Korona Kielce,66,Ekstraklasa
Cracovia Kraków,66,Ekstraklasa
Wolfsberger AC,80,Bundesliga
Djurgården,56,Allsvenskan
Magallanes,335,Primera Division
Universitatea Cluj,330,Liga I
Exeter City,60,League One
Holstein Kiel,20,2. Bundesliga
Valenciennes,17,Ligue 2
RKC Waalwijk,10,Eredivisie
Ternana,32,Serie B
Ferencváros,64,Nemzeti Bajnokság I
Al Ahli Jeddah,350,Pro League
Sporting CP,308,Primeira Liga
Palestino,335,Primera Division
Peñarol,338,Primera División
Elversberg,20,2. Bundesliga
Goiás,7,Série A
Cracovia Kraków,66,Ekstraklasa
Alcorcón,54,La Liga 2
Mirandés,54,La Liga 2
Sarmiento,353,Liga Profesional de Fútbol
Meizhou Hakka,2012,Super League
Lech Poznań,66,Ekstraklasa
Lausanne Sport,189,Super League
Chennaiyin,2149,Super League
Milton Keynes Dons,61,League Two
FC Cartagena,54,La Liga 2
Arouca,308,Primeira Liga
Lecce,31,Serie A
Jahn Regensburg,2076,3. Liga
Águilas Doradas,336,Categoría Primera A
Huracán,353,Liga Profesional de Fútbol
Lyngby,1,Superliga
Osnabrück,20,2. Bundesliga
Real Salt Lake,39,Major League Soccer
RKC Waalwijk,10,Eredivisie
Rotherham United,14,Championship
Barrow,61,League Two
Blackpool,60,League One
Austria Lustenau,80,Bundesliga
General Caballero JLM,337,Primera División
AS Eupen,4,Pro League
Huesca,54,La Liga 2
Aalesund,41,Eliteserien
Śląsk Wrocław,66,Ekstraklasa
Vizela,308,Primeira Liga
Grenoble Foot 38,17,Ligue 2
Brommapojkarna,56,Allsvenskan
Barnsley,60,League One
Petrolul 52,330,Liga I
Rot-Weiss Essen,2076,3. Liga
Oxford United,60,League One
FC Köln,19,Bundesliga
Oxford United,60,League One
Reading,60,League One
Barracas Central,353,Liga Profesional de Fútbol
Fatih Karagümrük,68,Süper Lig
Almere City,10,Eredivisie
Blau-Weiß Linz,80,Bundesliga
Patronato,353,Liga Profesional de Fútbol
Jamshedpur,2149,Super League
General Caballero JLM,337,Primera División
Defensa y Justicia,353,Liga Profesional de Fútbol
Quevilly Rouen,17,Ligue 2
Charlton Athletic,60,League One
Al Raed,350,Pro League
Konyaspor,68,Süper Lig
Rot-Weiss Essen,2076,3. Liga
Al Khaleej,350,Pro League
,,
WSG Tirol,80,Bundesliga
Spezia,32,Serie B
Värnamo,56,Allsvenskan
Port Vale,60,League One
Sarmiento,353,Liga Profesional de Fútbol
Ascoli,32,Serie B
1860 München,2076,3. Liga
Angers SCO,17,Ligue 2
Real Sociedad,53,La Liga
Sandefjord,41,Eliteserien
Estrela Amadora,308,Primeira Liga
Wehen Wiesbaden,20,2. Bundesliga
Gangwon,83,K League 1
Oxford United,60,League One
Racing Ferrol,54,La Liga 2
RKC Waalwijk,10,Eredivisie
OH Leuven,4,Pro League
Salzburg,80,Bundesliga
CFR Cluj,330,Liga I
Dynamo Dresden,2076,3. Liga
Wolfsberger AC,80,Bundesliga
Dunkerque,17,Ligue 2
Patronato,353,Liga Profesional de Fútbol
Águilas Doradas,336,Categoría Primera A
Piast Gliwice,66,Ekstraklasa
Banfield,353,Liga Profesional de Fútbol
Värnamo,56,Allsvenskan
Millonarios,336,Categoría Primera A
Shakhtar Donetsk,332,Premier League
Gil Vicente,308,Primeira Liga
Levante,54,La Liga 2
Changchun Yatai,2012,Super League
Silkeborg,1,Superliga
Fortuna Sittard,10,Eredivisie
Anderlecht,4,Pro League
PEC Zwolle,10,Eredivisie
Mansfield Town,61,League Two
Dynamo Dresden,2076,3. Liga
Barracas Central,353,Liga Profesional de Fútbol
Aucas,2018,Liga Pro
Hallescher FC,2076,3. Liga
İstanbulspor,68,Süper Lig
Warta Poznań,66,Ekstraklasa
Hallescher FC,2076,3. Liga
Värnamo,56,Allsvenskan
Mechelen,4,Pro League
Abha,350,Pro League
Halmstad,56,Allsvenskan
Kilmarnock,50,Premiership
Djurgården,56,Allsvenskan
Rizespor,68,Süper Lig
OH Leuven,4,Pro League
Punjab,2149,Super League
Al Khaleej,350,Pro League
FeralpiSalò,32,Serie B
América Mineiro,7,Série A
Western Sydney Wanderers,351,A-League Men
Newport County,61,League Two
Stevenage,60,League One
Villarreal II,54,La Liga 2
Bologna,31,Serie A
Sunderland,14,Championship
Gwangju,83,K League 1
Port Vale,60,League One
Modena,32,Serie B
Al Ittihad,350,Pro League
Lausanne Sport,189,Super League
Catanzaro,32,Serie B
Oxford United,60,League One
Dynamo Dresden,2076,3. Liga
Al Hilal,350,Pro League
Arsenal de Sarandi,353,Liga Profesional de Fútbol
Jeju United,83,K League 1
Tacuary,337,Primera División
,,
Emelec,2018,Liga Pro
Degerfors,56,Allsvenskan
Liverpool,338,Primera División
Reading,60,League One
Platense,353,Liga Profesional de Fútbol
Saarbrücken,2076,3. Liga
PEC Zwolle,10,Eredivisie
Stockport County,61,League Two
Kasımpaşa,68,Süper Lig
Gangwon,83,K League 1
Austria Wien,80,Bundesliga
Academia Puerto Cabello,2019,Primera Division
Al Ain,2013,Pro League
Delfin,2018,Liga Pro
San Lorenzo,353,Liga Profesional de Fútbol
AIK,56,Allsvenskan
Paris,17,Ligue 2
Lincoln City,60,League One
FC Cartagena,54,La Liga 2
AEK Athens,63,Super League
Wrexham,61,League Two
Carlisle United,60,League One
Suwon,83,K League 1
DSC Arminia Bielefeld,2076,3. Liga
Halmstad,56,Allsvenskan
Seattle Sounders,39,Major League Soccer
Dallas,39,Major League Soccer
Morecambe,61,League Two
Heracles Almelo,10,Eredivisie
Sivasspor,68,Süper Lig
Al Ain,2013,Pro League
Aucas,2018,Liga Pro
Barracas Central,353,Liga Profesional de Fútbol
Blau-Weiß Linz,80,Bundesliga
Lillestrøm,41,Eliteserien
Gent,4,Pro League
Rheindorf Altach,80,Bundesliga
Charlotte,39,Major League Soccer
NEC,10,Eredivisie
General Caballero JLM,337,Primera División
Huddersfield Town,14,Championship
Notts County,61,League Two
Quevilly Rouen,17,Ligue 2
Derby County,60,League One
Brisbane Roar,351,A-League Men
New York City,39,Major League Soccer
Wolfsberger AC,80,Bundesliga
Preußen Münster,2076,3. Liga
Valenciennes,17,Ligue 2
Liverpool,338,Primera División
Djurgården,56,Allsvenskan
Preußen Münster,2076,3. Liga
NorthEast United,2149,Super League
Hajduk Split,317,Hrvatska nogometna liga
Jahn Regensburg,2076,3. Liga
FC Andorra,54,La Liga 2
Metropolitanos,2019,Primera Division
Sivasspor,68,Süper Lig
Rio Ave,308,Primeira Liga
Bolton Wanderers,60,League One
Dynamo Dresden,2076,3. Liga
New York City,39,Major League Soccer
Dalian Professional,2012,Super League
Aalesund,41,Eliteserien
Racing Santander,54,La Liga 2
Annecy,17,Ligue 2
Huddersfield Town,14,Championship
Shandong Taishan,2012,Super League
Rapid Wien,80,Bundesliga
Antalyaspor,68,Süper Lig
Go Ahead Eagles,10,Eredivisie
Sportivo Ameliano,337,Primera División
Toronto,39,Major League Soccer
Dinamo Zagreb,317,Hrvatska nogometna liga
Wycombe Wanderers,60,League One
Paris,17,Ligue 2
Junior,336,Categoría Primera A
Zagłębie Lubin,66,Ekstraklasa
Watford,14,Championship
IFK Göteborg,56,Allsvenskan
Sepsi,330,Liga I
Delfin,2018,Liga Pro
,,
U Craiova 1948,330,Liga I
Real Zaragoza,54,La Liga 2
Sheffield Wednesday,14,Championship
Gangwon,83,K League 1
Motherwell,50,Premiership
Haugesund,41,Eliteserien
Radomiak Radom,66,Ekstraklasa
Rosenborg,41,Eliteserien
Gwangju,83,K League 1
Águilas Doradas,336,Categoría Primera A
Unión Santa Fe,353,Liga Profesional de Fútbol
Belgrano,353,Liga Profesional de Fútbol
Dalian Professional,2012,Super League
Warta Poznań,66,Ekstraklasa
AS Eupen,4,Pro League
Port Vale,60,League One
Brøndby,1,Superliga
Kaiserslautern,20,2. Bundesliga
Wolfsberger AC,80,Bundesliga
Hibernian,50,Premiership
Excelsior,10,Eredivisie
Millonarios,336,Categoría Primera A
Charlton Athletic,60,League One
Saarbrücken,2076,3. Liga
Olimpia,337,Primera División
Queens Park Rangers,14,Championship
Middlesbrough,14,Championship
Deportivo Cuenca,2018,Liga Pro
Freiburg II,2076,3. Liga
Chicago Fire,39,Major League Soccer
Banfield,353,Liga Profesional de Fútbol
U Craiova 1948,330,Liga I
Blackburn Rovers,14,Championship
Birmingham City,14,Championship
Charlotte,39,Major League Soccer
Erzgebirge Aue,2076,3. Liga
Ajaccio,17,Ligue 2
Palmaflor del Trópico,2017,División de Fútbol Profesional
FC Utrecht,10,Eredivisie
Platense,353,Liga Profesional de Fútbol
Motherwell,50,Premiership
Unterhaching,2076,3. Liga
Voluntari,330,Liga I
Elche,54,La Liga 2
Caen,17,Ligue 2
Winterthur,189,Super League
Preußen Münster,2076,3. Liga
Carlisle United,60,League One
Oxford United,60,League One
Reggiana,32,Serie B
Sirius,56,Allsvenskan
Macarthur,351,A-League Men
Rot-Weiss Essen,2076,3. Liga
LASK Linz,80,Bundesliga
Rapid Bucuresti,330,Liga I
Wigan Athletic,60,League One
Reggiana,32,Serie B
Karlsruher SC,20,2. Bundesliga
Western Sydney Wanderers,351,A-League Men
Annecy,17,Ligue 2
İstanbulspor,68,Süper Lig
Yverdon Sport,189,Super League
Petrolul 52,330,Liga I
Oxford United,60,League One
Real Sociedad,53,La Liga
FCSB,330,Liga I
Nacional,338,Primera División
Jahn Regensburg,2076,3. Liga
Reading,60,League One
Northampton Town,60,League One
Grenoble Foot 38,17,Ligue 2
U Craiova 1948,330,Liga I
Osasuna,53,La Liga
Liverpool,13,Premier League
Sandhausen,2076,3. Liga
Legia Warszawa,66,Ekstraklasa
Ipswich Town,14,Championship
ATK Mohun Bagan,2149,Super League
Banfield,353,Liga Profesional de Fútbol
Standard Liège,4,Pro League
HJK,322,Veikkausliiga
Hallescher FC,2076,3. Liga
Austria Wien,80,Bundesliga
Rot-Weiss Essen,2076,3. Liga
Sivasspor,68,Süper Lig
Guaraní,337,Primera División
Lens,16,Ligue 1
Bristol Rovers,60,League One
Millonarios,336,Categoría Primera A
Guabirá,2017,División de Fútbol Profesional
Burton Albion,60,League One
Radomiak Radom,66,Ekstraklasa
Valenciennes,17,Ligue 2
Hammarby,56,Allsvenskan
Austin,39,Major League Soccer
HJK,322,Veikkausliiga
Wigan Athletic,60,League One
Voluntari,330,Liga I
Almere City,10,Eredivisie
Northampton Town,60,League One
Kalmar,56,Allsvenskan
AS Eupen,4,Pro League
Colón,353,Liga Profesional de Fútbol
HJK,322,Veikkausliiga
AGF,1,Superliga
Blackpool,60,League One
Port Vale,60,League One
Daejeon Citizen,83,K League 1
Eintracht Braunschweig,20,2. Bundesliga
Charlton Athletic,60,League One
Fleetwood Town,60,League One
Beijing Guoan,2012,Super League
Viking,41,Eliteserien
Fortuna Düsseldorf,20,2. Bundesliga
Middlesbrough,14,Championship
Cambridge United,60,League One
Vélez Sarsfield,353,Liga Profesional de Fútbol
Erzgebirge Aue,2076,3. Liga
İstanbulspor,68,Süper Lig
Ingolstadt,2076,3. Liga
Burton Albion,60,League One
Gwangju,83,K League 1
Racing Ferrol,54,La Liga 2
FeralpiSalò,32,Serie B
Fortaleza,7,Série A
Caen,17,Ligue 2
Arouca,308,Primeira Liga
Cittadella,32,Serie B
Dunkerque,17,Ligue 2
César Vallejo,2020,Primera Division
Laval,17,Ligue 2
Toulouse,16,Ligue 1
Reading,60,League One
Adelaide United,351,A-League Men
MSV Duisburg,2076,3. Liga
AZ Alkmaar,10,Eredivisie
Famalicão,308,Primeira Liga
Burgos,54,La Liga 2
Newell's Old Boys,353,Liga Profesional de Fútbol
Jeonbuk Motors,83,K League 1
Rheindorf Altach,80,Bundesliga
Sheffield Wednesday,14,Championship
Delfin,2018,Liga Pro
Genoa,31,Serie A
Austria Wien,80,Bundesliga
Sevilla,53,La Liga
Verl,2076,3. Liga
Gwangju,83,K League 1
Newell's Old Boys,353,Liga Profesional de Fútbol
Tacuary,337,Primera División
Grasshopper,189,Super League
Nordsjælland,1,Superliga
Chaves,308,Primeira Liga
FeralpiSalò,32,Serie B
Guingamp,17,Ligue 2
Stabæk,41,Eliteserien
Warta Poznań,66,Ekstraklasa
Columbus Crew,39,Major League Soccer
,,
DSC Arminia Bielefeld,2076,3. Liga
Adelaide United,351,A-League Men
Monagas,2019,Primera Division
UTA Arad,330,Liga I
Tacuary,337,Primera División
UTA Arad,330,Liga I
,,
Villarreal II,54,La Liga 2
Deportivo Cuenca,2018,Liga Pro
Almere City,10,Eredivisie
Grasshopper,189,Super League
Santos,7,Série A
Erzgebirge Aue,2076,3. Liga
Real Sociedad,53,La Liga
Universitario,2020,Primera Division
Al Wahda,350,Pro League
Bragantino,7,Série A
Portland Timbers,39,Major League Soccer
Tigre,353,Liga Profesional de Fútbol
Shandong Taishan,2012,Super League
Eintracht Braunschweig,20,2. Bundesliga
Stade Lausanne-Ouchy,189,Super League
IFK Göteborg,56,Allsvenskan
RWDM,4,Pro League
Odd,41,Eliteserien
New England,39,Major League Soccer
Cracovia Kraków,66,Ekstraklasa
Hamburger SV,20,2. Bundesliga
Dallas,39,Major League Soccer
Modena,32,Serie B
Bristol Rovers,60,League One
Sint-Truiden,4,Pro League
Fleetwood Town,60,League One
Bradford City,61,League Two
Ñublense,335,Primera Division
Silkeborg,1,Superliga
Ulm,2076,3. Liga
Motherwell,50,Premiership
Ternana,32,Serie B
Arsenal de Sarandi,353,Liga Profesional de Fútbol
Palmaflor del Trópico,2017,División de Fútbol Profesional
Botafogo,7,Série A
Aucas,2018,Liga Pro
Schalke 04,20,2. Bundesliga
Brann,41,Eliteserien
Lanús,353,Liga Profesional de Fútbol
Racing Ferrol,54,La Liga 2
Haugesund,41,Eliteserien
CF Montréal,39,Major League Soccer
Blackburn Rovers,14,Championship
Vejle,1,Superliga
Heracles Almelo,10,Eredivisie
Osasuna,53,La Liga
Zagłębie Lubin,66,Ekstraklasa
Kalmar,56,Allsvenskan
Bengaluru,2149,Super League
Annecy,17,Ligue 2
Al Ahli Jeddah,350,Pro League
Vejle,1,Superliga
Luzern,189,Super League
Kilmarnock,50,Premiership
CF Montréal,39,Major League Soccer
Liverpool,338,Primera División
Hermannstadt,330,Liga I
Peterborough United,60,League One
UTA Arad,330,Liga I
Alcorcón,54,La Liga 2
Stabæk,41,Eliteserien
Bengaluru,2149,Super League
Lincoln City,60,League One
Wigan Athletic,60,League One
IFK Göteborg,56,Allsvenskan
Tromsø,41,Eliteserien
SC Heerenveen,10,Eredivisie
Danubio,338,Primera División
Nordsjælland,1,Superliga
Borussia Dortmund II,2076,3. Liga
Catanzaro,32,Serie B
Real Madrid,53,La Liga
Almere City,10,Eredivisie
Valenciennes,17,Ligue 2
Śląsk Wrocław,66,Ekstraklasa
Bristol City,14,Championship
General Caballero JLM,337,Primera División
DSC Arminia Bielefeld,2076,3. Liga
Petrolul 52,330,Liga I
Lyngby,1,Superliga
,,
Colón,353,Liga Profesional de Fútbol
MSV Duisburg,2076,3. Liga
Boavista,308,Primeira Liga
Rodez,17,Ligue 2
Lillestrøm,41,Eliteserien
Botoşani,330,Liga I
Kalmar,56,Allsvenskan
Kalmar,56,Allsvenskan
Celta de Vigo,53,La Liga
Rot-Weiss Essen,2076,3. Liga
Montpellier,16,Ligue 1
Leicester City,14,Championship
RWDM,4,Pro League
Lecco,32,Serie B
Ulsan,83,K League 1
Elversberg,20,2. Bundesliga
Minnesota United,39,Major League Soccer
Südtirol,32,Serie B
Shanghai Port,2012,Super League
Viktoria Köln,2076,3. Liga
Derby County,60,League One
Union Saint-Gilloise,4,Pro League
Huesca,54,La Liga 2
Hvidovre,1,Superliga
Sampdoria,32,Serie B
Zagłębie Lubin,66,Ekstraklasa
Portsmouth,60,League One
Alanyaspor,68,Süper Lig
Rheindorf Altach,80,Bundesliga
Piast Gliwice,66,Ekstraklasa
Warta Poznań,66,Ekstraklasa
Winterthur,189,Super League
FCSB,330,Liga I
Erzgebirge Aue,2076,3. Liga
Minnesota United,39,Major League Soccer
Banfield,353,Liga Profesional de Fútbol
Suwon,83,K League 1
Colón,353,Liga Profesional de Fútbol
Rheindorf Altach,80,Bundesliga
Arouca,308,Primeira Liga
Atlético Nacional,336,Categoría Primera A
Dinamo Bucureşti,330,Liga I
Shanghai Shenhua,2012,Super League
PAOK,63,Super League
Petrolul 52,330,Liga I
Shanghai Port,2012,Super League
Wigan Athletic,60,League One
Leyton Orient,60,League One
WSG Tirol,80,Bundesliga
Concarneau,17,Ligue 2
Saarbrücken,2076,3. Liga
Blooming,2017,División de Fútbol Profesional
Shrewsbury Town,60,League One
Atlético Tucumán,353,Liga Profesional de Fútbol
Instituto,353,Liga Profesional de Fútbol
Amorebieta,54,La Liga 2
Instituto,353,Liga Profesional de Fútbol
Sportivo Ameliano,337,Primera División
Almere City,10,Eredivisie
Sheffield Wednesday,14,Championship
TSG Hoffenheim,19,Bundesliga
Hermannstadt,330,Liga I
Sepsi,330,Liga I
Cambridge United,60,League One
Strømsgodset,41,Eliteserien
Karlsruher SC,20,2. Bundesliga
Orlando City,39,Major League Soccer
Shandong Taishan,2012,Super League
Kilmarnock,50,Premiership
Verl,2076,3. Liga
Bristol City,14,Championship
Livingston,50,Premiership
Hibernian,50,Premiership
Ingolstadt,2076,3. Liga
IFK Göteborg,56,Allsvenskan
San Lorenzo,353,Liga Profesional de Fútbol
Dundee,50,Premiership
Pisa,32,Serie B
Westerlo,4,Pro League
U Craiova 1948,330,Liga I
Monza,31,Serie A
Stockport County,61,League Two
Manchester City,13,Premier League
Viktoria Köln,2076,3. Liga
Südtirol,32,Serie B
St. Johnstone,50,Premiership
Goiás,7,Série A
Norrköping,56,Allsvenskan
Atlético Nacional,336,Categoría Primera A
Magallanes,335,Primera Division
Preußen Münster,2076,3. Liga
Viborg,1,Superliga
Warta Poznań,66,Ekstraklasa
Voluntari,330,Liga I
Barnsley,60,League One
Annecy,17,Ligue 2
Chennaiyin,2149,Super League
Shanghai Port,2012,Super League
Independiente Medellín,336,Categoría Primera A
UTA Arad,330,Liga I
Rotherham United,14,Championship
Voluntari,330,Liga I
Zagłębie Lubin,66,Ekstraklasa
Al Ittihad,350,Pro League
Grasshopper,189,Super League
Laval,17,Ligue 2
VfB Lübeck,2076,3. Liga
Melbourne Victory,351,A-League Men
Saarbrücken,2076,3. Liga
Danubio,338,Primera División
Bristol City,14,Championship
Sparta Rotterdam,10,Eredivisie
Salzburg,80,Bundesliga
Eldense,54,La Liga 2
Rapid Bucuresti,330,Liga I
Unterhaching,2076,3. Liga
VfB Lübeck,2076,3. Liga
Hammarby,56,Allsvenskan
Go Ahead Eagles,10,Eredivisie
Petrolul 52,330,Liga I
Real Oviedo,54,La Liga 2
Cheltenham Town,60,League One
Elche,54,La Liga 2
Gillingham,61,League Two
Rosario Central,353,Liga Profesional de Fútbol
Caracas,2019,Primera Division
Samsunspor,68,Süper Lig
Barracas Central,353,Liga Profesional de Fútbol
Freiburg II,2076,3. Liga
Schalke 04,20,2. Bundesliga
Viking,41,Eliteserien
Universitatea Craiova,330,Liga I
Jahn Regensburg,2076,3. Liga
Rotherham United,14,Championship
Monza,31,Serie A
Real Madrid,53,La Liga
Cobresal,335,Primera Division
Palmaflor del Trópico,2017,División de Fútbol Profesional
CSM Politehnica Iași,330,Liga I
Verl,2076,3. Liga
Tenerife,54,La Liga 2
Frosinone,31,Serie A
Independiente del Valle,2018,Liga Pro
Cittadella,32,Serie B
Vejle,1,Superliga
Alcorcón,54,La Liga 2
Casa Pia,308,Primeira Liga
Chengdu Rongcheng,2012,Super League
Ternana,32,Serie B
Cremonese,32,Serie B
Platense,353,Liga Profesional de Fútbol
ŁKS Łódź,66,Ekstraklasa
HamKam,41,Eliteserien
Hammarby,56,Allsvenskan
Südtirol,32,Serie B
Las Palmas,53,La Liga
Villarreal II,54,La Liga 2
Deportivo Cuenca,2018,Liga Pro
Rapid Wien,80,Bundesliga
Millonarios,336,Categoría Primera A
Livingston,50,Premiership
St Patrick's,65,Premier Division
Lincoln City,60,League One
Huracán,353,Liga Profesional de Fútbol
København,1,Superliga
Alianza Lima,2020,Primera Division
Norrköping,56,Allsvenskan
Cerro Porteño,337,Primera División
Bodø / Glimt,41,Eliteserien
Erzgebirge Aue,2076,3. Liga
Sepsi,330,Liga I
Jeonbuk Motors,83,K League 1
AEK Athens,63,Super League
St. Johnstone,50,Premiership
Beşiktaş,68,Süper Lig
NEC,10,Eredivisie
Espanyol,54,La Liga 2
Goiás,7,Série A
Concarneau,17,Ligue 2
Rodez,17,Ligue 2
Blackpool,60,League One
Estudiantes Mérida,2019,Primera Division
Cittadella,32,Serie B
Austin,39,Major League Soccer
Real Betis,53,La Liga
Godoy Cruz,353,Liga Profesional de Fútbol
Hertha BSC,20,2. Bundesliga
Südtirol,32,Serie B
Villarreal II,54,La Liga 2
Bolton Wanderers,60,League One
Beijing Guoan,2012,Super League
Moreirense,308,Primeira Liga
Heracles Almelo,10,Eredivisie
Rizespor,68,Süper Lig
Górnik Zabrze,66,Ekstraklasa
Philadelphia Union,39,Major League Soccer
Fortuna Sittard,10,Eredivisie
Colorado Rapids,39,Major League Soccer
Crewe Alexandra,61,League Two
Shanghai Shenhua,2012,Super League
Blackpool,60,League One
Port Vale,60,League One
Atlético Nacional,336,Categoría Primera A
Paderborn,20,2. Bundesliga
Dallas,39,Major League Soccer
Catanzaro,32,Serie B
Rodez,17,Ligue 2
Cracovia Kraków,66,Ekstraklasa
Racing Santander,54,La Liga 2
Brøndby,1,Superliga
Dinamo Zagreb,317,Hrvatska nogometna liga
Alcorcón,54,La Liga 2
Atlético Tucumán,353,Liga Profesional de Fútbol
Guaraní,337,Primera División
Universitatea Cluj,330,Liga I
Vitesse,10,Eredivisie
Odd,41,Eliteserien
Lillestrøm,41,Eliteserien
Sarmiento,353,Liga Profesional de Fútbol
Go Ahead Eagles,10,Eredivisie
Frosinone,31,Serie A
Metropolitanos,2019,Primera Division
VfB Lübeck,2076,3. Liga
Platense,353,Liga Profesional de Fútbol
Austria Lustenau,80,Bundesliga
Excelsior,10,Eredivisie
Plymouth Argyle,14,Championship
Milton Keynes Dons,61,League Two
Lillestrøm,41,Eliteserien
WSG Tirol,80,Bundesliga
Zürich,189,Super League
Monagas,2019,Primera Division
Shanghai Port,2012,Super League
Rodez,17,Ligue 2
RKC Waalwijk,10,Eredivisie
Eintracht Braunschweig,20,2. Bundesliga
Newcastle United,13,Premier League
Warta Poznań,66,Ekstraklasa
St. Mirren,50,Premiership
Wehen Wiesbaden,20,2. Bundesliga
Estrela Amadora,308,Primeira Liga
Orlando City,39,Major League Soccer
Randers,1,Superliga
Gangwon,83,K League 1
Central Cordoba SdE,353,Liga Profesional de Fútbol
Barnsley,60,League One
St. Pauli,20,2. Bundesliga
Kilmarnock,50,Premiership
Union Saint-Gilloise,4,Pro League
Servette,189,Super League
Rodez,17,Ligue 2
Parma,32,Serie B
Deportes Tolima,336,Categoría Primera A
Vålerenga,41,Eliteserien
Saarbrücken,2076,3. Liga
Lugano,189,Super League
1860 München,2076,3. Liga
Górnik Zabrze,66,Ekstraklasa
WSG Tirol,80,Bundesliga
Deportivo Táchira,2019,Primera Division
Peterborough United,60,League One
Rosenborg,41,Eliteserien
Cardiff City,14,Championship
Derby County,60,League One
Eintracht Braunschweig,20,2. Bundesliga
Queens Park Rangers,14,Championship
Deportivo Cuenca,2018,Liga Pro
Shakhtar Donetsk,332,Premier League
FCSB,330,Liga I
Dynamo Dresden,2076,3. Liga
San Jose Earthquakes,39,Major League Soccer
Instituto,353,Liga Profesional de Fútbol
CFR Cluj,330,Liga I
Stade Lausanne-Ouchy,189,Super League
Viking,41,Eliteserien
Genoa,31,Serie A
Preußen Münster,2076,3. Liga
San Lorenzo,353,Liga Profesional de Fútbol
RWDM,4,Pro League
Strømsgodset,41,Eliteserien
Bayer 04 Leverkusen,19,Bundesliga
Zagłębie Lubin,66,Ekstraklasa
Sportivo Ameliano,337,Primera División
Arsenal de Sarandi,353,Liga Profesional de Fútbol
Bolívar,2017,División de Fútbol Profesional
Jahn Regensburg,2076,3. Liga
Zhejiang,2012,Super League
Burnley,13,Premier League
Sporting Kansas City,39,Major League Soccer
Shanghai Shenhua,2012,Super League
Leyton Orient,60,League One
Radomiak Radom,66,Ekstraklasa
FC Andorra,54,La Liga 2
MSV Duisburg,2076,3. Liga
Degerfors,56,Allsvenskan
Portland Timbers,39,Major League Soccer
HamKam,41,Eliteserien
Wellington Phoenix,351,A-League Men
Grenoble Foot 38,17,Ligue 2
Eldense,54,La Liga 2
Hull City,14,Championship
Annecy,17,Ligue 2
Tromsø,41,Eliteserien
Sydney FC,351,A-League Men
Dinamo Bucureşti,330,Liga I
Hatayspor,68,Süper Lig
Hermannstadt,330,Liga I
New York RB,39,Major League Soccer
Angers SCO,17,Ligue 2
Defensor Sporting,338,Primera División
St. Pauli,20,2. Bundesliga
Sivasspor,68,Süper Lig
FC Andorra,54,La Liga 2
FC Volendam,10,Eredivisie
Pogoń Szczecin,66,Ekstraklasa
Caen,17,Ligue 2
Yverdon Sport,189,Super League
Sporting Kansas City,39,Major League Soccer
Punjab,2149,Super League
Hibernian,50,Premiership
Rapid Wien,80,Bundesliga
Mirandés,54,La Liga 2
Shrewsbury Town,60,League One
Karlsruher SC,20,2. Bundesliga
UTA Arad,330,Liga I
Stockport County,61,League Two
Sivasspor,68,Süper Lig
Excelsior,10,Eredivisie
Carlisle United,60,League One
Rosenborg,41,Eliteserien
Milton Keynes Dons,61,League Two
Ulm,2076,3. Liga
Quevilly Rouen,17,Ligue 2
Bristol Rovers,60,League One
Pohang Steelers,83,K League 1
Albacete,54,La Liga 2
Al Nassr,350,Pro League
Silkeborg,1,Superliga
Austria Lustenau,80,Bundesliga
Beijing Guoan,2012,Super League
Estrela Amadora,308,Primeira Liga
Monagas,2019,Primera Division
Shanghai Port,2012,Super League
Hannover 96,20,2. Bundesliga
Bologna,31,Serie A
Voluntari,330,Liga I
HamKam,41,Eliteserien
Minnesota United,39,Major League Soccer
Troyes,17,Ligue 2
Osnabrück,20,2. Bundesliga
Rosario Central,353,Liga Profesional de Fútbol
San Lorenzo,353,Liga Profesional de Fútbol
Universitatea Cluj,330,Liga I
Guabirá,2017,División de Fútbol Profesional
Halmstad,56,Allsvenskan
VfL Bochum 1848,19,Bundesliga
Petrolul 52,330,Liga I
Stockport County,61,League Two
Vejle,1,Superliga
Al Ittihad,350,Pro League
Derby County,60,League One
Bari 1908,32,Serie B
Olimpia,337,Primera División
FeralpiSalò,32,Serie B
Hearts,50,Premiership
MSV Duisburg,2076,3. Liga
FC Barcelona,53,La Liga
Cangzhou Mighty Lions,2012,Super League
Wuhan Three Towns,2012,Super League
San Jose Earthquakes,39,Major League Soccer
Livingston,50,Premiership
Metropolitanos,2019,Primera Division
Fatih Karagümrük,68,Süper Lig
Dynamo Kyiv,332,Premier League
Antalyaspor,68,Süper Lig
Lincoln City,60,League One
FC Barcelona,53,La Liga
Dynamo Dresden,2076,3. Liga
Lecce,31,Serie A
Al Fayha,350,Pro League
Concarneau,17,Ligue 2
,,
César Vallejo,2020,Primera Division
Universidad Católica,335,Primera Division
Suwon Bluewings,83,K League 1
Nantong Zhiyun,2012,Super League
Caen,17,Ligue 2
Union Saint-Gilloise,4,Pro League
Tacuary,337,Primera División
Newell's Old Boys,353,Liga Profesional de Fútbol
Bristol Rovers,60,League One
Metz,16,Ligue 1
Amorebieta,54,La Liga 2
Port Vale,60,League One
Oxford United,60,League One
Paris,17,Ligue 2
Holstein Kiel,20,2. Bundesliga
OH Leuven,4,Pro League
Lincoln City,60,League One
Mallorca,53,La Liga
Kalmar,56,Allsvenskan
Gangwon,83,K League 1
Huddersfield Town,14,Championship
Osasuna,53,La Liga
Silkeborg,1,Superliga
Lausanne Sport,189,Super League
Portimonense,308,Primeira Liga
Macarthur,351,A-League Men
Jeju United,83,K League 1
San Lorenzo,353,Liga Profesional de Fútbol
Waldhof Mannheim,2076,3. Liga
Los Angeles FC,39,Major League Soccer
Osnabrück,20,2. Bundesliga
Beijing Guoan,2012,Super League
Real Valladolid,54,La Liga 2
New England,39,Major League Soccer
Ross County,50,Premiership
Estrela Amadora,308,Primeira Liga
Cheltenham Town,60,League One
Real Salt Lake,39,Major League Soccer
FeralpiSalò,32,Serie B
Dynamo Kyiv,332,Premier League
Bolton Wanderers,60,League One
Western Sydney Wanderers,351,A-League Men
Stal Mielec,66,Ekstraklasa
Trabzonspor,68,Süper Lig
Górnik Zabrze,66,Ekstraklasa
Unterhaching,2076,3. Liga
FC Volendam,10,Eredivisie
Laval,17,Ligue 2
Lyngby,1,Superliga
Strømsgodset,41,Eliteserien
St. Mirren,50,Premiership
Caracas,2019,Primera Division
Ingolstadt,2076,3. Liga
Dynamo Kyiv,332,Premier League
América Mineiro,7,Série A
Amiens SC,17,Ligue 2
Botoşani,330,Liga I
Bradford City,61,League Two
Hertha BSC,20,2. Bundesliga
Guingamp,17,Ligue 2
Dinamo Zagreb,317,Hrvatska nogometna liga
Rheindorf Altach,80,Bundesliga
Aalesund,41,Eliteserien
Ingolstadt,2076,3. Liga
Fleetwood Town,60,League One
Dynamo Dresden,2076,3. Liga
Hajduk Split,317,Hrvatska nogometna liga
Melbourne Victory,351,A-League Men
Elche,54,La Liga 2
Mechelen,4,Pro League
Charlotte,39,Major League Soccer
IFK Göteborg,56,Allsvenskan
Deportivo Táchira,2019,Primera Division
Mirandés,54,La Liga 2
Cosenza,32,Serie B
Elche,54,La Liga 2
Dunkerque,17,Ligue 2
Yverdon Sport,189,Super League
RKC Waalwijk,10,Eredivisie
Sarpsborg 08,41,Eliteserien
AZ Alkmaar,10,Eredivisie
Mansfield Town,61,League Two
Vålerenga,41,Eliteserien
Real Zaragoza,54,La Liga 2
Delfin,2018,Liga Pro
Korona Kielce,66,Ekstraklasa
Al Ittihad,350,Pro League
FC Andorra,54,La Liga 2
Charlton Athletic,60,League One
Viktoria Köln,2076,3. Liga
Cosenza,32,Serie B
Charlton Athletic,60,League One
Lecco,32,Serie B
Shakhtar Donetsk,332,Premier League
Jeju United,83,K League 1
Waldhof Mannheim,2076,3. Liga
Deportivo Táchira,2019,Primera Division
Palmaflor del Trópico,2017,División de Fútbol Profesional
Pohang Steelers,83,K League 1
Charlton Athletic,60,League One
Real Madrid,53,La Liga
Libertad,337,Primera División
Vejle,1,Superliga
Mirandés,54,La Liga 2
Voluntari,330,Liga I
Antalyaspor,68,Süper Lig
Saint Louis City,39,Major League Soccer
RKC Waalwijk,10,Eredivisie
Central Coast Mariners,351,A-League Men
Borussia Dortmund,19,Bundesliga
Shamrock Rovers,65,Premier Division
Hansa Rostock,20,2. Bundesliga
Independiente del Valle,2018,Liga Pro
Wehen Wiesbaden,20,2. Bundesliga
İstanbulspor,68,Süper Lig
Ajax,10,Eredivisie
Djurgården,56,Allsvenskan
Northampton Town,60,League One
Rennes,16,Ligue 1
Brescia,32,Serie B
Villarreal II,54,La Liga 2
Portland Timbers,39,Major League Soccer
FCSB,330,Liga I
Walsall,61,League Two
Dallas,39,Major League Soccer
Racing Santander,54,La Liga 2
Peterborough United,60,League One
Barrow,61,League Two
Livingston,50,Premiership
Alcorcón,54,La Liga 2
Houston Dynamo,39,Major League Soccer
Norrköping,56,Allsvenskan
Darmstadt 98,19,Bundesliga
Brommapojkarna,56,Allsvenskan
Al Nassr,350,Pro League
Wuhan Three Towns,2012,Super League
Spezia,32,Serie B
Chaves,308,Primeira Liga
Villarreal II,54,La Liga 2
Cincinnati,39,Major League Soccer
Rotherham United,14,Championship
Gangwon,83,K League 1
FC Volendam,10,Eredivisie
FC Barcelona,53,La Liga
Valenciennes,17,Ligue 2
The Strongest,2017,División de Fútbol Profesional
Botoşani,330,Liga I
Birmingham City,14,Championship
Elversberg,20,2. Bundesliga
Austria Lustenau,80,Bundesliga
Fortuna Sittard,10,Eredivisie
Arouca,308,Primeira Liga
Shamrock Rovers,65,Premier Division
New England,39,Major League Soccer
Charlton Athletic,60,League One
Hellas Verona,31,Serie A
Dynamo Dresden,2076,3. Liga
Yverdon Sport,189,Super League
Racing Ferrol,54,La Liga 2
Belgrano,353,Liga Profesional de Fútbol
Cittadella,32,Serie B
Peterborough United,60,League One
Aberdeen,50,Premiership
Blau-Weiß Linz,80,Bundesliga
Sturm Graz,80,Bundesliga
Cincinnati,39,Major League Soccer
Racing Ferrol,54,La Liga 2
Wycombe Wanderers,60,League One
St. Johnstone,50,Premiership
Paris,17,Ligue 2
Porto,308,Primeira Liga
Guingamp,17,Ligue 2
Jeju United,83,K League 1
Stevenage,60,League One
OH Leuven,4,Pro League
Guabirá,2017,División de Fútbol Profesional
Portsmouth,60,League One
Cambridge United,60,League One
Stal Mielec,66,Ekstraklasa
Cheltenham Town,60,League One
Suwon,83,K League 1
Heracles Almelo,10,Eredivisie
Ascoli,32,Serie B
Malmö FF,56,Allsvenskan
Preußen Münster,2076,3. Liga
Oțelul Galați,330,Liga I
AS Eupen,4,Pro League
Bolton Wanderers,60,League One
Excelsior,10,Eredivisie
Botoşani,330,Liga I
DC United,39,Major League Soccer
Leyton Orient,60,League One
Cagliari,31,Serie A
Yverdon Sport,189,Super League
Viborg,1,Superliga
Livingston,50,Premiership
Nashville SC,39,Major League Soccer
Stade Brestois 29,16,Ligue 1
Melbourne City,351,A-League Men
Oțelul Galați,330,Liga I
Tigre,353,Liga Profesional de Fútbol
Charlotte,39,Major League Soccer
Rosenborg,41,Eliteserien
Petrolul 52,330,Liga I
Venezia,32,Serie B
Nacional,338,Primera División
Burton Albion,60,League One
Aucas,2018,Liga Pro
Winterthur,189,Super League
Chicago Fire,39,Major League Soccer
Colo-Colo,335,Primera Division
Millwall,14,Championship
Valenciennes,17,Ligue 2
Daejeon Citizen,83,K League 1
Banfield,353,Liga Profesional de Fútbol
Sarmiento,353,Liga Profesional de Fútbol
Instituto,353,Liga Profesional de Fútbol
Hammarby,56,Allsvenskan
Bristol Rovers,60,League One
PEC Zwolle,10,Eredivisie
Sassuolo,31,Serie A
Sporting Charleroi,4,Pro League
Stockport County,61,League Two
Sepsi,330,Liga I
Feyenoord,10,Eredivisie
Goa,2149,Super League
Borussia Dortmund II,2076,3. Liga
,,
Milton Keynes Dons,61,League Two
Sportivo Ameliano,337,Primera División
Verl,2076,3. Liga
Delfin,2018,Liga Pro
Queens Park Rangers,14,Championship
Audax Italiano,335,Primera Division
Basel,189,Super League
Oxford United,60,League One
Oțelul Galați,330,Liga I
Vitesse,10,Eredivisie
Shanghai Port,2012,Super League
Hermannstadt,330,Liga I
Clermont,16,Ligue 1
,,
Frosinone,31,Serie A
Gimnasia La Plata,353,Liga Profesional de Fútbol
Erzgebirge Aue,2076,3. Liga
Chennaiyin,2149,Super League
Bayer 04 Leverkusen,19,Bundesliga
Sivasspor,68,Süper Lig
Piast Gliwice,66,Ekstraklasa
Hartberg,80,Bundesliga
Central Cordoba SdE,353,Liga Profesional de Fútbol
Sydney FC,351,A-League Men
Servette,189,Super League
Bodø / Glimt,41,Eliteserien
Patronato,353,Liga Profesional de Fútbol
Ingolstadt,2076,3. Liga
Athletic Club,53,La Liga
LASK Linz,80,Bundesliga
Seoul,83,K League 1
Lecco,32,Serie B
Modena,32,Serie B
Cercle Brugge,4,Pro League
Korona Kielce,66,Ekstraklasa
FC Andorra,54,La Liga 2
Verl,2076,3. Liga
Viking,41,Eliteserien
Plymouth Argyle,14,Championship
Unterhaching,2076,3. Liga
Rangers,50,Premiership
FCSB,330,Liga I
LDU Quito,2018,Liga Pro
Sturm Graz,80,Bundesliga
FeralpiSalò,32,Serie B
Reading,60,League One
Shrewsbury Town,60,League One
Luzern,189,Super League
Stal Mielec,66,Ekstraklasa
Fleetwood Town,60,League One
Montpellier,16,Ligue 1
Borussia Dortmund II,2076,3. Liga
Cosenza,32,Serie B
Stade Lausanne-Ouchy,189,Super League
Odd,41,Eliteserien
Albacete,54,La Liga 2
Mumbai City,2149,Super League
Austria Klagenfurt,80,Bundesliga
Metropolitanos,2019,Primera Division
Borussia Dortmund II,2076,3. Liga
CFR Cluj,330,Liga I
AGF,1,Superliga
Junior,336,Categoría Primera A
CF Montréal,39,Major League Soccer
,,
Rodez,17,Ligue 2
Central Cordoba SdE,353,Liga Profesional de Fútbol
Cremonese,32,Serie B
Annecy,17,Ligue 2
Al Okhdood,350,Pro League
CSM Politehnica Iași,330,Liga I
Rodez,17,Ligue 2
LDU Quito,2018,Liga Pro
Bastia,17,Ligue 2
Lech Poznań,66,Ekstraklasa
Al Ittihad,350,Pro League
Widzew Łódź,66,Ekstraklasa
Hammarby,56,Allsvenskan
FC Utrecht,10,Eredivisie
Reggiana,32,Serie B
Exeter City,60,League One
Verl,2076,3. Liga
Kilmarnock,50,Premiership
Strasbourg,16,Ligue 1
Mumbai City,2149,Super League
Defensor Sporting,338,Primera División
Western United,351,A-League Men
Ascoli,32,Serie B
Stevenage,60,League One
Deportivo Táchira,2019,Primera Division
Leyton Orient,60,League One
Gwangju,83,K League 1
Brescia,32,Serie B
Wellington Phoenix,351,A-League Men
New England,39,Major League Soccer
Newport County,61,League Two
Al Nassr,350,Pro League
Stade Lausanne-Ouchy,189,Super League
Charlton Athletic,60,League One
Dinamo Bucureşti,330,Liga I
Livingston,50,Premiership
UTA Arad,330,Liga I
Tromsø,41,Eliteserien
Voluntari,330,Liga I
Fleetwood Town,60,League One
Bodø / Glimt,41,Eliteserien
Monagas,2019,Primera Division
Laval,17,Ligue 2
Suwon,83,K League 1
Leyton Orient,60,League One
Barnsley,60,League One
Blooming,2017,División de Fútbol Profesional
Como,32,Serie B
Tacuary,337,Primera División
Adelaide United,351,A-League Men
1860 München,2076,3. Liga
Magallanes,335,Primera Division
Viborg,1,Superliga
WSG Tirol,80,Bundesliga
Lincoln City,60,League One
Sportivo Ameliano,337,Primera División
Al Hilal,350,Pro League
Vizela,308,Primeira Liga
FC Barcelona,53,La Liga
Wigan Athletic,60,League One
Sturm Graz,80,Bundesliga
Alcorcón,54,La Liga 2
Lech Poznań,66,Ekstraklasa
Sampdoria,32,Serie B
Unterhaching,2076,3. Liga
Värnamo,56,Allsvenskan
Colchester United,61,League Two
Erzgebirge Aue,2076,3. Liga
UTA Arad,330,Liga I
Central Coast Mariners,351,A-League Men
Blau-Weiß Linz,80,Bundesliga
Vålerenga,41,Eliteserien
Hearts,50,Premiership
Derry City,65,Premier Division
Waldhof Mannheim,2076,3. Liga
Adana Demirspor,68,Süper Lig
Kilmarnock,50,Premiership
Śląsk Wrocław,66,Ekstraklasa
Goiás,7,Série A
Austin,39,Major League Soccer
CSM Politehnica Iași,330,Liga I
Halmstad,56,Allsvenskan
Kalmar,56,Allsvenskan
Cambridge United,60,League One
San Jose Earthquakes,39,Major League Soccer
SSC Farul,330,Liga I
Argentinos Juniors,353,Liga Profesional de Fútbol
Botoşani,330,Liga I
Suwon Bluewings,83,K League 1
Swindon Town,61,League Two
AFC Wimbledon,61,League Two
Bolton Wanderers,60,League One
Bengaluru,2149,Super League
Hartberg,80,Bundesliga
Ulm,2076,3. Liga
Aston Villa,13,Premier League
Brisbane Roar,351,A-League Men
İstanbul Başakşehir,68,Süper Lig
Norrköping,56,Allsvenskan
Stade Lausanne-Ouchy,189,Super League
Mirandés,54,La Liga 2
Adelaide United,351,A-League Men
Guaraní,337,Primera División
Colchester United,61,League Two
Barrow,61,League Two
HamKam,41,Eliteserien
Peterborough United,60,League One
LA Galaxy,39,Major League Soccer
Chicago Fire,39,Major League Soccer
AZ Alkmaar,10,Eredivisie
Sarpsborg 08,41,Eliteserien
Real Zaragoza,54,La Liga 2
Goa,2149,Super League
Ascoli,32,Serie B
Rosenborg,41,Eliteserien
Kilmarnock,50,Premiership
Livingston,50,Premiership
Philadelphia Union,39,Major League Soccer
Al Shabab,350,Pro League
Nashville SC,39,Major League Soccer
Seattle Sounders,39,Major League Soccer
Schalke 04,20,2. Bundesliga
Danubio,338,Primera División
Ruch Chorzów,66,Ekstraklasa
Stoke City,14,Championship
Suwon Bluewings,83,K League 1
Bari 1908,32,Serie B
Saint Louis City,39,Major League Soccer
Derby County,60,League One
Universitario,2020,Primera Division
Borussia Dortmund II,2076,3. Liga
Jamshedpur,2149,Super League
Argentinos Juniors,353,Liga Profesional de Fútbol
Milton Keynes Dons,61,League Two
Qingdao Hainiu,2012,Super League
DC United,39,Major League Soccer
Kaiserslautern,20,2. Bundesliga
Kalmar,56,Allsvenskan
Cobresal,335,Primera Division
Hallescher FC,2076,3. Liga
Tottenham Hotspur,13,Premier League
Winterthur,189,Super League
Austria Lustenau,80,Bundesliga
Radomiak Radom,66,Ekstraklasa
Al Fateh,350,Pro League
Estudiantes Mérida,2019,Primera Division
Atlanta United,39,Major League Soccer
Wolfsberger AC,80,Bundesliga
Seoul,83,K League 1
Central Cordoba SdE,353,Liga Profesional de Fútbol
Cerro Porteño,337,Primera División
Waldhof Mannheim,2076,3. Liga
Plymouth Argyle,14,Championship
Warta Poznań,66,Ekstraklasa
Jahn Regensburg,2076,3. Liga
Paris,17,Ligue 2
LA Galaxy,39,Major League Soccer
Vancouver Whitecaps,39,Major League Soccer
Ajax,10,Eredivisie
Borussia Dortmund II,2076,3. Liga
Cobresal,335,Primera Division
Bradford City,61,League Two
Metropolitanos,2019,Primera Division
Stoke City,14,Championship
Exeter City,60,League One
FC Barcelona,53,La Liga
Stevenage,60,League One
Leyton Orient,60,League One
América Mineiro,7,Série A
VfB Lübeck,2076,3. Liga
Girona,53,La Liga
General Caballero JLM,337,Primera División
Norrköping,56,Allsvenskan
ŁKS Łódź,66,Ekstraklasa
Melbourne Victory,351,A-League Men
Lillestrøm,41,Eliteserien
OB,1,Superliga
UTA Arad,330,Liga I
Cádiz,53,La Liga
Morecambe,61,League Two
Verl,2076,3. Liga
Annecy,17,Ligue 2
Górnik Zabrze,66,Ekstraklasa
Ruch Chorzów,66,Ekstraklasa
Atlético Tucumán,353,Liga Profesional de Fútbol
Rosenborg,41,Eliteserien
Grasshopper,189,Super League
Rot-Weiss Essen,2076,3. Liga
Dinamo Bucureşti,330,Liga I
U Craiova 1948,330,Liga I
Blooming,2017,División de Fútbol Profesional
UTA Arad,330,Liga I
CSM Politehnica Iași,330,Liga I
FC Cartagena,54,La Liga 2
AFC Wimbledon,61,League Two
,,
FC Utrecht,10,Eredivisie
Heracles Almelo,10,Eredivisie
Amorebieta,54,La Liga 2
Granada,53,La Liga
Plymouth Argyle,14,Championship
Dinamo Bucureşti,330,Liga I
Kortrijk,4,Pro League
Kilmarnock,50,Premiership
Banfield,353,Liga Profesional de Fútbol
Palestino,335,Primera Division
Audax Italiano,335,Primera Division
Adana Demirspor,68,Süper Lig
Tianjin Jinmen Tiger,2012,Super League
Fleetwood Town,60,League One
Preston North End,14,Championship
Carlisle United,60,League One
VfB Lübeck,2076,3. Liga
Stabæk,41,Eliteserien
Saint-Étienne,17,Ligue 2
Burton Albion,60,League One
Eldense,54,La Liga 2
Kilmarnock,50,Premiership
Alcorcón,54,La Liga 2
1860 München,2076,3. Liga
Jagiellonia Białystok,66,Ekstraklasa
Antwerp,4,Pro League
Stockport County,61,League Two
Daejeon Citizen,83,K League 1
Fortuna Düsseldorf,20,2. Bundesliga
Portsmouth,60,League One
Warta Poznań,66,Ekstraklasa
Korona Kielce,66,Ekstraklasa
Colorado Rapids,39,Major League Soccer
Sivasspor,68,Süper Lig
Blackburn Rovers,14,Championship
Bristol Rovers,60,League One
Adelaide United,351,A-League Men
Huddersfield Town,14,Championship
Värnamo,56,Allsvenskan
Catanzaro,32,Serie B
Burton Albion,60,League One
Botoşani,330,Liga I
Radomiak Radom,66,Ekstraklasa
Brescia,32,Serie B
Radomiak Radom,66,Ekstraklasa
Stade Lausanne-Ouchy,189,Super League
Laval,17,Ligue 2
César Vallejo,2020,Primera Division
Argentinos Juniors,353,Liga Profesional de Fútbol
Crystal Palace,13,Premier League
Concarneau,17,Ligue 2
Saint-Étienne,17,Ligue 2
SSC Farul,330,Liga I
Sturm Graz,80,Bundesliga
Millonarios,336,Categoría Primera A
New York RB,39,Major League Soccer
OB,1,Superliga
Jeonbuk Motors,83,K League 1
Palmaflor del Trópico,2017,División de Fútbol Profesional
Austria Lustenau,80,Bundesliga
VfB Lübeck,2076,3. Liga
,,
Athletic Club,53,La Liga
Charlton Athletic,60,League One
SSC Farul,330,Liga I
Orlando City,39,Major League Soccer
Cittadella,32,Serie B
Jagiellonia Białystok,66,Ekstraklasa
Carlisle United,60,League One
Fleetwood Town,60,League One
Athletic Club,53,La Liga
Rodez,17,Ligue 2
Austria Klagenfurt,80,Bundesliga
DSC Arminia Bielefeld,2076,3. Liga
Ross County,50,Premiership
Leganés,54,La Liga 2
Inter Miami,39,Major League Soccer
Club Brugge,4,Pro League
Kasımpaşa,68,Süper Lig
Korona Kielce,66,Ekstraklasa
Northampton Town,60,League One
Sporting Kansas City,39,Major League Soccer
IFK Göteborg,56,Allsvenskan
Shrewsbury Town,60,League One
Bolívar,2017,División de Fútbol Profesional
Farense,308,Primeira Liga
Saarbrücken,2076,3. Liga
Rosario Central,353,Liga Profesional de Fútbol
Bolívar,2017,División de Fútbol Profesional
Hatayspor,68,Süper Lig
Las Palmas,53,La Liga
CF Montréal,39,Major League Soccer
San Lorenzo,353,Liga Profesional de Fútbol
Preußen Münster,2076,3. Liga
Danubio,338,Primera División
Verl,2076,3. Liga
Portsmouth,60,League One
Damac,350,Pro League
Argentinos Juniors,353,Liga Profesional de Fútbol
Gil Vicente,308,Primeira Liga
Oțelul Galați,330,Liga I
Rio Ave,308,Primeira Liga
Bolton Wanderers,60,League One
Borussia Mönchengladbach,19,Bundesliga
Estudiantes Mérida,2019,Primera Division
Mirandés,54,La Liga 2
Eintracht Braunschweig,20,2. Bundesliga
Banfield,353,Liga Profesional de Fútbol
RKC Waalwijk,10,Eredivisie
Jagiellonia Białystok,66,Ekstraklasa
Brisbane Roar,351,A-League Men
Ingolstadt,2076,3. Liga
Real Madrid,53,La Liga
1860 München,2076,3. Liga
Fortuna Sittard,10,Eredivisie
Delfin,2018,Liga Pro
Juventus,31,Serie A
Jeonbuk Motors,83,K League 1
Salford City,61,League Two
Kilmarnock,50,Premiership
Liverpool,13,Premier League
Śląsk Wrocław,66,Ekstraklasa
Salford City,61,League Two
Botoşani,330,Liga I
Winterthur,189,Super League
Birmingham City,14,Championship
Houston Dynamo,39,Major League Soccer
St. Gallen,189,Super League
Adana Demirspor,68,Süper Lig
FeralpiSalò,32,Serie B
Wycombe Wanderers,60,League One
Shandong Taishan,2012,Super League
Mirandés,54,La Liga 2
Olimpia,337,Primera División
Danubio,338,Primera División
WSG Tirol,80,Bundesliga
Universitatea Craiova,330,Liga I
Mechelen,4,Pro League
Burton Albion,60,League One
Rodez,17,Ligue 2
Academia Puerto Cabello,2019,Primera Division
Charlton Athletic,60,League One
Patronato,353,Liga Profesional de Fútbol
Atlético Nacional,336,Categoría Primera A
Abha,350,Pro League
Deportivo Alavés,53,La Liga
Al Ahli Jeddah,350,Pro League
Vitesse,10,Eredivisie
Amorebieta,54,La Liga 2
Stockport County,61,League Two
Reggiana,32,Serie B
Cracovia Kraków,66,Ekstraklasa
Holstein Kiel,20,2. Bundesliga
Chicago Fire,39,Major League Soccer
Young Boys,189,Super League
Al Shabab,350,Pro League
Anderlecht,4,Pro League
APOEL,318,1. Division
Odd,41,Eliteserien
Degerfors,56,Allsvenskan
Wehen Wiesbaden,20,2. Bundesliga
Villarreal II,54,La Liga 2
Rapid Bucuresti,330,Liga I
Cheltenham Town,60,League One
Chennaiyin,2149,Super League
Melbourne Victory,351,A-League Men
Central Cordoba SdE,353,Liga Profesional de Fútbol
Toronto,39,Major League Soccer
Sirius,56,Allsvenskan
Charlton Athletic,60,League One
Jahn Regensburg,2076,3. Liga
Minnesota United,39,Major League Soccer
Bradford City,61,League Two
,,
Viktoria Köln,2076,3. Liga
Cracovia Kraków,66,Ekstraklasa
Espanyol,54,La Liga 2
Lecco,32,Serie B
General Caballero JLM,337,Primera División
AIK,56,Allsvenskan
Rosenborg,41,Eliteserien
SSC Farul,330,Liga I
Tromsø,41,Eliteserien
Brann,41,Eliteserien
Troyes,17,Ligue 2
Ross County,50,Premiership
Tigre,353,Liga Profesional de Fútbol
RKC Waalwijk,10,Eredivisie
Pendikspor,68,Süper Lig
Lazio,31,Serie A
Freiburg II,2076,3. Liga
VfL Wolfsburg,19,Bundesliga
Lyngby,1,Superliga
Wehen Wiesbaden,20,2. Bundesliga
Viborg,1,Superliga
Wehen Wiesbaden,20,2. Bundesliga
Ankaragücü,68,Süper Lig
Nashville SC,39,Major League Soccer
Casa Pia,308,Primeira Liga
Estoril,308,Primeira Liga
Sint-Truiden,4,Pro League
Raków Częstochowa,66,Ekstraklasa
Cittadella,32,Serie B
Walsall,61,League Two
Nashville SC,39,Major League Soccer
Ruch Chorzów,66,Ekstraklasa
Mirandés,54,La Liga 2
Midtjylland,1,Superliga
Nordsjælland,1,Superliga
Independiente,353,Liga Profesional de Fútbol
Derry City,65,Premier Division
Bristol Rovers,60,League One
Defensor Sporting,338,Primera División
Alcorcón,54,La Liga 2
Waldhof Mannheim,2076,3. Liga
Beijing Guoan,2012,Super League
Swindon Town,61,League Two
Amorebieta,54,La Liga 2
Ulm,2076,3. Liga
Paderborn,20,2. Bundesliga
U Craiova 1948,330,Liga I
Charlotte,39,Major League Soccer
Racing Club,353,Liga Profesional de Fútbol
Perth Glory,351,A-League Men
Mechelen,4,Pro League
Magallanes,335,Primera Division
St. Johnstone,50,Premiership
Molde,41,Eliteserien
Exeter City,60,League One
Henan,2012,Super League
Moreirense,308,Primeira Liga
Wrexham,61,League Two
Warta Poznań,66,Ekstraklasa
St. Johnstone,50,Premiership
IFK Göteborg,56,Allsvenskan
Union Saint-Gilloise,4,Pro League
Wrexham,61,League Two
Austria Wien,80,Bundesliga
Exeter City,60,League One
Hatayspor,68,Süper Lig
Torino,31,Serie A
Newcastle Jets,351,A-League Men
FC Utrecht,10,Eredivisie
Middlesbrough,14,Championship
Northampton Town,60,League One
Hallescher FC,2076,3. Liga
Borussia Dortmund,19,Bundesliga
Austin,39,Major League Soccer
Ruch Chorzów,66,Ekstraklasa
Korona Kielce,66,Ekstraklasa
SSC Farul,330,Liga I
Emelec,2018,Liga Pro
Shamrock Rovers,65,Premier Division
Gangwon,83,K League 1
Guingamp,17,Ligue 2
Amorebieta,54,La Liga 2
Pau,17,Ligue 2
Houston Dynamo,39,Major League Soccer
FeralpiSalò,32,Serie B
Olympique de Marseille,16,Ligue 1
Grasshopper,189,Super League
Guabirá,2017,División de Fútbol Profesional
Bastia,17,Ligue 2
Suwon Bluewings,83,K League 1
Tianjin Jinmen Tiger,2012,Super League
Forest Green Rovers,61,League Two
Barracas Central,353,Liga Profesional de Fútbol
Voluntari,330,Liga I
Raków Częstochowa,66,Ekstraklasa
Rot-Weiss Essen,2076,3. Liga
Sheffield Wednesday,14,Championship
Al Wahda,350,Pro League
Eldense,54,La Liga 2
Zagłębie Lubin,66,Ekstraklasa
Palmaflor del Trópico,2017,División de Fútbol Profesional
Forest Green Rovers,61,League Two
Beijing Guoan,2012,Super League
Barnsley,60,League One
Punjab,2149,Super League
Western Sydney Wanderers,351,A-League Men
Suwon Bluewings,83,K League 1
Stade Lausanne-Ouchy,189,Super League
West Bromwich Albion,14,Championship
Palestino,335,Primera Division
Bradford City,61,League Two
Haugesund,41,Eliteserien
Suwon Bluewings,83,K League 1
Central Coast Mariners,351,A-League Men
Stade Lausanne-Ouchy,189,Super League
Carlisle United,60,League One
Seattle Sounders,39,Major League Soccer
Everton,13,Premier League
Sunderland,14,Championship
St. Johnstone,50,Premiership
ŁKS Łódź,66,Ekstraklasa
Austria Klagenfurt,80,Bundesliga
Aberdeen,50,Premiership
Deportes Tolima,336,Categoría Primera A
MSV Duisburg,2076,3. Liga
Cittadella,32,Serie B
Warta Poznań,66,Ekstraklasa
Metropolitanos,2019,Primera Division
Gimnasia La Plata,353,Liga Profesional de Fútbol
Górnik Zabrze,66,Ekstraklasa
UTA Arad,330,Liga I
RWDM,4,Pro League
Blooming,2017,División de Fútbol Profesional
Lausanne Sport,189,Super League
Eintracht Frankfurt,19,Bundesliga
1860 München,2076,3. Liga
Śląsk Wrocław,66,Ekstraklasa
Konyaspor,68,Süper Lig
Burgos,54,La Liga 2
AZ Alkmaar,10,Eredivisie
Halmstad,56,Allsvenskan
Dundee,50,Premiership
AS Eupen,4,Pro League
Atlanta United,39,Major League Soccer
Vitória SC,308,Primeira Liga
Incheon United,83,K League 1
Jahn Regensburg,2076,3. Liga
Hull City,14,Championship
FC Köln,19,Bundesliga
Cobresal,335,Primera Division
Austria Lustenau,80,Bundesliga
AFC Wimbledon,61,League Two
DSC Arminia Bielefeld,2076,3. Liga
København,1,Superliga
Wolfsberger AC,80,Bundesliga
Leeds United,14,Championship
Legia Warszawa,66,Ekstraklasa
Austria Klagenfurt,80,Bundesliga
América Mineiro,7,Série A
Unterhaching,2076,3. Liga
Stockport County,61,League Two
Osnabrück,20,2. Bundesliga
Parma,32,Serie B
Estudiantes Mérida,2019,Primera Division
Borussia Dortmund II,2076,3. Liga
Derry City,65,Premier Division
Cercle Brugge,4,Pro League
Südtirol,32,Serie B
Pau,17,Ligue 2
Wigan Athletic,60,League One
Wehen Wiesbaden,20,2. Bundesliga
Charlotte,39,Major League Soccer
Annecy,17,Ligue 2
Danubio,338,Primera División
Wolverhampton Wanderers,13,Premier League
HamKam,41,Eliteserien
Viktoria Köln,2076,3. Liga
Sivasspor,68,Süper Lig
Rheindorf Altach,80,Bundesliga
Toronto,39,Major League Soccer
Granada,53,La Liga
Stockport County,61,League Two
Lausanne Sport,189,Super League
Brann,41,Eliteserien
Stevenage,60,League One
Granada,53,La Liga
DSC Arminia Bielefeld,2076,3. Liga
Caracas,2019,Primera Division
Dinamo Bucureşti,330,Liga I
Yverdon Sport,189,Super League
NEC,10,Eredivisie
Rheindorf Altach,80,Bundesliga
Eldense,54,La Liga 2
Vejle,1,Superliga
Everton,13,Premier League
Huddersfield Town,14,Championship
Ulm,2076,3. Liga
Gillingham,61,League Two
İstanbulspor,68,Süper Lig
Northampton Town,60,League One
MSV Duisburg,2076,3. Liga
Eldense,54,La Liga 2
Platense,353,Liga Profesional de Fútbol
DSC Arminia Bielefeld,2076,3. Liga
Paderborn,20,2. Bundesliga
Melgar,2020,Primera Division
Concarneau,17,Ligue 2
Yverdon Sport,189,Super League
Wycombe Wanderers,60,League One
Elfsborg,56,Allsvenskan
Villarreal II,54,La Liga 2
DSC Arminia Bielefeld,2076,3. Liga
Leeds United,14,Championship
AIK,56,Allsvenskan
River Plate,353,Liga Profesional de Fútbol
Toronto,39,Major League Soccer
Nordsjælland,1,Superliga
Guabirá,2017,División de Fútbol Profesional
Monagas,2019,Primera Division
Daegu,83,K League 1
NEC,10,Eredivisie
Lecco,32,Serie B
Tranmere Rovers,61,League Two
Molde,41,Eliteserien
Aucas,2018,Liga Pro
Warta Poznań,66,Ekstraklasa
Antwerp,4,Pro League
UTA Arad,330,Liga I
Livingston,50,Premiership
Portsmouth,60,League One
Zhejiang,2012,Super League
Racing Ferrol,54,La Liga 2
Dunkerque,17,Ligue 2
Club Brugge,4,Pro League
CFR Cluj,330,Liga I
St. Mirren,50,Premiership
Sunderland,14,Championship
Accrington Stanley,61,League Two
Charlotte,39,Major League Soccer
Sarmiento,353,Liga Profesional de Fútbol
Motherwell,50,Premiership
SSC Farul,330,Liga I
Stevenage,60,League One
Chicago Fire,39,Major League Soccer
Brøndby,1,Superliga
Minnesota United,39,Major League Soccer
Girona,53,La Liga
Northampton Town,60,League One
Mjällby,56,Allsvenskan
Lazio,31,Serie A
Rheindorf Altach,80,Bundesliga
Athletic Club,53,La Liga
Botafogo,7,Série A
Auxerre,17,Ligue 2
Jeju United,83,K League 1
Kilmarnock,50,Premiership
Modena,32,Serie B
Westerlo,4,Pro League
1860 München,2076,3. Liga
Wrexham,61,League Two
Portsmouth,60,League One
Vejle,1,Superliga
Radomiak Radom,66,Ekstraklasa
ŁKS Łódź,66,Ekstraklasa
FC Barcelona,53,La Liga
Warta Poznań,66,Ekstraklasa
Swindon Town,61,League Two
Plymouth Argyle,14,Championship
Salzburg,80,Bundesliga
FC Volendam,10,Eredivisie
Blooming,2017,División de Fútbol Profesional
Motherwell,50,Premiership
Gimnasia La Plata,353,Liga Profesional de Fútbol
Stabæk,41,Eliteserien
Derry City,65,Premier Division
Gwangju,83,K League 1
Westerlo,4,Pro League
Ulm,2076,3. Liga
Heracles Almelo,10,Eredivisie
Hannover 96,20,2. Bundesliga
Strømsgodset,41,Eliteserien
Juventus,31,Serie A
Hallescher FC,2076,3. Liga
HamKam,41,Eliteserien
Bolton Wanderers,60,League One
AFC Wimbledon,61,League Two
Górnik Zabrze,66,Ekstraklasa
OH Leuven,4,Pro League
Paderborn,20,2. Bundesliga
Lecco,32,Serie B
Crawley Town,61,League Two
Al Shabab,350,Pro League
Real Oviedo,54,La Liga 2
Milan,31,Serie A
Carlisle United,60,League One
Wellington Phoenix,351,A-League Men
Troyes,17,Ligue 2
Zürich,189,Super League
Almere City,10,Eredivisie
Cracovia Kraków,66,Ekstraklasa
East Bengal,2149,Super League
Górnik Zabrze,66,Ekstraklasa
Northampton Town,60,League One
Incheon United,83,K League 1
Oxford United,60,League One
Cambridge United,60,League One
Rodez,17,Ligue 2
Widzew Łódź,66,Ekstraklasa
Adelaide United,351,A-League Men
Saint Louis City,39,Major League Soccer
Hermannstadt,330,Liga I
Macarthur,351,A-League Men
Brommapojkarna,56,Allsvenskan
Dunkerque,17,Ligue 2
Venezia,32,Serie B
Cobresal,335,Primera Division
Guabirá,2017,División de Fútbol Profesional
LDU Quito,2018,Liga Pro
Ternana,32,Serie B
Almere City,10,Eredivisie
Korona Kielce,66,Ekstraklasa
Crewe Alexandra,61,League Two
DSC Arminia Bielefeld,2076,3. Liga
Charlton Athletic,60,League One
WSG Tirol,80,Bundesliga
Arouca,308,Primeira Liga
Freiburg II,2076,3. Liga
Vejle,1,Superliga
AFC Wimbledon,61,League Two
Independiente,353,Liga Profesional de Fútbol
Excelsior,10,Eredivisie
Cremonese,32,Serie B
Nacional,338,Primera División
İstanbulspor,68,Süper Lig
Chengdu Rongcheng,2012,Super League
MSV Duisburg,2076,3. Liga
Voluntari,330,Liga I
Barnsley,60,League One
PEC Zwolle,10,Eredivisie
Wolverhampton Wanderers,13,Premier League
East Bengal,2149,Super League
Dinamo Bucureşti,330,Liga I
Südtirol,32,Serie B
Hvidovre,1,Superliga
Le Havre,16,Ligue 1
Mansfield Town,61,League Two
Elversberg,20,2. Bundesliga
Rotherham United,14,Championship
Melbourne Victory,351,A-League Men
Salernitana,31,Serie A
Gwangju,83,K League 1
Mallorca,53,La Liga
Derby County,60,League One
SC Heerenveen,10,Eredivisie
Carlisle United,60,League One
Almere City,10,Eredivisie
MSV Duisburg,2076,3. Liga
Daegu,83,K League 1
Widzew Łódź,66,Ekstraklasa
Changchun Yatai,2012,Super League
Shandong Taishan,2012,Super League
İstanbulspor,68,Süper Lig
UTA Arad,330,Liga I
Bristol Rovers,60,League One
Arsenal,13,Premier League
Mjällby,56,Allsvenskan
Cambridge United,60,League One
Dallas,39,Major League Soccer
Meizhou Hakka,2012,Super League
Amorebieta,54,La Liga 2
Sandhausen,2076,3. Liga
Hamburger SV,20,2. Bundesliga
Portsmouth,60,League One
Sirius,56,Allsvenskan
Samsunspor,68,Süper Lig
Charlton Athletic,60,League One
Motherwell,50,Premiership
Valenciennes,17,Ligue 2
Northampton Town,60,League One
Platense,353,Liga Profesional de Fútbol
Barracas Central,353,Liga Profesional de Fútbol
Guaraní,337,Primera División
Milton Keynes Dons,61,League Two
Botafogo,7,Série A
Dundalk,65,Premier Division
Sepsi,330,Liga I
Eldense,54,La Liga 2
Shandong Taishan,2012,Super League
Barcelona Guayaquil,2018,Liga Pro
Guabirá,2017,División de Fútbol Profesional
Śląsk Wrocław,66,Ekstraklasa
Caracas,2019,Primera Division
Port Vale,60,League One
Wycombe Wanderers,60,League One
Brann,41,Eliteserien
Tottenham Hotspur,13,Premier League
Huddersfield Town,14,Championship
Huddersfield Town,14,Championship
Odd,41,Eliteserien
Modena,32,Serie B
Real Valladolid,54,La Liga 2
Stevenage,60,League One
VfB Lübeck,2076,3. Liga
Ipswich Town,14,Championship
Wolfsberger AC,80,Bundesliga
Brann,41,Eliteserien
Brann,41,Eliteserien
Dinamo Bucureşti,330,Liga I
Alcorcón,54,La Liga 2
Columbus Crew,39,Major League Soccer
Kalmar,56,Allsvenskan
Austria Wien,80,Bundesliga
Fluminense,7,Série A
Reading,60,League One
Dynamo Dresden,2076,3. Liga
1860 München,2076,3. Liga
Blackpool,60,League One
Ankaragücü,68,Süper Lig
Wellington Phoenix,351,A-League Men
The Strongest,2017,División de Fútbol Profesional
Norrköping,56,Allsvenskan
Spezia,32,Serie B
Chengdu Rongcheng,2012,Super League
Seattle Sounders,39,Major League Soccer
FC Andorra,54,La Liga 2
Sarpsborg 08,41,Eliteserien
Annecy,17,Ligue 2
Widzew Łódź,66,Ekstraklasa
Dynamo Dresden,2076,3. Liga
RKC Waalwijk,10,Eredivisie
Oxford United,60,League One
İstanbul Başakşehir,68,Süper Lig
Samsunspor,68,Süper Lig
Unterhaching,2076,3. Liga
Defensa y Justicia,353,Liga Profesional de Fútbol
Cracovia Kraków,66,Ekstraklasa
Pendikspor,68,Süper Lig
Palmaflor del Trópico,2017,División de Fútbol Profesional
Perth Glory,351,A-League Men
Bolton Wanderers,60,League One
Widzew Łódź,66,Ekstraklasa
Burton Albion,60,League One
Amiens SC,17,Ligue 2
Winterthur,189,Super League
Mansfield Town,61,League Two
Verl,2076,3. Liga
Melgar,2020,Primera Division
Estrela Amadora,308,Primeira Liga
Amorebieta,54,La Liga 2
Gangwon,83,K League 1
St. Gallen,189,Super League
Mechelen,4,Pro League
Lincoln City,60,League One
Union Saint-Gilloise,4,Pro League
Paris,17,Ligue 2
Dunkerque,17,Ligue 2
Barracas Central,353,Liga Profesional de Fútbol
Burgos,54,La Liga 2
Middlesbrough,14,Championship
Alcorcón,54,La Liga 2
Olimpia,337,Primera División
Toulouse,16,Ligue 1
Huddersfield Town,14,Championship
Portsmouth,60,League One
Livingston,50,Premiership
Seoul,83,K League 1
Stade Lausanne-Ouchy,189,Super League
Carlisle United,60,League One
Cheltenham Town,60,League One
Ternana,32,Serie B
Banfield,353,Liga Profesional de Fútbol
Shandong Taishan,2012,Super League
DSC Arminia Bielefeld,2076,3. Liga
Chicago Fire,39,Major League Soccer
Al Ettifaq,350,Pro League
Port Vale,60,League One
Torino,31,Serie A
Motherwell,50,Premiership
Wigan Athletic,60,League One
Elche,54,La Liga 2
Annecy,17,Ligue 2
Südtirol,32,Serie B
Atlético Tucumán,353,Liga Profesional de Fútbol
Adelaide United,351,A-League Men
Oxford United,60,League One
Brann,41,Eliteserien
Boavista,308,Primeira Liga
Sandhausen,2076,3. Liga
Al Ain,2013,Pro League
Unión Santa Fe,353,Liga Profesional de Fútbol
Halmstad,56,Allsvenskan
Talleres Córdoba,353,Liga Profesional de Fútbol
Exeter City,60,League One
Brann,41,Eliteserien
Barnsley,60,League One
,,
Morecambe,61,League Two
Gimnasia La Plata,353,Liga Profesional de Fútbol
Beşiktaş,68,Süper Lig
Eldense,54,La Liga 2
St. Gallen,189,Super League
Cracovia Kraków,66,Ekstraklasa
Waldhof Mannheim,2076,3. Liga
Fleetwood Town,60,League One
Wehen Wiesbaden,20,2. Bundesliga
Motherwell,50,Premiership
Konyaspor,68,Süper Lig
FC Bayern München,19,Bundesliga
Sarmiento,353,Liga Profesional de Fútbol
Fatih Karagümrük,68,Süper Lig
Magallanes,335,Primera Division
Boavista,308,Primeira Liga
Moreirense,308,Primeira Liga
Lugano,189,Super League
Espanyol,54,La Liga 2
Northampton Town,60,League One
Plymouth Argyle,14,Championship
Cosenza,32,Serie B
Deportivo Alavés,53,La Liga
Pohang Steelers,83,K League 1
Bengaluru,2149,Super League
Magallanes,335,Primera Division
Chicago Fire,39,Major League Soccer
Quevilly Rouen,17,Ligue 2
Viktoria Köln,2076,3. Liga
Blackpool,60,League One
Elversberg,20,2. Bundesliga
Amorebieta,54,La Liga 2
AS Eupen,4,Pro League
Blackpool,60,League One
Austin,39,Major League Soccer
Ingolstadt,2076,3. Liga
APOEL,318,1. Division
Basel,189,Super League
Stade de Reims,16,Ligue 1
Degerfors,56,Allsvenskan
Beijing Guoan,2012,Super League
Samsunspor,68,Süper Lig
Korona Kielce,66,Ekstraklasa
Austin,39,Major League Soccer
Wigan Athletic,60,League One
Voluntari,330,Liga I
Annecy,17,Ligue 2
Legia Warszawa,66,Ekstraklasa
Lyngby,1,Superliga
Mansfield Town,61,League Two
Motherwell,50,Premiership
Dinamo Bucureşti,330,Liga I
Bristol Rovers,60,League One
Estudiantes Mérida,2019,Primera Division
Concarneau,17,Ligue 2
Gwangju,83,K League 1
PEC Zwolle,10,Eredivisie
Vålerenga,41,Eliteserien
Dunkerque,17,Ligue 2
Incheon United,83,K League 1
Bastia,17,Ligue 2
Preußen Münster,2076,3. Liga
Midtjylland,1,Superliga
Erzgebirge Aue,2076,3. Liga
Cittadella,32,Serie B
Frosinone,31,Serie A
Kayserispor,68,Süper Lig
Värnamo,56,Allsvenskan
Cambridge United,60,League One
Doncaster Rovers,61,League Two
VfB Lübeck,2076,3. Liga
Piast Gliwice,66,Ekstraklasa
Portsmouth,60,League One
Randers,1,Superliga
Leyton Orient,60,League One
Athletic Club,53,La Liga
SSC Farul,330,Liga I
Shakhtar Donetsk,332,Premier League
Bologna,31,Serie A
St. Mirren,50,Premiership
Orlando City,39,Major League Soccer
Amiens SC,17,Ligue 2
Port Vale,60,League One
Sepsi,330,Liga I
Villarreal II,54,La Liga 2
Huracán,353,Liga Profesional de Fútbol
Gil Vicente,308,Primeira Liga
Bengaluru,2149,Super League
Djurgården,56,Allsvenskan
FC Volendam,10,Eredivisie
Fleetwood Town,60,League One
AZ Alkmaar,10,Eredivisie
MSV Duisburg,2076,3. Liga
Vizela,308,Primeira Liga
Sandhausen,2076,3. Liga
Botoşani,330,Liga I
Grasshopper,189,Super League
AGF,1,Superliga
Stabæk,41,Eliteserien
Sydney FC,351,A-League Men
MSV Duisburg,2076,3. Liga
Basel,189,Super League
Freiburg II,2076,3. Liga
Racing Club,353,Liga Profesional de Fútbol
Wycombe Wanderers,60,League One
St. Mirren,50,Premiership
,,
Fatih Karagümrük,68,Süper Lig
Ipswich Town,14,Championship
Wolfsberger AC,80,Bundesliga
FeralpiSalò,32,Serie B
Patronato,353,Liga Profesional de Fútbol
Milton Keynes Dons,61,League Two
Yverdon Sport,189,Super League
Rapid Wien,80,Bundesliga
Elfsborg,56,Allsvenskan
Magallanes,335,Primera Division
Milton Keynes Dons,61,League Two
Macarthur,351,A-League Men
Suwon,83,K League 1
New York City,39,Major League Soccer
Portsmouth,60,League One
Newcastle Jets,351,A-League Men
César Vallejo,2020,Primera Division
Ruch Chorzów,66,Ekstraklasa
CSM Politehnica Iași,330,Liga I
Rapid Bucuresti,330,Liga I
Botoşani,330,Liga I
Bristol Rovers,60,League One
Ñublense,335,Primera Division
Hibernian,50,Premiership
CSM Politehnica Iași,330,Liga I
UTA Arad,330,Liga I
Dundee,50,Premiership
Dunkerque,17,Ligue 2
Kortrijk,4,Pro League
Rio Ave,308,Primeira Liga
St. Mirren,50,Premiership
Go Ahead Eagles,10,Eredivisie
HJK,322,Veikkausliiga
Port Vale,60,League One
Bodø / Glimt,41,Eliteserien
Dundee,50,Premiership
Hallescher FC,2076,3. Liga
Rot-Weiss Essen,2076,3. Liga
Wycombe Wanderers,60,League One
Sheffield United,13,Premier League
,,
Feyenoord,10,Eredivisie
Emelec,2018,Liga Pro
Northampton Town,60,League One
Real Madrid,53,La Liga
Portland Timbers,39,Major League Soccer
Ankaragücü,68,Süper Lig
Austria Wien,80,Bundesliga
St. Mirren,50,Premiership
Monza,31,Serie A
Ipswich Town,14,Championship
1860 München,2076,3. Liga
Midtjylland,1,Superliga
Zhejiang,2012,Super League
Wigan Athletic,60,League One
Lincoln City,60,League One
Port Vale,60,League One
Viktoria Köln,2076,3. Liga
SpVgg Greuther Fürth,20,2. Bundesliga
Espanyol,54,La Liga 2
Crewe Alexandra,61,League Two
Aalesund,41,Eliteserien
Al Nassr,350,Pro League
Porto,308,Primeira Liga
Hatayspor,68,Süper Lig
Cambridge United,60,League One
Blau-Weiß Linz,80,Bundesliga
Oxford United,60,League One
RWDM,4,Pro League
Austria Lustenau,80,Bundesliga
Libertad,337,Primera División
Ulm,2076,3. Liga
Vålerenga,41,Eliteserien
DSC Arminia Bielefeld,2076,3. Liga
Concarneau,17,Ligue 2
West Ham United,13,Premier League
Rot-Weiss Essen,2076,3. Liga
Luzern,189,Super League
Western Sydney Wanderers,351,A-League Men
Exeter City,60,League One
OB,1,Superliga
Dunkerque,17,Ligue 2
Mirandés,54,La Liga 2
Lausanne Sport,189,Super League
Portsmouth,60,League One
Deportivo Cuenca,2018,Liga Pro
Talleres Córdoba,353,Liga Profesional de Fútbol
Lecco,32,Serie B
WSG Tirol,80,Bundesliga
Deportivo Táchira,2019,Primera Division
Shrewsbury Town,60,League One
Radomiak Radom,66,Ekstraklasa
Sturm Graz,80,Bundesliga
Stevenage,60,League One
Rapid Wien,80,Bundesliga
Sarpsborg 08,41,Eliteserien
Voluntari,330,Liga I
Exeter City,60,League One
Śląsk Wrocław,66,Ekstraklasa
CSM Politehnica Iași,330,Liga I
Preston North End,14,Championship
Saint Louis City,39,Major League Soccer
Pendikspor,68,Süper Lig
Lincoln City,60,League One
Annecy,17,Ligue 2
Pau,17,Ligue 2
Bradford City,61,League Two
Djurgården,56,Allsvenskan
Strømsgodset,41,Eliteserien
Caracas,2019,Primera Division
Blau-Weiß Linz,80,Bundesliga
Lyngby,1,Superliga
Godoy Cruz,353,Liga Profesional de Fútbol
Leyton Orient,60,League One
Reading,60,League One
Sandefjord,41,Eliteserien
Bohemians,65,Premier Division
Verl,2076,3. Liga
Águilas Doradas,336,Categoría Primera A
Salernitana,31,Serie A
Widzew Łódź,66,Ekstraklasa
Shanghai Shenhua,2012,Super League
Jagiellonia Białystok,66,Ekstraklasa
Rosario Central,353,Liga Profesional de Fútbol
Paris,17,Ligue 2
Oțelul Galați,330,Liga I
St. Mirren,50,Premiership
Arsenal de Sarandi,353,Liga Profesional de Fútbol
Notts County,61,League Two
Sepsi,330,Liga I
Vejle,1,Superliga
HamKam,41,Eliteserien
Saarbrücken,2076,3. Liga
Catanzaro,32,Serie B
Gimnasia La Plata,353,Liga Profesional de Fútbol
Motherwell,50,Premiership
Randers,1,Superliga
Petrolul 52,330,Liga I
Südtirol,32,Serie B
Salford City,61,League Two
Kasımpaşa,68,Süper Lig
Reading,60,League One
Fatih Karagümrük,68,Süper Lig
Stevenage,60,League One
Midtjylland,1,Superliga
Śląsk Wrocław,66,Ekstraklasa
Derby County,60,League One
Wrexham,61,League Two
Cambridge United,60,League One
Erzgebirge Aue,2076,3. Liga
Swansea City,14,Championship
Almere City,10,Eredivisie
Puszcza Niepołomice,66,Ekstraklasa
Stevenage,60,League One
Hvidovre,1,Superliga
Huddersfield Town,14,Championship
Libertad,337,Primera División
Dynamo Dresden,2076,3. Liga
Austin,39,Major League Soccer
Sandhausen,2076,3. Liga
Hvidovre,1,Superliga
Espanyol,54,La Liga 2
Burton Albion,60,League One
Sivasspor,68,Süper Lig
AIK,56,Allsvenskan
Hermannstadt,330,Liga I
1860 München,2076,3. Liga
Walsall,61,League Two
Hansa Rostock,20,2. Bundesliga
Luzern,189,Super League
Espanyol,54,La Liga 2
Wehen Wiesbaden,20,2. Bundesliga
Watford,14,Championship
Samsunspor,68,Süper Lig
Toronto,39,Major League Soccer
Austria Lustenau,80,Bundesliga
Real Oviedo,54,La Liga 2
VfB Lübeck,2076,3. Liga
Como,32,Serie B
DSC Arminia Bielefeld,2076,3. Liga
Gil Vicente,308,Primeira Liga
Northampton Town,60,League One
Widzew Łódź,66,Ekstraklasa
Racing Ferrol,54,La Liga 2
Sint-Truiden,4,Pro League
Chaves,308,Primeira Liga
HJK,322,Veikkausliiga
Deportivo Cuenca,2018,Liga Pro
Hartberg,80,Bundesliga
Warta Poznań,66,Ekstraklasa
Ruch Chorzów,66,Ekstraklasa
UTA Arad,330,Liga I
Sandhausen,2076,3. Liga
DSC Arminia Bielefeld,2076,3. Liga
IFK Göteborg,56,Allsvenskan
Wehen Wiesbaden,20,2. Bundesliga
CFR Cluj,330,Liga I
Real Valladolid,54,La Liga 2
Valenciennes,17,Ligue 2
Stade Lausanne-Ouchy,189,Super League
Livingston,50,Premiership
Lyngby,1,Superliga
Oxford United,60,League One
Heracles Almelo,10,Eredivisie
IFK Göteborg,56,Allsvenskan
Varberg BoIS,56,Allsvenskan
Waldhof Mannheim,2076,3. Liga
New York RB,39,Major League Soccer
Junior,336,Categoría Primera A
Henan,2012,Super League
San Jose Earthquakes,39,Major League Soccer
Exeter City,60,League One
Casa Pia,308,Primeira Liga
Sporting Charleroi,4,Pro League
Djurgården,56,Allsvenskan
Portsmouth,60,League One
Wellington Phoenix,351,A-League Men
Gent,4,Pro League
Varberg BoIS,56,Allsvenskan
Celtic,50,Premiership
Cracovia Kraków,66,Ekstraklasa
Elfsborg,56,Allsvenskan
Melbourne City,351,A-League Men
VfB Lübeck,2076,3. Liga
Sarmiento,353,Liga Profesional de Fútbol
Reggiana,32,Serie B
Hibernian,50,Premiership
AEK Athens,63,Super League
Real Valladolid,54,La Liga 2
Stal Mielec,66,Ekstraklasa
Bristol Rovers,60,League One
Wigan Athletic,60,League One
Águilas Doradas,336,Categoría Primera A
Incheon United,83,K League 1
Parma,32,Serie B
Korona Kielce,66,Ekstraklasa
Bolton Wanderers,60,League One
OB,1,Superliga
Godoy Cruz,353,Liga Profesional de Fútbol
Wycombe Wanderers,60,League One
Grimsby Town,61,League Two
Amorebieta,54,La Liga 2
Gillingham,61,League Two
VfB Lübeck,2076,3. Liga
Kasımpaşa,68,Süper Lig
1860 München,2076,3. Liga
Leyton Orient,60,League One
Lugano,189,Super League
Jamshedpur,2149,Super League
Freiburg II,2076,3. Liga
Grimsby Town,61,League Two
Verl,2076,3. Liga
Sandhausen,2076,3. Liga
Beijing Guoan,2012,Super League
Korona Kielce,66,Ekstraklasa
Talleres Córdoba,353,Liga Profesional de Fútbol
Forest Green Rovers,61,League Two
Rennes,16,Ligue 1
Colchester United,61,League Two
Mjällby,56,Allsvenskan
HJK,322,Veikkausliiga
Eldense,54,La Liga 2
Stade Lausanne-Ouchy,189,Super League
Union Saint-Gilloise,4,Pro League
Halmstad,56,Allsvenskan
Bradford City,61,League Two
Śląsk Wrocław,66,Ekstraklasa
Ipswich Town,14,Championship
HJK,322,Veikkausliiga
Gimnasia La Plata,353,Liga Profesional de Fútbol
Concarneau,17,Ligue 2
Bristol Rovers,60,League One
Excelsior,10,Eredivisie
Harrogate Town,61,League Two
Jahn Regensburg,2076,3. Liga
Austria Lustenau,80,Bundesliga
Anderlecht,4,Pro League
Häcken,56,Allsvenskan
Shamrock Rovers,65,Premier Division
Leyton Orient,60,League One
Winterthur,189,Super League
Western United,351,A-League Men
,,
Empoli,31,Serie A
FC Twente,10,Eredivisie
FCSB,330,Liga I
MSV Duisburg,2076,3. Liga
Jagiellonia Białystok,66,Ekstraklasa
Wrexham,61,League Two
Hartberg,80,Bundesliga
Preußen Münster,2076,3. Liga
Servette,189,Super League
Sutton United,61,League Two
SSC Farul,330,Liga I
Dallas,39,Major League Soccer
Gaziantep F.K.,68,Süper Lig
Odd,41,Eliteserien
Waldhof Mannheim,2076,3. Liga
Lausanne Sport,189,Super League
Al Shabab,350,Pro League
Almere City,10,Eredivisie
Atlético Nacional,336,Categoría Primera A
Al Tai,350,Pro League
Instituto,353,Liga Profesional de Fútbol
İstanbulspor,68,Süper Lig
Goiás,7,Série A
Junior,336,Categoría Primera A
Carlisle United,60,League One
Freiburg II,2076,3. Liga
Hermannstadt,330,Liga I
Shanghai Port,2012,Super League
Barrow,61,League Two
Como,32,Serie B
Delfin,2018,Liga Pro
Verl,2076,3. Liga
Dynamo Dresden,2076,3. Liga
Meizhou Hakka,2012,Super League
Silkeborg,1,Superliga
Al Khaleej,350,Pro League
Metropolitanos,2019,Primera Division
Antwerp,4,Pro League
Grimsby Town,61,League Two
Bradford City,61,League Two
Widzew Łódź,66,Ekstraklasa
Osnabrück,20,2. Bundesliga
Preußen Münster,2076,3. Liga
Swindon Town,61,League Two
Brommapojkarna,56,Allsvenskan
Sandhausen,2076,3. Liga
Spezia,32,Serie B
Rapid Wien,80,Bundesliga
Ankaragücü,68,Süper Lig
Laval,17,Ligue 2
Guabirá,2017,División de Fútbol Profesional
Inter Miami,39,Major League Soccer
Newcastle United,13,Premier League
HJK,322,Veikkausliiga
Lincoln City,60,League One
Vitesse,10,Eredivisie
Al Tai,350,Pro League
Erzgebirge Aue,2076,3. Liga
Stockport County,61,League Two
Paris,17,Ligue 2
Sydney FC,351,A-League Men
Kortrijk,4,Pro League
Argentinos Juniors,353,Liga Profesional de Fútbol
Walsall,61,League Two
Brisbane Roar,351,A-League Men
Hallescher FC,2076,3. Liga
CSM Politehnica Iași,330,Liga I
Randers,1,Superliga
Albacete,54,La Liga 2
1860 München,2076,3. Liga
Al Hilal,350,Pro League
Sirius,56,Allsvenskan
Toulouse,16,Ligue 1
FC Barcelona,53,La Liga
HamKam,41,Eliteserien
Laval,17,Ligue 2
Radomiak Radom,66,Ekstraklasa
Korona Kielce,66,Ekstraklasa
Cádiz,53,La Liga
Wrexham,61,League Two
Mansfield Town,61,League Two
Pisa,32,Serie B
Charlton Athletic,60,League One
Lecco,32,Serie B
Hallescher FC,2076,3. Liga
MSV Duisburg,2076,3. Liga
Deportivo Alavés,53,La Liga
Real Sociedad,53,La Liga
Vejle,1,Superliga
Sportivo Ameliano,337,Primera División
Brøndby,1,Superliga
Raków Częstochowa,66,Ekstraklasa
Boca Juniors,353,Liga Profesional de Fútbol
Korona Kielce,66,Ekstraklasa
Audax Italiano,335,Primera Division
Excelsior,10,Eredivisie
Wrexham,61,League Two
Suwon,83,K League 1
Colchester United,61,League Two
FC Barcelona,53,La Liga
Korona Kielce,66,Ekstraklasa
Central Cordoba SdE,353,Liga Profesional de Fútbol
Ross County,50,Premiership
Forest Green Rovers,61,League Two
Grasshopper,189,Super League
Casa Pia,308,Primeira Liga
Elfsborg,56,Allsvenskan
Jamshedpur,2149,Super League
Konyaspor,68,Süper Lig
UTA Arad,330,Liga I
AGF,1,Superliga
Hermannstadt,330,Liga I
Sarmiento,353,Liga Profesional de Fútbol
Troyes,17,Ligue 2
Ajaccio,17,Ligue 2
Botoşani,330,Liga I
Bastia,17,Ligue 2
Real Zaragoza,54,La Liga 2
Catanzaro,32,Serie B
Winterthur,189,Super League
Cheltenham Town,60,League One
FC Utrecht,10,Eredivisie
Arouca,308,Primeira Liga
Piast Gliwice,66,Ekstraklasa
Wycombe Wanderers,60,League One
Petrolul 52,330,Liga I
Dynamo Kyiv,332,Premier League
Preußen Münster,2076,3. Liga
Melbourne Victory,351,A-League Men
FeralpiSalò,32,Serie B
Monza,31,Serie A
Holstein Kiel,20,2. Bundesliga
Degerfors,56,Allsvenskan
Ajaccio,17,Ligue 2
St. Pauli,20,2. Bundesliga
Reading,60,League One
Dinamo Bucureşti,330,Liga I
Ankaragücü,68,Süper Lig
Huracán,353,Liga Profesional de Fútbol
Stade Lausanne-Ouchy,189,Super League
Oțelul Galați,330,Liga I
Pendikspor,68,Süper Lig
Crewe Alexandra,61,League Two
HamKam,41,Eliteserien
Macarthur,351,A-League Men
Gwangju,83,K League 1
Kortrijk,4,Pro League
Valencia,53,La Liga
Pau,17,Ligue 2
Concarneau,17,Ligue 2
St. Mirren,50,Premiership
Exeter City,60,League One
Blau-Weiß Linz,80,Bundesliga
Widzew Łódź,66,Ekstraklasa
Platense,353,Liga Profesional de Fútbol
Lincoln City,60,League One
Jahn Regensburg,2076,3. Liga
Stevenage,60,League One
,,
Mansfield Town,61,League Two
ŁKS Łódź,66,Ekstraklasa
Nordsjælland,1,Superliga
Viborg,1,Superliga
Sepsi,330,Liga I
Freiburg II,2076,3. Liga
Lecco,32,Serie B
Concarneau,17,Ligue 2
Shanghai Shenhua,2012,Super League
ŁKS Łódź,66,Ekstraklasa
DSC Arminia Bielefeld,2076,3. Liga
Colón,353,Liga Profesional de Fútbol
Bordeaux,17,Ligue 2
Saarbrücken,2076,3. Liga
Nashville SC,39,Major League Soccer
Talleres Córdoba,353,Liga Profesional de Fútbol
Hallescher FC,2076,3. Liga
Puszcza Niepołomice,66,Ekstraklasa
Ajaccio,17,Ligue 2
Dunkerque,17,Ligue 2
Botoşani,330,Liga I
Sandhausen,2076,3. Liga
Real Madrid,53,La Liga
Cádiz,53,La Liga
Real Madrid,53,La Liga
ŁKS Łódź,66,Ekstraklasa
Brisbane Roar,351,A-League Men
St Patrick's,65,Premier Division
Forest Green Rovers,61,League Two
Argentinos Juniors,353,Liga Profesional de Fútbol
Salford City,61,League Two
Inter Miami,39,Major League Soccer
Nacional,338,Primera División
Estudiantes Mérida,2019,Primera Division
Shakhtar Donetsk,332,Premier League
Ajax,10,Eredivisie
Estudiantes Mérida,2019,Primera Division
New York RB,39,Major League Soccer
Sandefjord,41,Eliteserien
Atlético Madrid,53,La Liga
Hvidovre,1,Superliga
Liverpool,13,Premier League
Sportivo Ameliano,337,Primera División
Independiente del Valle,2018,Liga Pro
Aalesund,41,Eliteserien
Lugano,189,Super League
FC Utrecht,10,Eredivisie
Halmstad,56,Allsvenskan
VfB Lübeck,2076,3. Liga
DSC Arminia Bielefeld,2076,3. Liga
Cambridge United,60,League One
Peterborough United,60,League One
Grasshopper,189,Super League
Brescia,32,Serie B
Waldhof Mannheim,2076,3. Liga
Borussia Dortmund II,2076,3. Liga
Cambridge United,60,League One
Barnsley,60,League One
Randers,1,Superliga
Sparta Rotterdam,10,Eredivisie
Preußen Münster,2076,3. Liga
Stockport County,61,League Two
St Patrick's,65,Premier Division
Lorient,16,Ligue 1
Central Cordoba SdE,353,Liga Profesional de Fútbol
Widzew Łódź,66,Ekstraklasa
Dundee,50,Premiership
Carlisle United,60,League One
Tianjin Jinmen Tiger,2012,Super League
Preußen Münster,2076,3. Liga
Lecco,32,Serie B
Oțelul Galați,330,Liga I
Amiens SC,17,Ligue 2
Oriente Petrolero,2017,División de Fútbol Profesional
Norrköping,56,Allsvenskan
Girona,53,La Liga
Rodez,17,Ligue 2
Austria Klagenfurt,80,Bundesliga
Brøndby,1,Superliga
Erzgebirge Aue,2076,3. Liga
Osnabrück,20,2. Bundesliga
FeralpiSalò,32,Serie B
Al Riyadh,350,Pro League
New England,39,Major League Soccer
Universitatea Cluj,330,Liga I
Universitatea Cluj,330,Liga I
Western Sydney Wanderers,351,A-League Men
Viborg,1,Superliga
Sandefjord,41,Eliteserien
Al Okhdood,350,Pro League
Oxford United,60,League One
Parma,32,Serie B
Colchester United,61,League Two
Toronto,39,Major League Soccer
Rheindorf Altach,80,Bundesliga
St. Johnstone,50,Premiership
Piast Gliwice,66,Ekstraklasa
Monza,31,Serie A
Mechelen,4,Pro League
Kortrijk,4,Pro League
Concarneau,17,Ligue 2
Accrington Stanley,61,League Two
Al Ahli Jeddah,350,Pro League
Annecy,17,Ligue 2
U Craiova 1948,330,Liga I
Magdeburg,20,2. Bundesliga
Chicago Fire,39,Major League Soccer
Tromsø,41,Eliteserien
Zagłębie Lubin,66,Ekstraklasa
Albacete,54,La Liga 2
Stade Lausanne-Ouchy,189,Super League
Unión Santa Fe,353,Liga Profesional de Fútbol
Zagłębie Lubin,66,Ekstraklasa
Leicester City,14,Championship
Unión Santa Fe,353,Liga Profesional de Fútbol
Palmaflor del Trópico,2017,División de Fútbol Profesional
Shanghai Port,2012,Super League
Korona Kielce,66,Ekstraklasa
Sevilla,53,La Liga
Blooming,2017,División de Fútbol Profesional
Milton Keynes Dons,61,League Two
Girona,53,La Liga
Benfica,308,Primeira Liga
Rio Ave,308,Primeira Liga
Widzew Łódź,66,Ekstraklasa
Exeter City,60,League One
Metropolitanos,2019,Primera Division
Waldhof Mannheim,2076,3. Liga
Borussia Dortmund II,2076,3. Liga
Stade Brestois 29,16,Ligue 1
RKC Waalwijk,10,Eredivisie
St. Pauli,20,2. Bundesliga
Northampton Town,60,League One
Häcken,56,Allsvenskan
Estudiantes,353,Liga Profesional de Fútbol
Universitatea Cluj,330,Liga I
Gent,4,Pro League
Al Shabab,350,Pro League
Western United,351,A-League Men
New York City,39,Major League Soccer
Perth Glory,351,A-League Men
Elversberg,20,2. Bundesliga
Concarneau,17,Ligue 2
Caen,17,Ligue 2
VfB Lübeck,2076,3. Liga
Salzburg,80,Bundesliga
Forest Green Rovers,61,League Two
Brommapojkarna,56,Allsvenskan
César Vallejo,2020,Primera Division
Erzgebirge Aue,2076,3. Liga
Warta Poznań,66,Ekstraklasa
Birmingham City,14,Championship
Annecy,17,Ligue 2
Hermannstadt,330,Liga I
Mjällby,56,Allsvenskan
Cerro Porteño,337,Primera División
Norrköping,56,Allsvenskan
Korona Kielce,66,Ekstraklasa
HJK,322,Veikkausliiga
Bodø / Glimt,41,Eliteserien
Shelbourne,65,Premier Division
Sarmiento,353,Liga Profesional de Fútbol
Bolívar,2017,División de Fútbol Profesional
Fulham,13,Premier League
Metz,16,Ligue 1
Molde,41,Eliteserien
Dundee,50,Premiership
Borussia Dortmund II,2076,3. Liga
Exeter City,60,League One
Viborg,1,Superliga
Wycombe Wanderers,60,League One
Austria Lustenau,80,Bundesliga
Mumbai City,2149,Super League
Tranmere Rovers,61,League Two
Estudiantes,353,Liga Profesional de Fútbol
Jahn Regensburg,2076,3. Liga
Argentinos Juniors,353,Liga Profesional de Fútbol
Zürich,189,Super League
CF Montréal,39,Major League Soccer
Leicester City,14,Championship
Kerala Blasters,2149,Super League
DSC Arminia Bielefeld,2076,3. Liga
Guabirá,2017,División de Fútbol Profesional
Preußen Münster,2076,3. Liga
Al Shabab,350,Pro League
Górnik Zabrze,66,Ekstraklasa
Legia Warszawa,66,Ekstraklasa
Universitatea Cluj,330,Liga I
Sporting Braga,308,Primeira Liga
Shamrock Rovers,65,Premier Division
Amiens SC,17,Ligue 2
Blau-Weiß Linz,80,Bundesliga
FeralpiSalò,32,Serie B
ŁKS Łódź,66,Ekstraklasa
Crawley Town,61,League Two
Colón,353,Liga Profesional de Fútbol
Pohang Steelers,83,K League 1
Botoşani,330,Liga I
Tacuary,337,Primera División
AZ Alkmaar,10,Eredivisie
Universitatea Cluj,330,Liga I
Dallas,39,Major League Soccer
Derry City,65,Premier Division
Oriente Petrolero,2017,División de Fútbol Profesional
Central Cordoba SdE,353,Liga Profesional de Fútbol
Stockport County,61,League Two
CSM Politehnica Iași,330,Liga I
Cádiz,53,La Liga
Milton Keynes Dons,61,League Two
Queens Park Rangers,14,Championship
Bradford City,61,League Two
Fleetwood Town,60,League One
DC United,39,Major League Soccer
Zagłębie Lubin,66,Ekstraklasa
1860 München,2076,3. Liga
Molde,41,Eliteserien
Hatayspor,68,Süper Lig
Walsall,61,League Two
Hansa Rostock,20,2. Bundesliga
Rodez,17,Ligue 2
Reading,60,League One
Club Brugge,4,Pro League
Cambridge United,60,League One
Shanghai Port,2012,Super League
Cosenza,32,Serie B
Stabæk,41,Eliteserien
Austria Wien,80,Bundesliga
Santos,7,Série A
Blau-Weiß Linz,80,Bundesliga
Mansfield Town,61,League Two
Freiburg II,2076,3. Liga
Wellington Phoenix,351,A-League Men
Grenoble Foot 38,17,Ligue 2
Cittadella,32,Serie B
Zürich,189,Super League
Blackburn Rovers,14,Championship
Voluntari,330,Liga I
Tranmere Rovers,61,League Two
Gillingham,61,League Two
Standard Liège,4,Pro League
Troyes,17,Ligue 2
Morecambe,61,League Two
Verl,2076,3. Liga
Bristol Rovers,60,League One
Rot-Weiss Essen,2076,3. Liga
Northampton Town,60,League One
Ascoli,32,Serie B
ŁKS Łódź,66,Ekstraklasa
CSM Politehnica Iași,330,Liga I
Waldhof Mannheim,2076,3. Liga
Northampton Town,60,League One
Ruch Chorzów,66,Ekstraklasa
Reading,60,League One
Cambridge United,60,League One
Freiburg II,2076,3. Liga
Rosario Central,353,Liga Profesional de Fútbol
Arsenal de Sarandi,353,Liga Profesional de Fútbol
Botafogo,7,Série A
Mjällby,56,Allsvenskan
Parma,32,Serie B
Südtirol,32,Serie B
Exeter City,60,League One
Saint-Étienne,17,Ligue 2
Spezia,32,Serie B
Forest Green Rovers,61,League Two
Sandefjord,41,Eliteserien
Albacete,54,La Liga 2
Sporting Cristal,2020,Primera Division
Paris Saint Germain,16,Ligue 1
Olimpia,337,Primera División
Sarpsborg 08,41,Eliteserien
Tigre,353,Liga Profesional de Fútbol
Real Oviedo,54,La Liga 2
Port Vale,60,League One
Jeju United,83,K League 1
Al Taawon,350,Pro League
Leyton Orient,60,League One
Valenciennes,17,Ligue 2
1860 München,2076,3. Liga
Colchester United,61,League Two
Mansfield Town,61,League Two
Milton Keynes Dons,61,League Two
Shanghai Port,2012,Super League
Al Wahda,350,Pro League
Chennaiyin,2149,Super League
Preußen Münster,2076,3. Liga
Bradford City,61,League Two
Sporting Charleroi,4,Pro League
Lincoln City,60,League One
Sparta Praha,319,First League
Portimonense,308,Primeira Liga
HamKam,41,Eliteserien
Al Wahda,350,Pro League
Erzgebirge Aue,2076,3. Liga
ŁKS Łódź,66,Ekstraklasa
Gwangju,83,K League 1
Brisbane Roar,351,A-League Men
Metropolitanos,2019,Primera Division
Toronto,39,Major League Soccer
Stal Mielec,66,Ekstraklasa
Sarpsborg 08,41,Eliteserien
Wycombe Wanderers,60,League One
FC Barcelona,53,La Liga
Magdeburg,20,2. Bundesliga
Winterthur,189,Super League
Ulm,2076,3. Liga
Piast Gliwice,66,Ekstraklasa
Randers,1,Superliga
FC Cartagena,54,La Liga 2
Talleres Córdoba,353,Liga Profesional de Fútbol
Górnik Zabrze,66,Ekstraklasa
Universitario,2020,Primera Division
Hannover 96,20,2. Bundesliga
Plymouth Argyle,14,Championship
Al Riyadh,350,Pro League
Universidad Católica,335,Primera Division
Gillingham,61,League Two
Delfin,2018,Liga Pro
DSC Arminia Bielefeld,2076,3. Liga
Cambridge United,60,League One
Derry City,65,Premier Division
St. Gallen,189,Super League
Livingston,50,Premiership
Osasuna,53,La Liga
Wycombe Wanderers,60,League One
Milton Keynes Dons,61,League Two
Shamrock Rovers,65,Premier Division
Lyngby,1,Superliga
Houston Dynamo,39,Major League Soccer
VfB Lübeck,2076,3. Liga
Sportivo Ameliano,337,Primera División
Djurgården,56,Allsvenskan
Defensor Sporting,338,Primera División
Deportivo Alavés,53,La Liga
Walsall,61,League Two
Rapid Wien,80,Bundesliga
Gwangju,83,K League 1
Mirandés,54,La Liga 2
Vitesse,10,Eredivisie
Borussia Mönchengladbach,19,Bundesliga
Djurgården,56,Allsvenskan
Yverdon Sport,189,Super League
Carlisle United,60,League One
AS Eupen,4,Pro League
Rheindorf Altach,80,Bundesliga
Swindon Town,61,League Two
San Jose Earthquakes,39,Major League Soccer
Austria Lustenau,80,Bundesliga
Nordsjælland,1,Superliga
Shamrock Rovers,65,Premier Division
Ingolstadt,2076,3. Liga
Viking,41,Eliteserien
Al Taawon,350,Pro League
Ruch Chorzów,66,Ekstraklasa
Newcastle Jets,351,A-League Men
Exeter City,60,League One
U Craiova 1948,330,Liga I
Austria Lustenau,80,Bundesliga
OH Leuven,4,Pro League
Port Vale,60,League One
Almere City,10,Eredivisie
Cercle Brugge,4,Pro League
Universitatea Craiova,330,Liga I
Doncaster Rovers,61,League Two
Karlsruher SC,20,2. Bundesliga
Viking,41,Eliteserien
Central Coast Mariners,351,A-League Men
Verl,2076,3. Liga
Wehen Wiesbaden,20,2. Bundesliga
Lorient,16,Ligue 1
Concarneau,17,Ligue 2
Metz,16,Ligue 1
Plymouth Argyle,14,Championship
Dunkerque,17,Ligue 2
Tigre,353,Liga Profesional de Fútbol
Walsall,61,League Two
Shrewsbury Town,60,League One
PEC Zwolle,10,Eredivisie
Waldhof Mannheim,2076,3. Liga
Hansa Rostock,20,2. Bundesliga
Luzern,189,Super League
Toulouse,16,Ligue 1
Houston Dynamo,39,Major League Soccer
Piast Gliwice,66,Ekstraklasa
Unión Santa Fe,353,Liga Profesional de Fútbol
New England,39,Major League Soccer
Haugesund,41,Eliteserien
Paderborn,20,2. Bundesliga
Tenerife,54,La Liga 2
Lincoln City,60,League One
Tranmere Rovers,61,League Two
Parma,32,Serie B
Defensor Sporting,338,Primera División
Shandong Taishan,2012,Super League
Columbus Crew,39,Major League Soccer
Ruch Chorzów,66,Ekstraklasa
WSG Tirol,80,Bundesliga
Melbourne Victory,351,A-League Men
Hvidovre,1,Superliga
MSV Duisburg,2076,3. Liga
Perth Glory,351,A-League Men
Borussia Dortmund II,2076,3. Liga
Ruch Chorzów,66,Ekstraklasa
Wycombe Wanderers,60,League One
,,
Henan,2012,Super League
PEC Zwolle,10,Eredivisie
Degerfors,56,Allsvenskan
Forest Green Rovers,61,League Two
Mirandés,54,La Liga 2
Vizela,308,Primeira Liga
Excelsior,10,Eredivisie
Exeter City,60,League One
Bradford City,61,League Two
Leicester City,14,Championship
Al Fateh,350,Pro League
WSG Tirol,80,Bundesliga
Peterborough United,60,League One
AIK,56,Allsvenskan
Cheltenham Town,60,League One
Celta de Vigo,53,La Liga
RWDM,4,Pro League
Tigre,353,Liga Profesional de Fútbol
Academia Puerto Cabello,2019,Primera Division
Freiburg II,2076,3. Liga
Racing Santander,54,La Liga 2
Wuhan Three Towns,2012,Super League
Wrexham,61,League Two
Jeju United,83,K League 1
Nacional,338,Primera División
New York RB,39,Major League Soccer
Haugesund,41,Eliteserien
NorthEast United,2149,Super League
Ross County,50,Premiership
Petrolul 52,330,Liga I
NorthEast United,2149,Super League
Western United,351,A-League Men
Alcorcón,54,La Liga 2
Mansfield Town,61,League Two
Famalicão,308,Primeira Liga
Cambridge United,60,League One
CSM Politehnica Iași,330,Liga I
Northampton Town,60,League One
Melbourne City,351,A-League Men
New York RB,39,Major League Soccer
Viktoria Plzeň,319,First League
Audax Italiano,335,Primera Division
Cracovia Kraków,66,Ekstraklasa
Livingston,50,Premiership
Barrow,61,League Two
Metz,16,Ligue 1
Gillingham,61,League Two
Barrow,61,League Two
Al Ettifaq,350,Pro League
Waldhof Mannheim,2076,3. Liga
Northampton Town,60,League One
Mirandés,54,La Liga 2
København,1,Superliga
Chengdu Rongcheng,2012,Super League
Reggiana,32,Serie B
Norrköping,56,Allsvenskan
Tromsø,41,Eliteserien
Pendikspor,68,Süper Lig
Haugesund,41,Eliteserien
Sporting Kansas City,39,Major League Soccer
Sepsi,330,Liga I
Saarbrücken,2076,3. Liga
Wehen Wiesbaden,20,2. Bundesliga
Jagiellonia Białystok,66,Ekstraklasa
Häcken,56,Allsvenskan
Shrewsbury Town,60,League One
Haugesund,41,Eliteserien
MSV Duisburg,2076,3. Liga
Estoril,308,Primeira Liga
UTA Arad,330,Liga I
ATK Mohun Bagan,2149,Super League
OB,1,Superliga
Sturm Graz,80,Bundesliga
Saarbrücken,2076,3. Liga
Crawley Town,61,League Two
Sydney FC,351,A-League Men
Oriente Petrolero,2017,División de Fútbol Profesional
Guingamp,17,Ligue 2
Carlisle United,60,League One
Elfsborg,56,Allsvenskan
Winterthur,189,Super League
HamKam,41,Eliteserien
Moreirense,308,Primeira Liga
Aucas,2018,Liga Pro
Petrolul 52,330,Liga I
RKC Waalwijk,10,Eredivisie
Olympique de Marseille,16,Ligue 1
Elversberg,20,2. Bundesliga
ATK Mohun Bagan,2149,Super League
Osasuna,53,La Liga
VfB Lübeck,2076,3. Liga
Audax Italiano,335,Primera Division
Motherwell,50,Premiership
Meizhou Hakka,2012,Super League
Gimnasia La Plata,353,Liga Profesional de Fútbol
Basel,189,Super League
Villarreal II,54,La Liga 2
İstanbulspor,68,Süper Lig
Barrow,61,League Two
Pau,17,Ligue 2
Strømsgodset,41,Eliteserien
Incheon United,83,K League 1
Real Salt Lake,39,Major League Soccer
Blau-Weiß Linz,80,Bundesliga
Magallanes,335,Primera Division
Freiburg II,2076,3. Liga
Sportivo Ameliano,337,Primera División
Botoşani,330,Liga I
SC Heerenveen,10,Eredivisie
Osnabrück,20,2. Bundesliga
Mansfield Town,61,League Two
Rheindorf Altach,80,Bundesliga
Huesca,54,La Liga 2
Antalyaspor,68,Süper Lig
Mirandés,54,La Liga 2
Hallescher FC,2076,3. Liga
Stade Lausanne-Ouchy,189,Super League
Leyton Orient,60,League One
Barracas Central,353,Liga Profesional de Fútbol
MSV Duisburg,2076,3. Liga
Concarneau,17,Ligue 2
Athletic Club,53,La Liga
FC Cartagena,54,La Liga 2
FC Volendam,10,Eredivisie
Newcastle Jets,351,A-League Men
RKC Waalwijk,10,Eredivisie
Melbourne City,351,A-League Men
Western Sydney Wanderers,351,A-League Men
Gillingham,61,League Two
Rot-Weiss Essen,2076,3. Liga
Colo-Colo,335,Primera Division
Danubio,338,Primera División
Monagas,2019,Primera Division
Hallescher FC,2076,3. Liga
Newcastle Jets,351,A-League Men
Frosinone,31,Serie A
Jagiellonia Białystok,66,Ekstraklasa
Leyton Orient,60,League One
Värnamo,56,Allsvenskan
Sporting Gijón,54,La Liga 2
Unión Santa Fe,353,Liga Profesional de Fútbol
Seattle Sounders,39,Major League Soccer
Värnamo,56,Allsvenskan
Abha,350,Pro League
Randers,1,Superliga
Hartberg,80,Bundesliga
CSM Politehnica Iași,330,Liga I
Sligo Rovers,65,Premier Division
CFR Cluj,330,Liga I
Oțelul Galați,330,Liga I
Lecco,32,Serie B
Atlanta United,39,Major League Soccer
Rot-Weiss Essen,2076,3. Liga
Doncaster Rovers,61,League Two
Rosenborg,41,Eliteserien
Melgar,2020,Primera Division
Godoy Cruz,353,Liga Profesional de Fútbol
Südtirol,32,Serie B
Benfica,308,Primeira Liga
Nantong Zhiyun,2012,Super League
Metropolitanos,2019,Primera Division
Dallas,39,Major League Soccer
Forest Green Rovers,61,League Two
San Jose Earthquakes,39,Major League Soccer
Universitatea Cluj,330,Liga I
Lens,16,Ligue 1
Danubio,338,Primera División
Al Taawon,350,Pro League
Carlisle United,60,League One
Pisa,32,Serie B
Vizela,308,Primeira Liga
Parma,32,Serie B
The Strongest,2017,División de Fútbol Profesional
Northampton Town,60,League One
ŁKS Łódź,66,Ekstraklasa
Wigan Athletic,60,League One
HJK,322,Veikkausliiga
FeralpiSalò,32,Serie B
Jahn Regensburg,2076,3. Liga
Real Valladolid,54,La Liga 2
Bordeaux,17,Ligue 2
Wolverhampton Wanderers,13,Premier League
Verl,2076,3. Liga
Cheltenham Town,60,League One
Voluntari,330,Liga I
Wrexham,61,League Two
Magallanes,335,Primera Division
Empoli,31,Serie A
Accrington Stanley,61,League Two
Kerala Blasters,2149,Super League
Hamburger SV,20,2. Bundesliga
Cercle Brugge,4,Pro League
FSV Mainz 05,19,Bundesliga
VfB Lübeck,2076,3. Liga
Quevilly Rouen,17,Ligue 2
Sandhausen,2076,3. Liga
Rheindorf Altach,80,Bundesliga
Liverpool,338,Primera División
Rizespor,68,Süper Lig
St. Mirren,50,Premiership
Viktoria Köln,2076,3. Liga
Saint Louis City,39,Major League Soccer
Bari 1908,32,Serie B
Barrow,61,League Two
Tottenham Hotspur,13,Premier League
Dalian Professional,2012,Super League
Voluntari,330,Liga I
Huesca,54,La Liga 2
Korona Kielce,66,Ekstraklasa
Sint-Truiden,4,Pro League
Degerfors,56,Allsvenskan
LASK Linz,80,Bundesliga
Degerfors,56,Allsvenskan
Hallescher FC,2076,3. Liga
Cheltenham Town,60,League One
Nice,16,Ligue 1
Tranmere Rovers,61,League Two
Accrington Stanley,61,League Two
Cambridge United,60,League One
Everton,13,Premier League
Brommapojkarna,56,Allsvenskan
Viktoria Köln,2076,3. Liga
Excelsior,10,Eredivisie
LOSC Lille,16,Ligue 1
Columbus Crew,39,Major League Soccer
Guaraní,337,Primera División
Brommapojkarna,56,Allsvenskan
CSM Politehnica Iași,330,Liga I
Emelec,2018,Liga Pro
Stal Mielec,66,Ekstraklasa
Bristol Rovers,60,League One
Rennes,16,Ligue 1
HamKam,41,Eliteserien
Arsenal de Sarandi,353,Liga Profesional de Fútbol
FCSB,330,Liga I
Alanyaspor,68,Süper Lig
Salford City,61,League Two
Stade Lausanne-Ouchy,189,Super League
Concarneau,17,Ligue 2
Porto,308,Primeira Liga
Crewe Alexandra,61,League Two
Oțelul Galați,330,Liga I
Real Sociedad,53,La Liga
Doncaster Rovers,61,League Two
Metropolitanos,2019,Primera Division
Burton Albion,60,League One
FC Volendam,10,Eredivisie
Ingolstadt,2076,3. Liga
Instituto,353,Liga Profesional de Fútbol
Moreirense,308,Primeira Liga
Chaves,308,Primeira Liga
Livingston,50,Premiership
Dallas,39,Major League Soccer
Dunkerque,17,Ligue 2
Burton Albion,60,League One
Mansfield Town,61,League Two
Hellas Verona,31,Serie A
Crewe Alexandra,61,League Two
Concarneau,17,Ligue 2
The Strongest,2017,División de Fútbol Profesional
Winterthur,189,Super League
Milan,31,Serie A
Crewe Alexandra,61,League Two
PEC Zwolle,10,Eredivisie
Reading,60,League One
Concarneau,17,Ligue 2
Caracas,2019,Primera Division
Legia Warszawa,66,Ekstraklasa
Häcken,56,Allsvenskan
Lugano,189,Super League
Aalesund,41,Eliteserien
Sivasspor,68,Süper Lig
Górnik Zabrze,66,Ekstraklasa
Western United,351,A-League Men
FC Cartagena,54,La Liga 2
Dundee,50,Premiership
Excelsior,10,Eredivisie
Platense,353,Liga Profesional de Fútbol
Barnsley,60,League One
Tromsø,41,Eliteserien
Osasuna,53,La Liga
Dunkerque,17,Ligue 2
Ulm,2076,3. Liga
Varberg BoIS,56,Allsvenskan
Platense,353,Liga Profesional de Fútbol
Grimsby Town,61,League Two
AIK,56,Allsvenskan
Cheltenham Town,60,League One
Sunderland,14,Championship
Guaraní,337,Primera División
Tranmere Rovers,61,League Two
Brann,41,Eliteserien
Stockport County,61,League Two
Brøndby,1,Superliga
Shrewsbury Town,60,League One
Portimonense,308,Primeira Liga
Lanús,353,Liga Profesional de Fútbol
Strømsgodset,41,Eliteserien
Forest Green Rovers,61,League Two
Waldhof Mannheim,2076,3. Liga
Piast Gliwice,66,Ekstraklasa
Puszcza Niepołomice,66,Ekstraklasa
Charlton Athletic,60,League One
Genk,4,Pro League
Doncaster Rovers,61,League Two
Vancouver Whitecaps,39,Major League Soccer
Gil Vicente,308,Primeira Liga
Ross County,50,Premiership
Mansfield Town,61,League Two
Cerro Porteño,337,Primera División
Ross County,50,Premiership
Guabirá,2017,División de Fútbol Profesional
Hermannstadt,330,Liga I
Verl,2076,3. Liga
Rio Ave,308,Primeira Liga
Cambridge United,60,League One
Kilmarnock,50,Premiership
Metropolitanos,2019,Primera Division
Ulm,2076,3. Liga
Gaziantep F.K.,68,Süper Lig
Puszcza Niepołomice,66,Ekstraklasa
CSM Politehnica Iași,330,Liga I
Stockport County,61,League Two
Dundee,50,Premiership
Academia Puerto Cabello,2019,Primera Division
Mirandés,54,La Liga 2
Estudiantes Mérida,2019,Primera Division
Ruch Chorzów,66,Ekstraklasa
Dundee,50,Premiership
Zagłębie Lubin,66,Ekstraklasa
Preußen Münster,2076,3. Liga
CSM Politehnica Iași,330,Liga I
Stevenage,60,League One
Hartberg,80,Bundesliga
1860 München,2076,3. Liga
Grimsby Town,61,League Two
Brommapojkarna,56,Allsvenskan
MSV Duisburg,2076,3. Liga
Gangwon,83,K League 1
Gillingham,61,League Two
Śląsk Wrocław,66,Ekstraklasa
Parma,32,Serie B
Degerfors,56,Allsvenskan
Burton Albion,60,League One
Zhejiang,2012,Super League
Punjab,2149,Super League
Modena,32,Serie B
Wycombe Wanderers,60,League One
Lyngby,1,Superliga
Borussia Dortmund II,2076,3. Liga
Jeonbuk Motors,83,K League 1
Burton Albion,60,League One
Kilmarnock,50,Premiership
Shelbourne,65,Premier Division
The Strongest,2017,División de Fútbol Profesional
CSM Politehnica Iași,330,Liga I
FC Cartagena,54,La Liga 2
Grasshopper,189,Super League
Lausanne Sport,189,Super League
Audax Italiano,335,Primera Division
Eintracht Frankfurt,19,Bundesliga
Puszcza Niepołomice,66,Ekstraklasa
Sarmiento,353,Liga Profesional de Fútbol
Sepsi,330,Liga I
Verl,2076,3. Liga
Sydney FC,351,A-League Men
Swansea City,14,Championship
Valenciennes,17,Ligue 2
Hansa Rostock,20,2. Bundesliga
Austin,39,Major League Soccer
Puszcza Niepołomice,66,Ekstraklasa
Cangzhou Mighty Lions,2012,Super League
Patronato,353,Liga Profesional de Fútbol
HamKam,41,Eliteserien
Rosario Central,353,Liga Profesional de Fútbol
Famalicão,308,Primeira Liga
Sandhausen,2076,3. Liga
Adelaide United,351,A-League Men
Saarbrücken,2076,3. Liga
Sutton United,61,League Two
Ulm,2076,3. Liga
Motherwell,50,Premiership
Westerlo,4,Pro League
Elche,54,La Liga 2
Academia Puerto Cabello,2019,Primera Division
Wycombe Wanderers,60,League One
Pohang Steelers,83,K League 1
Lecco,32,Serie B
Winterthur,189,Super League
Cambridge United,60,League One
Sirius,56,Allsvenskan
FC Utrecht,10,Eredivisie
Blau-Weiß Linz,80,Bundesliga
New England,39,Major League Soccer
Carlisle United,60,League One
Bodø / Glimt,41,Eliteserien
Lincoln City,60,League One
Annecy,17,Ligue 2
FC Köln,19,Bundesliga
Yverdon Sport,189,Super League
Borussia Mönchengladbach,19,Bundesliga
Stevenage,60,League One
Como,32,Serie B
Kasımpaşa,68,Süper Lig
Brann,41,Eliteserien
Radomiak Radom,66,Ekstraklasa
Pohang Steelers,83,K League 1
Rot-Weiss Essen,2076,3. Liga
Salford City,61,League Two
Jahn Regensburg,2076,3. Liga
Al Taawon,350,Pro League
Borussia Mönchengladbach,19,Bundesliga
Lugano,189,Super League
Aalesund,41,Eliteserien
Sirius,56,Allsvenskan
Osnabrück,20,2. Bundesliga
Real Betis,53,La Liga
Paderborn,20,2. Bundesliga
Borussia Dortmund II,2076,3. Liga
Burnley,13,Premier League
Huesca,54,La Liga 2
Caracas,2019,Primera Division
Swindon Town,61,League Two
Molde,41,Eliteserien
Minnesota United,39,Major League Soccer
Newcastle Jets,351,A-League Men
Wolfsberger AC,80,Bundesliga
Mechelen,4,Pro League
Śląsk Wrocław,66,Ekstraklasa
Caen,17,Ligue 2
Jeonbuk Motors,83,K League 1
Beşiktaş,68,Süper Lig
Annecy,17,Ligue 2
Estrela Amadora,308,Primeira Liga
Mumbai City,2149,Super League
Strømsgodset,41,Eliteserien
Excelsior,10,Eredivisie
Chelsea,13,Premier League
Harrogate Town,61,League Two
St. Mirren,50,Premiership
Carlisle United,60,League One
Angers SCO,17,Ligue 2
General Caballero JLM,337,Primera División
Borussia Mönchengladbach,19,Bundesliga
Racing Santander,54,La Liga 2
PEC Zwolle,10,Eredivisie
FeralpiSalò,32,Serie B
Sportivo Ameliano,337,Primera División
Magdeburg,20,2. Bundesliga
Colo-Colo,335,Primera Division
Atlético Nacional,336,Categoría Primera A
Abha,350,Pro League
Lazio,31,Serie A
Huddersfield Town,14,Championship
Odisha FC,2149,Super League
Monagas,2019,Primera Division
Al Fayha,350,Pro League
Gil Vicente,308,Primeira Liga
Milton Keynes Dons,61,League Two
Dunkerque,17,Ligue 2
Stockport County,61,League Two
Dunkerque,17,Ligue 2
Widzew Łódź,66,Ekstraklasa
Burton Albion,60,League One
Melbourne Victory,351,A-League Men
Zhejiang,2012,Super League
Guaraní,337,Primera División
AGF,1,Superliga
Brommapojkarna,56,Allsvenskan
Sportivo Ameliano,337,Primera División
Liverpool,13,Premier League
Sporting Cristal,2020,Primera Division
Suwon Bluewings,83,K League 1
Saint Louis City,39,Major League Soccer
Tacuary,337,Primera División
Austria Wien,80,Bundesliga
Crewe Alexandra,61,League Two
HamKam,41,Eliteserien
Hvidovre,1,Superliga
Dunkerque,17,Ligue 2
Jahn Regensburg,2076,3. Liga
Laval,17,Ligue 2
Saarbrücken,2076,3. Liga
Colchester United,61,League Two
Adelaide United,351,A-League Men
Arsenal de Sarandi,353,Liga Profesional de Fútbol
Tenerife,54,La Liga 2
Independiente del Valle,2018,Liga Pro
Sirius,56,Allsvenskan
Tottenham Hotspur,13,Premier League
Newport County,61,League Two
FC Cartagena,54,La Liga 2
Silkeborg,1,Superliga
Stal Mielec,66,Ekstraklasa
Stade Lausanne-Ouchy,189,Super League
Korona Kielce,66,Ekstraklasa
LDU Quito,2018,Liga Pro
Hvidovre,1,Superliga
Lyngby,1,Superliga
Liverpool,338,Primera División
Qingdao Hainiu,2012,Super League
Shrewsbury Town,60,League One
Alcorcón,54,La Liga 2
Ternana,32,Serie B
Goa,2149,Super League
Livingston,50,Premiership
Bolton Wanderers,60,League One
Swindon Town,61,League Two
Morecambe,61,League Two
Zürich,189,Super League
Brommapojkarna,56,Allsvenskan
Sassuolo,31,Serie A
Bordeaux,17,Ligue 2
Ajaccio,17,Ligue 2
Stade de Reims,16,Ligue 1
Al Fayha,350,Pro League
Fleetwood Town,60,League One
Adana Demirspor,68,Süper Lig
MSV Duisburg,2076,3. Liga
Sandefjord,41,Eliteserien
Colchester United,61,League Two
Portland Timbers,39,Major League Soccer
Olympique de Marseille,16,Ligue 1
Winterthur,189,Super League
Dinamo Bucureşti,330,Liga I
Wrexham,61,League Two
Stade Lausanne-Ouchy,189,Super League
Southampton,14,Championship
Sportivo Ameliano,337,Primera División
Dynamo Kyiv,332,Premier League
Jeju United,83,K League 1
Modena,32,Serie B
América Mineiro,7,Série A
Tacuary,337,Primera División
Cerro Porteño,337,Primera División
Sarmiento,353,Liga Profesional de Fútbol
Salford City,61,League Two
Karlsruher SC,20,2. Bundesliga
Carlisle United,60,League One
Viking,41,Eliteserien
Strømsgodset,41,Eliteserien
Hellas Verona,31,Serie A
Borussia Dortmund II,2076,3. Liga
ŁKS Łódź,66,Ekstraklasa
Real Madrid,53,La Liga
Hvidovre,1,Superliga
Swindon Town,61,League Two
Sint-Truiden,4,Pro League
Henan,2012,Super League
Danubio,338,Primera División
Delfin,2018,Liga Pro
Meizhou Hakka,2012,Super League
Valenciennes,17,Ligue 2
Tianjin Jinmen Tiger,2012,Super League
Aalesund,41,Eliteserien
Seoul,83,K League 1
Sutton United,61,League Two
Saarbrücken,2076,3. Liga
FC Volendam,10,Eredivisie
Chicago Fire,39,Major League Soccer
Sparta Rotterdam,10,Eredivisie
Bristol Rovers,60,League One
CF Montréal,39,Major League Soccer
Manchester United,13,Premier League
Gent,4,Pro League
New York City,39,Major League Soccer
Bari 1908,32,Serie B
Sirius,56,Allsvenskan
Al Hilal,350,Pro League
HJK,322,Veikkausliiga
Doncaster Rovers,61,League Two
Ruch Chorzów,66,Ekstraklasa
Pohang Steelers,83,K League 1
Guingamp,17,Ligue 2
Voluntari,330,Liga I
Viktoria Plzeň,319,First League
Gillingham,61,League Two
U Craiova 1948,330,Liga I
Real Zaragoza,54,La Liga 2
Casa Pia,308,Primeira Liga
Bordeaux,17,Ligue 2
Hatayspor,68,Süper Lig
LASK Linz,80,Bundesliga
Barrow,61,League Two
Yverdon Sport,189,Super League
Sarpsborg 08,41,Eliteserien
Bradford City,61,League Two
Brommapojkarna,56,Allsvenskan
MSV Duisburg,2076,3. Liga
Albacete,54,La Liga 2
Concarneau,17,Ligue 2
Derry City,65,Premier Division
Celta de Vigo,53,La Liga
Colchester United,61,League Two
Liverpool,13,Premier League
Bristol Rovers,60,League One
Defensor Sporting,338,Primera División
New York City,39,Major League Soccer
Rosario Central,353,Liga Profesional de Fútbol
Mansfield Town,61,League Two
Borussia Dortmund II,2076,3. Liga
Shrewsbury Town,60,League One
Dundee,50,Premiership
Randers,1,Superliga
Strømsgodset,41,Eliteserien
Reading,60,League One
Defensor Sporting,338,Primera División
Salford City,61,League Two
Central Cordoba SdE,353,Liga Profesional de Fútbol
Al Okhdood,350,Pro League
Daegu,83,K League 1
Blooming,2017,División de Fútbol Profesional
Verl,2076,3. Liga
,,
Sporting Kansas City,39,Major League Soccer
Dundee,50,Premiership
Brescia,32,Serie B
Cheltenham Town,60,League One
LASK Linz,80,Bundesliga
Platense,353,Liga Profesional de Fútbol
Widzew Łódź,66,Ekstraklasa
Audax Italiano,335,Primera Division
AS Eupen,4,Pro League
Gillingham,61,League Two
Walsall,61,League Two
Vizela,308,Primeira Liga
Almere City,10,Eredivisie
Barrow,61,League Two
Botoşani,330,Liga I
OB,1,Superliga
Metropolitanos,2019,Primera Division
Olimpia,337,Primera División
FC Andorra,54,La Liga 2
Seoul,83,K League 1
Stade Brestois 29,16,Ligue 1
Puszcza Niepołomice,66,Ekstraklasa
Rizespor,68,Süper Lig
SC Heerenveen,10,Eredivisie
Wehen Wiesbaden,20,2. Bundesliga
Crystal Palace,13,Premier League
Incheon United,83,K League 1
Mansfield Town,61,League Two
Daegu,83,K League 1
Sheffield United,13,Premier League
Ternana,32,Serie B
Suwon Bluewings,83,K League 1
Preußen Münster,2076,3. Liga
Mansfield Town,61,League Two
Westerlo,4,Pro League
Mansfield Town,61,League Two
Notts County,61,League Two
Colchester United,61,League Two
Brentford,13,Premier League
Fortuna Düsseldorf,20,2. Bundesliga
Rio Ave,308,Primeira Liga
Deportivo Cuenca,2018,Liga Pro
Walsall,61,League Two
Brisbane Roar,351,A-League Men
Peterborough United,60,League One
Hajduk Split,317,Hrvatska nogometna liga
VfB Lübeck,2076,3. Liga
Pohang Steelers,83,K League 1
Stockport County,61,League Two
Degerfors,56,Allsvenskan
Colchester United,61,League Two
Harrogate Town,61,League Two
Huddersfield Town,14,Championship
Al Ahli Jeddah,350,Pro League
CFR Cluj,330,Liga I
Bolton Wanderers,60,League One
Haugesund,41,Eliteserien
Carlisle United,60,League One
Borussia Dortmund,19,Bundesliga
SSC Farul,330,Liga I
Chaves,308,Primeira Liga
Celta de Vigo,53,La Liga
Caen,17,Ligue 2
Mansfield Town,61,League Two
Concarneau,17,Ligue 2
Galatasaray,68,Süper Lig
Vitesse,10,Eredivisie
Port Vale,60,League One
Deportes Tolima,336,Categoría Primera A
Stade de Reims,16,Ligue 1
Slavia Praha,319,First League
Degerfors,56,Allsvenskan
OB,1,Superliga
Sirius,56,Allsvenskan
Bordeaux,17,Ligue 2
Odd,41,Eliteserien
Trabzonspor,68,Süper Lig
Vancouver Whitecaps,39,Major League Soccer
Shamrock Rovers,65,Premier Division
Vejle,1,Superliga
Brann,41,Eliteserien
Crewe Alexandra,61,League Two
Stevenage,60,League One
Sandhausen,2076,3. Liga
Atlético Madrid,53,La Liga
Brøndby,1,Superliga
U Craiova 1948,330,Liga I
Tenerife,54,La Liga 2
Spezia,32,Serie B
Milan,31,Serie A
Sandhausen,2076,3. Liga
Wehen Wiesbaden,20,2. Bundesliga
Bristol Rovers,60,League One
Torino,31,Serie A
Gent,4,Pro League
St. Gallen,189,Super League
Fleetwood Town,60,League One
Harrogate Town,61,League Two
Stal Mielec,66,Ekstraklasa
Tranmere Rovers,61,League Two
Dinamo Bucureşti,330,Liga I
Antalyaspor,68,Süper Lig
Quevilly Rouen,17,Ligue 2
Danubio,338,Primera División
Doncaster Rovers,61,League Two
Burton Albion,60,League One
Shelbourne,65,Premier Division
Annecy,17,Ligue 2
Brisbane Roar,351,A-League Men
Everton,13,Premier League
Deportivo Alavés,53,La Liga
,,
Sporting Charleroi,4,Pro League
Sampdoria,32,Serie B
Hertha BSC,20,2. Bundesliga
Tenerife,54,La Liga 2
Gillingham,61,League Two
Leyton Orient,60,League One
Sporting Kansas City,39,Major League Soccer
Austria Klagenfurt,80,Bundesliga
Al Shabab,350,Pro League
Swindon Town,61,League Two
Melbourne City,351,A-League Men
Leyton Orient,60,League One
Erzgebirge Aue,2076,3. Liga
Defensor Sporting,338,Primera División
MSV Duisburg,2076,3. Liga
Shamrock Rovers,65,Premier Division
Bristol Rovers,60,League One
Juventus,31,Serie A
Accrington Stanley,61,League Two
Chengdu Rongcheng,2012,Super League
LA Galaxy,39,Major League Soccer
Warta Poznań,66,Ekstraklasa
FC Twente,10,Eredivisie
Alcorcón,54,La Liga 2
Borussia Dortmund,19,Bundesliga
Banfield,353,Liga Profesional de Fútbol
MSV Duisburg,2076,3. Liga
Pogoń Szczecin,66,Ekstraklasa
Elche,54,La Liga 2
New York RB,39,Major League Soccer
Troyes,17,Ligue 2
Cosenza,32,Serie B
Portimonense,308,Primeira Liga
Schalke 04,20,2. Bundesliga
Barrow,61,League Two
Dunkerque,17,Ligue 2
Rheindorf Altach,80,Bundesliga
Verl,2076,3. Liga
Leyton Orient,60,League One
Rodez,17,Ligue 2
Waldhof Mannheim,2076,3. Liga
Oțelul Galați,330,Liga I
Sirius,56,Allsvenskan
Hammarby,56,Allsvenskan
Deportivo Táchira,2019,Primera Division
Inter Miami,39,Major League Soccer
Shanghai Port,2012,Super League
Real Valladolid,54,La Liga 2
Western Sydney Wanderers,351,A-League Men
Wigan Athletic,60,League One
Eintracht Frankfurt,19,Bundesliga
Jagiellonia Białystok,66,Ekstraklasa
Al Hazem,350,Pro League
Ross County,50,Premiership
VfB Lübeck,2076,3. Liga
Gil Vicente,308,Primeira Liga
LOSC Lille,16,Ligue 1
Voluntari,330,Liga I
Al Ain,2013,Pro League
Getafe,53,La Liga
Guabirá,2017,División de Fútbol Profesional
Shrewsbury Town,60,League One
Colo-Colo,335,Primera Division
Liverpool,338,Primera División
Barracas Central,353,Liga Profesional de Fútbol
Liverpool,13,Premier League
Sligo Rovers,65,Premier Division
Ulm,2076,3. Liga
Petrolul 52,330,Liga I
Real Betis,53,La Liga
Metz,16,Ligue 1
Gangwon,83,K League 1
Cangzhou Mighty Lions,2012,Super League
Sligo Rovers,65,Premier Division
Strømsgodset,41,Eliteserien
Wigan Athletic,60,League One
Doncaster Rovers,61,League Two
Kilmarnock,50,Premiership
Wrexham,61,League Two
Academia Puerto Cabello,2019,Primera Division
Getafe,53,La Liga
Hallescher FC,2076,3. Liga
Livingston,50,Premiership
Hvidovre,1,Superliga
Ingolstadt,2076,3. Liga
Austria Wien,80,Bundesliga
Houston Dynamo,39,Major League Soccer
Almere City,10,Eredivisie
Haugesund,41,Eliteserien
Bristol Rovers,60,League One
Tacuary,337,Primera División
ŁKS Łódź,66,Ekstraklasa
Swindon Town,61,League Two
Sporting Gijón,54,La Liga 2
Girona,53,La Liga
St Patrick's,65,Premier Division
San Jose Earthquakes,39,Major League Soccer
Vejle,1,Superliga
MSV Duisburg,2076,3. Liga
Ross County,50,Premiership
Nashville SC,39,Major League Soccer
Grimsby Town,61,League Two
Universitatea Cluj,330,Liga I
Fortuna Düsseldorf,20,2. Bundesliga
Unterhaching,2076,3. Liga
Gil Vicente,308,Primeira Liga
AS Eupen,4,Pro League
Cangzhou Mighty Lions,2012,Super League
Quevilly Rouen,17,Ligue 2
St Patrick's,65,Premier Division
Blooming,2017,División de Fútbol Profesional
Exeter City,60,League One
Angers SCO,17,Ligue 2
Cheltenham Town,60,League One
Go Ahead Eagles,10,Eredivisie
Newport County,61,League Two
Petrolul 52,330,Liga I
Newcastle Jets,351,A-League Men
Northampton Town,60,League One
Real Sociedad,53,La Liga
Cardiff City,14,Championship
Clermont,16,Ligue 1
Barrow,61,League Two
Norrköping,56,Allsvenskan
Danubio,338,Primera División
Ascoli,32,Serie B
CSM Politehnica Iași,330,Liga I
Gwangju,83,K League 1
Derry City,65,Premier Division
Stevenage,60,League One
Pau,17,Ligue 2
Stevenage,60,League One
Preußen Münster,2076,3. Liga
Colón,353,Liga Profesional de Fútbol
Forest Green Rovers,61,League Two
Ross County,50,Premiership
Los Angeles FC,39,Major League Soccer
Mjällby,56,Allsvenskan
Charlton Athletic,60,League One
Colo-Colo,335,Primera Division
Hajduk Split,317,Hrvatska nogometna liga
Forest Green Rovers,61,League Two
Crewe Alexandra,61,League Two
Huesca,54,La Liga 2
Rheindorf Altach,80,Bundesliga
AFC Wimbledon,61,League Two
Aalesund,41,Eliteserien
Blackburn Rovers,14,Championship
Dundee,50,Premiership
Saarbrücken,2076,3. Liga
İstanbulspor,68,Süper Lig
Modena,32,Serie B
Accrington Stanley,61,League Two
Platense,353,Liga Profesional de Fútbol
Waldhof Mannheim,2076,3. Liga
Botoşani,330,Liga I
Defensa y Justicia,353,Liga Profesional de Fútbol
Bohemians,65,Premier Division
Guingamp,17,Ligue 2
Stabæk,41,Eliteserien
Ajax,10,Eredivisie
Colchester United,61,League Two
Incheon United,83,K League 1
Barrow,61,League Two
Fleetwood Town,60,League One
Suwon,83,K League 1
PSV,10,Eredivisie
Le Havre,16,Ligue 1
Saint Louis City,39,Major League Soccer
Hallescher FC,2076,3. Liga
Konyaspor,68,Süper Lig
Villarreal II,54,La Liga 2
Espanyol,54,La Liga 2
St Patrick's,65,Premier Division
Delfin,2018,Liga Pro
APOEL,318,1. Division
Carlisle United,60,League One
Grasshopper,189,Super League
Blau-Weiß Linz,80,Bundesliga
Varberg BoIS,56,Allsvenskan
Lecce,31,Serie A
Brann,41,Eliteserien
Mallorca,53,La Liga
Swindon Town,61,League Two
Yverdon Sport,189,Super League
Peterborough United,60,League One
VfB Lübeck,2076,3. Liga
Central Coast Mariners,351,A-League Men
Forest Green Rovers,61,League Two
Vålerenga,41,Eliteserien
Metropolitanos,2019,Primera Division
Western Sydney Wanderers,351,A-League Men
Lecco,32,Serie B
Daejeon Citizen,83,K League 1
Tacuary,337,Primera División
Charlton Athletic,60,League One
Vancouver Whitecaps,39,Major League Soccer
Audax Italiano,335,Primera Division
Central Coast Mariners,351,A-League Men
Dundee,50,Premiership
Austria Klagenfurt,80,Bundesliga
Villarreal II,54,La Liga 2
Abha,350,Pro League
Bohemians,65,Premier Division
Salford City,61,League Two
Estudiantes Mérida,2019,Primera Division
Cerro Porteño,337,Primera División
Catanzaro,32,Serie B
Rizespor,68,Süper Lig
Stevenage,60,League One
Nordsjælland,1,Superliga
Sporting Gijón,54,La Liga 2
Rizespor,68,Süper Lig
Lincoln City,60,League One
Blau-Weiß Linz,80,Bundesliga
Vancouver Whitecaps,39,Major League Soccer
Toronto,39,Major League Soccer
Al Khaleej,350,Pro League
Burton Albion,60,League One
Atlético Tucumán,353,Liga Profesional de Fútbol
MSV Duisburg,2076,3. Liga
Manchester City,13,Premier League
Bolton Wanderers,60,League One
Almería,53,La Liga
Werder Bremen,19,Bundesliga
Nantes,16,Ligue 1
Cangzhou Mighty Lions,2012,Super League
Concarneau,17,Ligue 2
RB Leipzig,19,Bundesliga
Meizhou Hakka,2012,Super League
Hannover 96,20,2. Bundesliga
César Vallejo,2020,Primera Division
Widzew Łódź,66,Ekstraklasa
Mansfield Town,61,League Two
Hannover 96,20,2. Bundesliga
Tranmere Rovers,61,League Two
Genoa,31,Serie A
Hatayspor,68,Süper Lig
Grimsby Town,61,League Two
Notts County,61,League Two
Gwangju,83,K League 1
Salford City,61,League Two
Rodez,17,Ligue 2
Oțelul Galați,330,Liga I
Moreirense,308,Primeira Liga
Ruch Chorzów,66,Ekstraklasa
Platense,353,Liga Profesional de Fútbol
Henan,2012,Super League
Guingamp,17,Ligue 2
UTA Arad,330,Liga I
Paris Saint Germain,16,Ligue 1
NEC,10,Eredivisie
Pau,17,Ligue 2
Doncaster Rovers,61,League Two
Caen,17,Ligue 2
Wrexham,61,League Two
VfB Lübeck,2076,3. Liga
Oțelul Galați,330,Liga I
Freiburg II,2076,3. Liga
VfB Stuttgart,19,Bundesliga
Vejle,1,Superliga
Harrogate Town,61,League Two
SC Heerenveen,10,Eredivisie
Villarreal II,54,La Liga 2
Bastia,17,Ligue 2
Feyenoord,10,Eredivisie
Águilas Doradas,336,Categoría Primera A
Midtjylland,1,Superliga
Incheon United,83,K League 1
Stal Mielec,66,Ekstraklasa
Bradford City,61,League Two
Crawley Town,61,League Two
Palmaflor del Trópico,2017,División de Fútbol Profesional
Tranmere Rovers,61,League Two
Shanghai Shenhua,2012,Super League
Brisbane Roar,351,A-League Men
Ross County,50,Premiership
Crewe Alexandra,61,League Two
Mjällby,56,Allsvenskan
Metropolitanos,2019,Primera Division
Stal Mielec,66,Ekstraklasa
Meizhou Hakka,2012,Super League
Livingston,50,Premiership
Dundee,50,Premiership
Forest Green Rovers,61,League Two
Zürich,189,Super League
Harrogate Town,61,League Two
Morecambe,61,League Two
Motherwell,50,Premiership
Jeonbuk Motors,83,K League 1
Charlton Athletic,60,League One
Mirandés,54,La Liga 2
Bristol Rovers,60,League One
Bastia,17,Ligue 2
Queens Park Rangers,14,Championship
Bari 1908,32,Serie B
Stade Lausanne-Ouchy,189,Super League
Samsunspor,68,Süper Lig
Nürnberg,20,2. Bundesliga
Reading,60,League One
Al Ahli Jeddah,350,Pro League
Hamburger SV,20,2. Bundesliga
Real Oviedo,54,La Liga 2
Adelaide United,351,A-League Men
Ulsan,83,K League 1
MSV Duisburg,2076,3. Liga
Metz,16,Ligue 1
Wuhan Three Towns,2012,Super League
Incheon United,83,K League 1
HamKam,41,Eliteserien
Oțelul Galați,330,Liga I
Catanzaro,32,Serie B
Dallas,39,Major League Soccer
Bristol Rovers,60,League One
Walsall,61,League Two
Ross County,50,Premiership
Guingamp,17,Ligue 2
VfB Lübeck,2076,3. Liga
Sparta Rotterdam,10,Eredivisie
Chaves,308,Primeira Liga
ŁKS Łódź,66,Ekstraklasa
Puszcza Niepołomice,66,Ekstraklasa
Blooming,2017,División de Fútbol Profesional
Widzew Łódź,66,Ekstraklasa
İstanbulspor,68,Süper Lig
Puszcza Niepołomice,66,Ekstraklasa
Blau-Weiß Linz,80,Bundesliga
Ruch Chorzów,66,Ekstraklasa
Erzgebirge Aue,2076,3. Liga
Grimsby Town,61,League Two
Derry City,65,Premier Division
Gillingham,61,League Two
Colorado Rapids,39,Major League Soccer
Pohang Steelers,83,K League 1
Botoşani,330,Liga I
LASK Linz,80,Bundesliga
Henan,2012,Super League
Grimsby Town,61,League Two
Boavista,308,Primeira Liga
Gwangju,83,K League 1
Minnesota United,39,Major League Soccer
WSG Tirol,80,Bundesliga
Aalesund,41,Eliteserien
Lens,16,Ligue 1
Ulm,2076,3. Liga
Ulm,2076,3. Liga
,,
Dynamo Kyiv,332,Premier League
Roma,31,Serie A
Morecambe,61,League Two
Oxford United,60,League One
Ternana,32,Serie B
Hallescher FC,2076,3. Liga
Harrogate Town,61,League Two
Boavista,308,Primeira Liga
Dallas,39,Major League Soccer
Sirius,56,Allsvenskan
Shanghai Port,2012,Super League
Korona Kielce,66,Ekstraklasa
Columbus Crew,39,Major League Soccer
Águilas Doradas,336,Categoría Primera A
Portimonense,308,Primeira Liga
Emelec,2018,Liga Pro
Sligo Rovers,65,Premier Division
Alcorcón,54,La Liga 2
Alcorcón,54,La Liga 2
Blooming,2017,División de Fútbol Profesional
Dunkerque,17,Ligue 2
Tigre,353,Liga Profesional de Fútbol
Fortuna Sittard,10,Eredivisie
Reading,60,League One
Toulouse,16,Ligue 1
Grimsby Town,61,League Two
Ingolstadt,2076,3. Liga
Universitatea Cluj,330,Liga I
Port Vale,60,League One
Blackpool,60,League One
Austria Klagenfurt,80,Bundesliga
Barrow,61,League Two
Valencia,53,La Liga
Viktoria Köln,2076,3. Liga
Nacional,338,Primera División
Go Ahead Eagles,10,Eredivisie
Independiente Medellín,336,Categoría Primera A
Sampdoria,32,Serie B
Estudiantes Mérida,2019,Primera Division
Bradford City,61,League Two
Luzern,189,Super League
Godoy Cruz,353,Liga Profesional de Fútbol
Hertha BSC,20,2. Bundesliga
Magallanes,335,Primera Division
Harrogate Town,61,League Two
St. Johnstone,50,Premiership
Monagas,2019,Primera Division
Incheon United,83,K League 1
San Jose Earthquakes,39,Major League Soccer
Varberg BoIS,56,Allsvenskan
Sirius,56,Allsvenskan
Bodø / Glimt,41,Eliteserien
Fortuna Sittard,10,Eredivisie
Stockport County,61,League Two
Chengdu Rongcheng,2012,Super League
Degerfors,56,Allsvenskan
Cheltenham Town,60,League One
Lausanne Sport,189,Super League
VfL Bochum 1848,19,Bundesliga
Dundalk,65,Premier Division
Suwon Bluewings,83,K League 1
ŁKS Łódź,66,Ekstraklasa
Alianza Lima,2020,Primera Division
Harrogate Town,61,League Two
Mumbai City,2149,Super League
Nashville SC,39,Major League Soccer
Motherwell,50,Premiership
River Plate,353,Liga Profesional de Fútbol
Levante,54,La Liga 2
Ascoli,32,Serie B
Tromsø,41,Eliteserien
Brighton & Hove Albion,13,Premier League
Lanús,353,Liga Profesional de Fútbol
VfB Lübeck,2076,3. Liga
Freiburg II,2076,3. Liga
Kayserispor,68,Süper Lig
Milton Keynes Dons,61,League Two
Derby County,60,League One
VfB Lübeck,2076,3. Liga
Magallanes,335,Primera Division
Salford City,61,League Two
Portimonense,308,Primeira Liga
Exeter City,60,League One
Northampton Town,60,League One
Mjällby,56,Allsvenskan
FC Volendam,10,Eredivisie
1860 München,2076,3. Liga
Al Raed,350,Pro League
Godoy Cruz,353,Liga Profesional de Fútbol
Sevilla,53,La Liga
Al Hazem,350,Pro League
Nashville SC,39,Major League Soccer
Bradford City,61,League Two
Defensa y Justicia,353,Liga Profesional de Fútbol
Forest Green Rovers,61,League Two
PSV,10,Eredivisie
CSM Politehnica Iași,330,Liga I
Gillingham,61,League Two
VfB Lübeck,2076,3. Liga
Winterthur,189,Super League
Sirius,56,Allsvenskan
Hatayspor,68,Süper Lig
İstanbulspor,68,Süper Lig
Paris,17,Ligue 2
VfB Lübeck,2076,3. Liga
Roma,31,Serie A
Al Ahli Jeddah,350,Pro League
Casa Pia,308,Primeira Liga
Mjällby,56,Allsvenskan
Sutton United,61,League Two
Dinamo Bucureşti,330,Liga I
Pisa,32,Serie B
Blackpool,60,League One
Hvidovre,1,Superliga
Al Ain,2013,Pro League
Vancouver Whitecaps,39,Major League Soccer
Suwon,83,K League 1
Houston Dynamo,39,Major League Soccer
Punjab,2149,Super League
Amiens SC,17,Ligue 2
Nashville SC,39,Major League Soccer
AIK,56,Allsvenskan
Sporting Kansas City,39,Major League Soccer
Bradford City,61,League Two
FeralpiSalò,32,Serie B
Cheltenham Town,60,League One
Dunkerque,17,Ligue 2
Juventus,31,Serie A
Perth Glory,351,A-League Men
Grimsby Town,61,League Two
Zhejiang,2012,Super League
Águilas Doradas,336,Categoría Primera A
Ingolstadt,2076,3. Liga
ŁKS Łódź,66,Ekstraklasa
Shamrock Rovers,65,Premier Division
Wrexham,61,League Two
AFC Wimbledon,61,League Two
Wellington Phoenix,351,A-League Men
Bolton Wanderers,60,League One
Shelbourne,65,Premier Division
Suwon Bluewings,83,K League 1
Saint Louis City,39,Major League Soccer
Cercle Brugge,4,Pro League
Shrewsbury Town,60,League One
Puszcza Niepołomice,66,Ekstraklasa
Farense,308,Primeira Liga
Argentinos Juniors,353,Liga Profesional de Fútbol
Alanyaspor,68,Süper Lig
Varberg BoIS,56,Allsvenskan
Al Tai,350,Pro League
Al Ettifaq,350,Pro League
Silkeborg,1,Superliga
Lincoln City,60,League One
Real Betis,53,La Liga
Girona,53,La Liga
Shanghai Shenhua,2012,Super League
Saint-Étienne,17,Ligue 2
Preston North End,14,Championship
Girona,53,La Liga
OB,1,Superliga
Independiente,353,Liga Profesional de Fútbol
Charlotte,39,Major League Soccer
Gil Vicente,308,Primeira Liga
Atlético Tucumán,353,Liga Profesional de Fútbol
Accrington Stanley,61,League Two
Kortrijk,4,Pro League
Rot-Weiss Essen,2076,3. Liga
Guaraní,337,Primera División
Paderborn,20,2. Bundesliga
Halmstad,56,Allsvenskan
Goa,2149,Super League
Viktoria Köln,2076,3. Liga
Aalesund,41,Eliteserien
Feyenoord,10,Eredivisie
Magallanes,335,Primera Division
Gwangju,83,K League 1
Shrewsbury Town,60,League One
Vejle,1,Superliga
Shanghai Shenhua,2012,Super League
ATK Mohun Bagan,2149,Super League
Sporting Gijón,54,La Liga 2
Elfsborg,56,Allsvenskan
Quevilly Rouen,17,Ligue 2
Bristol City,14,Championship
Tianjin Jinmen Tiger,2012,Super League
Heracles Almelo,10,Eredivisie
Hammarby,56,Allsvenskan
Sporting Kansas City,39,Major League Soccer
Laval,17,Ligue 2
Universidad Católica,335,Primera Division
Emelec,2018,Liga Pro
Rizespor,68,Süper Lig
Dalian Professional,2012,Super League
Vizela,308,Primeira Liga
Guaraní,337,Primera División
Hvidovre,1,Superliga
Livingston,50,Premiership
Stal Mielec,66,Ekstraklasa
Atlético Tucumán,353,Liga Profesional de Fútbol
Puszcza Niepołomice,66,Ekstraklasa
Accrington Stanley,61,League Two
Auxerre,17,Ligue 2
Stal Mielec,66,Ekstraklasa
Stevenage,60,League One
Leyton Orient,60,League One
,,
Trabzonspor,68,Süper Lig
Al Fateh,350,Pro League
Sandefjord,41,Eliteserien
Sampdoria,32,Serie B
Amiens SC,17,Ligue 2
Al Okhdood,350,Pro League
FC Cartagena,54,La Liga 2
Gillingham,61,League Two
Haugesund,41,Eliteserien
Botoşani,330,Liga I
Spezia,32,Serie B
FC Volendam,10,Eredivisie
Cercle Brugge,4,Pro League
Melgar,2020,Primera Division
Levante,54,La Liga 2
San Jose Earthquakes,39,Major League Soccer
CSM Politehnica Iași,330,Liga I
Exeter City,60,League One
Melbourne Victory,351,A-League Men
Hallescher FC,2076,3. Liga
Radomiak Radom,66,Ekstraklasa
Häcken,56,Allsvenskan
Gimnasia La Plata,353,Liga Profesional de Fútbol
Doncaster Rovers,61,League Two
Venezia,32,Serie B
Botoşani,330,Liga I
Millonarios,336,Categoría Primera A
Macarthur,351,A-League Men
Ternana,32,Serie B
LASK Linz,80,Bundesliga
VfL Wolfsburg,19,Bundesliga
Mjällby,56,Allsvenskan
Frosinone,31,Serie A
Casa Pia,308,Primeira Liga
Winterthur,189,Super League
Midtjylland,1,Superliga
Stockport County,61,League Two
Winterthur,189,Super League
Sirius,56,Allsvenskan
Burgos,54,La Liga 2
Kerala Blasters,2149,Super League
Stockport County,61,League Two
Widzew Łódź,66,Ekstraklasa
Girona,53,La Liga
Brommapojkarna,56,Allsvenskan
Hibernian,50,Premiership
Queens Park Rangers,14,Championship
Hammarby,56,Allsvenskan
Lugano,189,Super League
Stabæk,41,Eliteserien
Crawley Town,61,League Two
Cheltenham Town,60,League One
Western United,351,A-League Men
Al Riyadh,350,Pro League
LDU Quito,2018,Liga Pro
Chicago Fire,39,Major League Soccer
Sheffield Wednesday,14,Championship
Tranmere Rovers,61,League Two
Moreirense,308,Primeira Liga
Barcelona Guayaquil,2018,Liga Pro
Varberg BoIS,56,Allsvenskan
Ternana,32,Serie B
Doncaster Rovers,61,League Two
Argentinos Juniors,353,Liga Profesional de Fútbol
Lyngby,1,Superliga
Ruch Chorzów,66,Ekstraklasa
Pohang Steelers,83,K League 1
Daejeon Citizen,83,K League 1
Atalanta,31,Serie A
Palestino,335,Primera Division
Feyenoord,10,Eredivisie
Albacete,54,La Liga 2
Puszcza Niepołomice,66,Ekstraklasa
Al Ain,2013,Pro League
İstanbulspor,68,Süper Lig
Rot-Weiss Essen,2076,3. Liga
ATK Mohun Bagan,2149,Super League
Standard Liège,4,Pro League
VfB Stuttgart,19,Bundesliga
Villarreal II,54,La Liga 2
Oțelul Galați,330,Liga I
Cambridge United,60,League One
Newell's Old Boys,353,Liga Profesional de Fútbol
Torino,31,Serie A
Bengaluru,2149,Super League
Lillestrøm,41,Eliteserien
Strømsgodset,41,Eliteserien
Wrexham,61,League Two
Barrow,61,League Two
Brescia,32,Serie B
Ulm,2076,3. Liga
Hermannstadt,330,Liga I
Ulm,2076,3. Liga
Farense,308,Primeira Liga
Elfsborg,56,Allsvenskan
Doncaster Rovers,61,League Two
Mumbai City,2149,Super League
Oțelul Galați,330,Liga I
Guaraní,337,Primera División
Gaziantep F.K.,68,Süper Lig
Universidad Católica,335,Primera Division
Empoli,31,Serie A
Burgos,54,La Liga 2
Milton Keynes Dons,61,League Two
Gillingham,61,League Two
Brommapojkarna,56,Allsvenskan
Grenoble Foot 38,17,Ligue 2
Damac,350,Pro League
Damac,350,Pro League
Instituto,353,Liga Profesional de Fútbol
DSC Arminia Bielefeld,2076,3. Liga
Elche,54,La Liga 2
Damac,350,Pro League
Changchun Yatai,2012,Super League
Rot-Weiss Essen,2076,3. Liga
San Jose Earthquakes,39,Major League Soccer
Notts County,61,League Two
Stade Lausanne-Ouchy,189,Super League
Delfin,2018,Liga Pro
Real Valladolid,54,La Liga 2
Colo-Colo,335,Primera Division
Salford City,61,League Two
Tacuary,337,Primera División
Barnsley,60,League One
Houston Dynamo,39,Major League Soccer
Karlsruher SC,20,2. Bundesliga
Real Salt Lake,39,Major League Soccer
Legia Warszawa,66,Ekstraklasa
Adana Demirspor,68,Süper Lig
Crystal Palace,13,Premier League
Śląsk Wrocław,66,Ekstraklasa
Arsenal de Sarandi,353,Liga Profesional de Fútbol
Accrington Stanley,61,League Two
Gwangju,83,K League 1
St. Johnstone,50,Premiership
Tacuary,337,Primera División
Norrköping,56,Allsvenskan
Al Tai,350,Pro League
Milan,31,Serie A
Al Ain,2013,Pro League
Al Fateh,350,Pro League
Konyaspor,68,Süper Lig
Stade de Reims,16,Ligue 1
Barnsley,60,League One
Newport County,61,League Two
Metropolitanos,2019,Primera Division
Aucas,2018,Liga Pro
Reggiana,32,Serie B
Doncaster Rovers,61,League Two
Kilmarnock,50,Premiership
Puszcza Niepołomice,66,Ekstraklasa
Al Hazem,350,Pro League
Instituto,353,Liga Profesional de Fútbol
Shakhtar Donetsk,332,Premier League
Hvidovre,1,Superliga
Grasshopper,189,Super League
Zagłębie Lubin,66,Ekstraklasa
Magdeburg,20,2. Bundesliga
Zhejiang,2012,Super League
Dundalk,65,Premier Division
Werder Bremen,19,Bundesliga
Genk,4,Pro League
Unión Santa Fe,353,Liga Profesional de Fútbol
Varberg BoIS,56,Allsvenskan
AGF,1,Superliga
ATK Mohun Bagan,2149,Super League
Yverdon Sport,189,Super League
Liverpool,338,Primera División
Nantes,16,Ligue 1
Milton Keynes Dons,61,League Two
Cambridge United,60,League One
Fleetwood Town,60,League One
Wigan Athletic,60,League One
Sevilla,53,La Liga
Dundee,50,Premiership
Varberg BoIS,56,Allsvenskan
Club Brugge,4,Pro League
IFK Göteborg,56,Allsvenskan
Suwon Bluewings,83,K League 1
Caen,17,Ligue 2
Northampton Town,60,League One
Dundalk,65,Premier Division
Mansfield Town,61,League Two
Exeter City,60,League One
Jahn Regensburg,2076,3. Liga
IFK Göteborg,56,Allsvenskan
FC Bayern München,19,Bundesliga
Colchester United,61,League Two
Amorebieta,54,La Liga 2
Metz,16,Ligue 1
St. Mirren,50,Premiership
Reading,60,League One
Almería,53,La Liga
Norrköping,56,Allsvenskan
Mansfield Town,61,League Two
Warta Poznań,66,Ekstraklasa
Swindon Town,61,League Two
Mjällby,56,Allsvenskan
VfB Stuttgart,19,Bundesliga
Vitória SC,308,Primeira Liga
Suwon,83,K League 1
Hatayspor,68,Süper Lig
Konyaspor,68,Süper Lig
Levante,54,La Liga 2
Ruch Chorzów,66,Ekstraklasa
Adelaide United,351,A-League Men
Excelsior,10,Eredivisie
Eintracht Braunschweig,20,2. Bundesliga
Dunkerque,17,Ligue 2
Ruch Chorzów,66,Ekstraklasa
Albacete,54,La Liga 2
Cobresal,335,Primera Division
Crewe Alexandra,61,League Two
Oriente Petrolero,2017,División de Fútbol Profesional
Blau-Weiß Linz,80,Bundesliga
FC Cartagena,54,La Liga 2
Sutton United,61,League Two
Ingolstadt,2076,3. Liga
Millwall,14,Championship
Cittadella,32,Serie B
Bordeaux,17,Ligue 2
AFC Wimbledon,61,League Two
Motherwell,50,Premiership
Estoril,308,Primeira Liga
Stevenage,60,League One
Stal Mielec,66,Ekstraklasa
Ajaccio,17,Ligue 2
Sutton United,61,League Two
Aalesund,41,Eliteserien
1860 München,2076,3. Liga
RB Leipzig,19,Bundesliga
Raków Częstochowa,66,Ekstraklasa
Deportivo Cuenca,2018,Liga Pro
Hallescher FC,2076,3. Liga
Cambridge United,60,League One
General Caballero JLM,337,Primera División
Motherwell,50,Premiership
Portimonense,308,Primeira Liga
Motherwell,50,Premiership
Villarreal,53,La Liga
Port Vale,60,League One
Wigan Athletic,60,League One
Hellas Verona,31,Serie A
Jeju United,83,K League 1
ŁKS Łódź,66,Ekstraklasa
Oxford United,60,League One
FC Bayern München,19,Bundesliga
Newcastle Jets,351,A-League Men
Sandefjord,41,Eliteserien
Manchester City,13,Premier League
Western Sydney Wanderers,351,A-League Men
PEC Zwolle,10,Eredivisie
Talleres Córdoba,353,Liga Profesional de Fútbol
Melgar,2020,Primera Division
Frosinone,31,Serie A
CSM Politehnica Iași,330,Liga I
St. Gallen,189,Super League
Nantes,16,Ligue 1
Freiburg II,2076,3. Liga
Cheltenham Town,60,League One
Defensa y Justicia,353,Liga Profesional de Fútbol
Rosenborg,41,Eliteserien
Wigan Athletic,60,League One
César Vallejo,2020,Primera Division
Dundee,50,Premiership
Lazio,31,Serie A
Lausanne Sport,189,Super League
OB,1,Superliga
Port Vale,60,League One
ATK Mohun Bagan,2149,Super League
Chengdu Rongcheng,2012,Super League
Atalanta,31,Serie A
Torino,31,Serie A
Almería,53,La Liga
Angers SCO,17,Ligue 2
Al Khaleej,350,Pro League
Qingdao Hainiu,2012,Super League
Wellington Phoenix,351,A-League Men
Erzgebirge Aue,2076,3. Liga
VfB Stuttgart,19,Bundesliga
Livingston,50,Premiership
Bordeaux,17,Ligue 2
Queens Park Rangers,14,Championship
Harrogate Town,61,League Two
Sporting Cristal,2020,Primera Division
Brann,41,Eliteserien
Bologna,31,Serie A
Liverpool,13,Premier League
Vitória SC,308,Primeira Liga
Paderborn,20,2. Bundesliga
Burton Albion,60,League One
St. Johnstone,50,Premiership
Shamrock Rovers,65,Premier Division
Unterhaching,2076,3. Liga
Manchester City,13,Premier League
Annecy,17,Ligue 2
Degerfors,56,Allsvenskan
Belgrano,353,Liga Profesional de Fútbol
Hertha BSC,20,2. Bundesliga
Sirius,56,Allsvenskan
Casa Pia,308,Primeira Liga
Ruch Chorzów,66,Ekstraklasa
Aberdeen,50,Premiership
Doncaster Rovers,61,League Two
Bristol Rovers,60,League One
St Patrick's,65,Premier Division
HamKam,41,Eliteserien
Schalke 04,20,2. Bundesliga
Strømsgodset,41,Eliteserien
Shelbourne,65,Premier Division
AS Eupen,4,Pro League
Dallas,39,Major League Soccer
Sturm Graz,80,Bundesliga
East Bengal,2149,Super League
Central Coast Mariners,351,A-League Men
Barrow,61,League Two
Sint-Truiden,4,Pro League
Al Hazem,350,Pro League
Westerlo,4,Pro League
Forest Green Rovers,61,League Two
Blau-Weiß Linz,80,Bundesliga
Seoul,83,K League 1
Bastia,17,Ligue 2
Sturm Graz,80,Bundesliga
Wolverhampton Wanderers,13,Premier League
Catanzaro,32,Serie B
Olimpia,337,Primera División
Ternana,32,Serie B
Osasuna,53,La Liga
Genk,4,Pro League
Leicester City,14,Championship
Abha,350,Pro League
Viktoria Köln,2076,3. Liga
Harrogate Town,61,League Two
Sirius,56,Allsvenskan
Gent,4,Pro League
Charlotte,39,Major League Soccer
Cincinnati,39,Major League Soccer
FeralpiSalò,32,Serie B
Gillingham,61,League Two
Delfin,2018,Liga Pro
VfB Stuttgart,19,Bundesliga
Widzew Łódź,66,Ekstraklasa
Dunkerque,17,Ligue 2
Al Shabab,350,Pro League
Port Vale,60,League One
San Jose Earthquakes,39,Major League Soccer
Atlético Madrid,53,La Liga
Al Okhdood,350,Pro League
Colchester United,61,League Two
Sandhausen,2076,3. Liga
Birmingham City,14,Championship
Roma,31,Serie A
Luzern,189,Super League
Newport County,61,League Two
Hallescher FC,2076,3. Liga
Al Riyadh,350,Pro League
Sandhausen,2076,3. Liga
Eintracht Braunschweig,20,2. Bundesliga
Universidad Católica,335,Primera Division
Al Khaleej,350,Pro League
Magallanes,335,Primera Division
Bayer 04 Leverkusen,19,Bundesliga
Peterborough United,60,League One
Brommapojkarna,56,Allsvenskan
Grasshopper,189,Super League
Burton Albion,60,League One
Swindon Town,61,League Two
Freiburg II,2076,3. Liga
Borussia Dortmund II,2076,3. Liga
AGF,1,Superliga
Stal Mielec,66,Ekstraklasa
Newport County,61,League Two
Rapid Wien,80,Bundesliga
New York RB,39,Major League Soccer
Leicester City,14,Championship
Mumbai City,2149,Super League
AFC Wimbledon,61,League Two
Preußen Münster,2076,3. Liga
Al Wahda,350,Pro League
CFR Cluj,330,Liga I
Stockport County,61,League Two
Unterhaching,2076,3. Liga
Osnabrück,20,2. Bundesliga
Central Cordoba SdE,353,Liga Profesional de Fútbol
Stade de Reims,16,Ligue 1
AFC Wimbledon,61,League Two
Toronto,39,Major League Soccer
RWDM,4,Pro League
CSM Politehnica Iași,330,Liga I
Shanghai Port,2012,Super League
Brentford,13,Premier League
Kilmarnock,50,Premiership
Pau,17,Ligue 2
Sarmiento,353,Liga Profesional de Fútbol
Hertha BSC,20,2. Bundesliga
Werder Bremen,19,Bundesliga
Portimonense,308,Primeira Liga
Wrexham,61,League Two
Tigre,353,Liga Profesional de Fútbol
Portimonense,308,Primeira Liga
Tigre,353,Liga Profesional de Fútbol
Salford City,61,League Two
Levante,54,La Liga 2
Salzburg,80,Bundesliga
Olimpia,337,Primera División
Manchester United,13,Premier League
Colchester United,61,League Two
Cheltenham Town,60,League One
Bologna,31,Serie A
Suwon,83,K League 1
Norrköping,56,Allsvenskan
Bohemians,65,Premier Division
Wrexham,61,League Two
Sligo Rovers,65,Premier Division
San Lorenzo,353,Liga Profesional de Fútbol
Atlético Madrid,53,La Liga
Forest Green Rovers,61,League Two
Cheltenham Town,60,League One
Grenoble Foot 38,17,Ligue 2
Defensa y Justicia,353,Liga Profesional de Fútbol
Crewe Alexandra,61,League Two
Hertha BSC,20,2. Bundesliga
Vejle,1,Superliga
Wigan Athletic,60,League One
Colchester United,61,League Two
Salford City,61,League Two
Al Raed,350,Pro League
Fleetwood Town,60,League One
Bohemians,65,Premier Division
Accrington Stanley,61,League Two
Stabæk,41,Eliteserien
Kalmar,56,Allsvenskan
Defensa y Justicia,353,Liga Profesional de Fútbol
Levante,54,La Liga 2
Gwangju,83,K League 1
Bradford City,61,League Two
Liverpool,338,Primera División
Hammarby,56,Allsvenskan
Coventry City,14,Championship
FC Volendam,10,Eredivisie
RWDM,4,Pro League
Rodez,17,Ligue 2
Reading,60,League One
Waldhof Mannheim,2076,3. Liga
Gangwon,83,K League 1
Atlético Tucumán,353,Liga Profesional de Fútbol
Bohemians,65,Premier Division
FC Barcelona,53,La Liga
St. Mirren,50,Premiership
Lanús,353,Liga Profesional de Fútbol
Real Betis,53,La Liga
Al Nassr,350,Pro League
LASK Linz,80,Bundesliga
Freiburg II,2076,3. Liga
Werder Bremen,19,Bundesliga
Deportivo Alavés,53,La Liga
Manchester City,13,Premier League
Górnik Zabrze,66,Ekstraklasa
Melbourne Victory,351,A-League Men
Lyngby,1,Superliga
Macarthur,351,A-League Men
Bordeaux,17,Ligue 2
Qingdao Hainiu,2012,Super League
Rotherham United,14,Championship
Alcorcón,54,La Liga 2
Hibernian,50,Premiership
Norrköping,56,Allsvenskan
Chengdu Rongcheng,2012,Super League
Viktoria Köln,2076,3. Liga
Austria Klagenfurt,80,Bundesliga
Exeter City,60,League One
Motherwell,50,Premiership
Gwangju,83,K League 1
Burnley,13,Premier League
Moreirense,308,Primeira Liga
Valencia,53,La Liga
Al Tai,350,Pro League
Newcastle Jets,351,A-League Men
Manchester United,13,Premier League
Molde,41,Eliteserien
Sarpsborg 08,41,Eliteserien
Ajaccio,17,Ligue 2
SC Heerenveen,10,Eredivisie
Changchun Yatai,2012,Super League
Meizhou Hakka,2012,Super League
Le Havre,16,Ligue 1
Changchun Yatai,2012,Super League
Manchester United,13,Premier League
Levante,54,La Liga 2
Colchester United,61,League Two
Doncaster Rovers,61,League Two
Chennaiyin,2149,Super League
Salford City,61,League Two
Zürich,189,Super League
FC Cartagena,54,La Liga 2
Ruch Chorzów,66,Ekstraklasa
Rizespor,68,Süper Lig
Le Havre,16,Ligue 1
Ulsan,83,K League 1
Forest Green Rovers,61,League Two
Carlisle United,60,League One
VfL Bochum 1848,19,Bundesliga
Borussia Dortmund II,2076,3. Liga
Central Cordoba SdE,353,Liga Profesional de Fútbol
Vejle,1,Superliga
Oțelul Galați,330,Liga I
Port Vale,60,League One
Tenerife,54,La Liga 2
Stockport County,61,League Two
Libertad,337,Primera División
Halmstad,56,Allsvenskan
Bohemians,65,Premier Division
Celta de Vigo,53,La Liga
Granada,53,La Liga
Stockport County,61,League Two
Ruch Chorzów,66,Ekstraklasa
Farense,308,Primeira Liga
Shanghai Port,2012,Super League
Bastia,17,Ligue 2
Silkeborg,1,Superliga
Aucas,2018,Liga Pro
Henan,2012,Super League
Danubio,338,Primera División
Liverpool,338,Primera División
Qingdao Hainiu,2012,Super League
Granada,53,La Liga
Al Hilal,350,Pro League
Go Ahead Eagles,10,Eredivisie
Shamrock Rovers,65,Premier Division
Qingdao Hainiu,2012,Super League
Brentford,13,Premier League
Nacional,338,Primera División
Nantong Zhiyun,2012,Super League
Brisbane Roar,351,A-League Men
Bordeaux,17,Ligue 2
Harrogate Town,61,League Two
Quevilly Rouen,17,Ligue 2
Dundalk,65,Premier Division
AFC Wimbledon,61,League Two
SC Heerenveen,10,Eredivisie
Brentford,13,Premier League
Ternana,32,Serie B
Eintracht Frankfurt,19,Bundesliga
Nürnberg,20,2. Bundesliga
Puszcza Niepołomice,66,Ekstraklasa
Vitória SC,308,Primeira Liga
Sportivo Ameliano,337,Primera División
Alcorcón,54,La Liga 2
Sarmiento,353,Liga Profesional de Fútbol
Al Tai,350,Pro League
Newport County,61,League Two
Rapid Wien,80,Bundesliga
Aalesund,41,Eliteserien
Valencia,53,La Liga
Barnsley,60,League One
Stabæk,41,Eliteserien
Kilmarnock,50,Premiership
Halmstad,56,Allsvenskan
Bolívar,2017,División de Fútbol Profesional
Port Vale,60,League One
Shanghai Port,2012,Super League
Borussia Dortmund II,2076,3. Liga
Blau-Weiß Linz,80,Bundesliga
Austria Lustenau,80,Bundesliga
Luton Town,13,Premier League
Magallanes,335,Primera Division
Frosinone,31,Serie A
SC Heerenveen,10,Eredivisie
Crawley Town,61,League Two
Notts County,61,League Two
Daejeon Citizen,83,K League 1
Chelsea,13,Premier League
Manchester City,13,Premier League
Villarreal II,54,La Liga 2
Tranmere Rovers,61,League Two
Perth Glory,351,A-League Men
Changchun Yatai,2012,Super League
Sturm Graz,80,Bundesliga
Racing Club,353,Liga Profesional de Fútbol
Viktoria Plzeň,319,First League
Sarpsborg 08,41,Eliteserien
Häcken,56,Allsvenskan
Vitória SC,308,Primeira Liga
Rodez,17,Ligue 2
Newcastle Jets,351,A-League Men
Tigre,353,Liga Profesional de Fútbol
Blau-Weiß Linz,80,Bundesliga
Dinamo Bucureşti,330,Liga I
Gent,4,Pro League
Huracán,353,Liga Profesional de Fútbol
Águilas Doradas,336,Categoría Primera A
Valenciennes,17,Ligue 2
Osnabrück,20,2. Bundesliga
Widzew Łódź,66,Ekstraklasa
Toulouse,16,Ligue 1
Cheltenham Town,60,League One
Notts County,61,League Two
Luzern,189,Super League
Paderborn,20,2. Bundesliga
Borussia Dortmund II,2076,3. Liga
Ternana,32,Serie B
Nantong Zhiyun,2012,Super League
Colchester United,61,League Two
Delfin,2018,Liga Pro
Sportivo Ameliano,337,Primera División
Swindon Town,61,League Two
Crawley Town,61,League Two
Sutton United,61,League Two
Derry City,65,Premier Division
Bolívar,2017,División de Fútbol Profesional
Tottenham Hotspur,13,Premier League
Genk,4,Pro League
Al Khaleej,350,Pro League
Dynamo Kyiv,332,Premier League
Racing Santander,54,La Liga 2
Konyaspor,68,Süper Lig
Walsall,61,League Two
Häcken,56,Allsvenskan
Philadelphia Union,39,Major League Soccer
VfL Wolfsburg,19,Bundesliga
Sydney FC,351,A-League Men
Estudiantes Mérida,2019,Primera Division
Al Tai,350,Pro League
Sporting Kansas City,39,Major League Soccer
FSV Mainz 05,19,Bundesliga
Palestino,335,Primera Division
Grimsby Town,61,League Two
Sutton United,61,League Two
Hermannstadt,330,Liga I
Real Salt Lake,39,Major League Soccer
Doncaster Rovers,61,League Two
VfB Stuttgart,19,Bundesliga
Brentford,13,Premier League
Rennes,16,Ligue 1
Morecambe,61,League Two
Newport County,61,League Two
Brommapojkarna,56,Allsvenskan
Laval,17,Ligue 2
Paderborn,20,2. Bundesliga
Austria Lustenau,80,Bundesliga
Palestino,335,Primera Division
CF Montréal,39,Major League Soccer
Stal Mielec,66,Ekstraklasa
Western United,351,A-League Men
Bradford City,61,League Two
Forest Green Rovers,61,League Two
Piast Gliwice,66,Ekstraklasa
Derry City,65,Premier Division
Beijing Guoan,2012,Super League
Mallorca,53,La Liga
Al Fayha,350,Pro League
Brøndby,1,Superliga
Djurgården,56,Allsvenskan
Suwon Bluewings,83,K League 1
Dundee,50,Premiership
Arsenal,13,Premier League
Bastia,17,Ligue 2
Norwich City,14,Championship
Swindon Town,61,League Two
Al Wahda,350,Pro League
RWDM,4,Pro League
Brisbane Roar,351,A-League Men
Eintracht Frankfurt,19,Bundesliga
Morecambe,61,League Two
Grimsby Town,61,League Two
Aberdeen,50,Premiership
Bolívar,2017,División de Fútbol Profesional
Emelec,2018,Liga Pro
DC United,39,Major League Soccer
Livingston,50,Premiership
FC Volendam,10,Eredivisie
Bohemians,65,Premier Division
Dundee,50,Premiership
Zhejiang,2012,Super League
Dundee,50,Premiership
Harrogate Town,61,League Two
Barracas Central,353,Liga Profesional de Fútbol
Stal Mielec,66,Ekstraklasa
Macarthur,351,A-League Men
APOEL,318,1. Division
Valenciennes,17,Ligue 2
Waldhof Mannheim,2076,3. Liga
Sutton United,61,League Two
Elversberg,20,2. Bundesliga
Bohemians,65,Premier Division
Deportivo Alavés,53,La Liga
Leyton Orient,60,League One
Värnamo,56,Allsvenskan
Annecy,17,Ligue 2
Newell's Old Boys,353,Liga Profesional de Fútbol
Annecy,17,Ligue 2
Motherwell,50,Premiership
Exeter City,60,League One
Real Salt Lake,39,Major League Soccer
Heracles Almelo,10,Eredivisie
Montpellier,16,Ligue 1
Suwon Bluewings,83,K League 1
Reggiana,32,Serie B
Rizespor,68,Süper Lig
Varberg BoIS,56,Allsvenskan
Leyton Orient,60,League One
Atlético Nacional,336,Categoría Primera A
Al Hilal,350,Pro League
Sutton United,61,League Two
Rot-Weiss Essen,2076,3. Liga
Austria Lustenau,80,Bundesliga
Bradford City,61,League Two
Hvidovre,1,Superliga
Huracán,353,Liga Profesional de Fútbol
General Caballero JLM,337,Primera División
Aalesund,41,Eliteserien
Gimnasia La Plata,353,Liga Profesional de Fútbol
Oțelul Galați,330,Liga I
Häcken,56,Allsvenskan
Shrewsbury Town,60,League One
Huesca,54,La Liga 2
Al Hazem,350,Pro League
Emelec,2018,Liga Pro
Strasbourg,16,Ligue 1
Zhejiang,2012,Super League
Winterthur,189,Super League
Newport County,61,League Two
Auxerre,17,Ligue 2
New England,39,Major League Soccer
Rizespor,68,Süper Lig
Independiente,353,Liga Profesional de Fútbol
Al Fateh,350,Pro League
Varberg BoIS,56,Allsvenskan
Ross County,50,Premiership
Grimsby Town,61,League Two
Venezia,32,Serie B
Swindon Town,61,League Two
Sevilla,53,La Liga
Guaraní,337,Primera División
Hartberg,80,Bundesliga
Walsall,61,League Two
Puszcza Niepołomice,66,Ekstraklasa
Suwon Bluewings,83,K League 1
Gillingham,61,League Two
Carlisle United,60,League One
Sporting Charleroi,4,Pro League
Korona Kielce,66,Ekstraklasa
St. Mirren,50,Premiership
Gangwon,83,K League 1
Nantong Zhiyun,2012,Super League
Dunkerque,17,Ligue 2
Freiburg II,2076,3. Liga
Borussia Mönchengladbach,19,Bundesliga
Shandong Taishan,2012,Super League
Hallescher FC,2076,3. Liga
Notts County,61,League Two
MSV Duisburg,2076,3. Liga
Sturm Graz,80,Bundesliga
Swindon Town,61,League Two
Kilmarnock,50,Premiership
Sepsi,330,Liga I
Albacete,54,La Liga 2
Shamrock Rovers,65,Premier Division
Walsall,61,League Two
Al Fateh,350,Pro League
Meizhou Hakka,2012,Super League
Bastia,17,Ligue 2
Accrington Stanley,61,League Two
Hull City,14,Championship
Troyes,17,Ligue 2
Ajaccio,17,Ligue 2
Stockport County,61,League Two
St. Johnstone,50,Premiership
Värnamo,56,Allsvenskan
Concarneau,17,Ligue 2
St. Gallen,189,Super League
Bristol Rovers,60,League One
Portimonense,308,Primeira Liga
Stade Lausanne-Ouchy,189,Super League
Nürnberg,20,2. Bundesliga
Talleres Córdoba,353,Liga Profesional de Fútbol
Stal Mielec,66,Ekstraklasa
Vejle,1,Superliga
Hartberg,80,Bundesliga
Jeju United,83,K League 1
Atlanta United,39,Major League Soccer
FC Volendam,10,Eredivisie
AS Eupen,4,Pro League
Beijing Guoan,2012,Super League
Sandefjord,41,Eliteserien
Salford City,61,League Two
Ross County,50,Premiership
Everton,13,Premier League
Hannover 96,20,2. Bundesliga
Aston Villa,13,Premier League
AFC Wimbledon,61,League Two
Dinamo Bucureşti,330,Liga I
Morecambe,61,League Two
Hamburger SV,20,2. Bundesliga
Aucas,2018,Liga Pro
Rotherham United,14,Championship
Newport County,61,League Two
Rot-Weiss Essen,2076,3. Liga
Arsenal,13,Premier League
TSG Hoffenheim,19,Bundesliga
Newport County,61,League Two
Pogoń Szczecin,66,Ekstraklasa
Almere City,10,Eredivisie
General Caballero JLM,337,Primera División
Ternana,32,Serie B
København,1,Superliga
Walsall,61,League Two
Dundalk,65,Premier Division
Shandong Taishan,2012,Super League
Rot-Weiss Essen,2076,3. Liga
Antwerp,4,Pro League
Austria Wien,80,Bundesliga
Central Coast Mariners,351,A-League Men
Drogheda United,65,Premier Division
Shanghai Shenhua,2012,Super League
Elche,54,La Liga 2
FC Köln,19,Bundesliga
CFR Cluj,330,Liga I
Metz,16,Ligue 1
Al Hazem,350,Pro League
St Patrick's,65,Premier Division
Al Fayha,350,Pro League
FC Volendam,10,Eredivisie
Sporting CP,308,Primeira Liga
Puszcza Niepołomice,66,Ekstraklasa
Al Ahli Jeddah,350,Pro League
Sassuolo,31,Serie A
Huesca,54,La Liga 2
Audax Italiano,335,Primera Division
Al Hazem,350,Pro League
Tranmere Rovers,61,League Two
Brann,41,Eliteserien
Venezia,32,Serie B
Boavista,308,Primeira Liga
Changchun Yatai,2012,Super League
Bradford City,61,League Two
Piast Gliwice,66,Ekstraklasa
Oțelul Galați,330,Liga I
Odisha FC,2149,Super League
Damac,350,Pro League
Stade Brestois 29,16,Ligue 1
Deportivo Cuenca,2018,Liga Pro
Bohemians,65,Premier Division
Al Raed,350,Pro League
Basel,189,Super League
Al Fayha,350,Pro League
Excelsior,10,Eredivisie
U Craiova 1948,330,Liga I
Cercle Brugge,4,Pro League
Viktoria Köln,2076,3. Liga
Varberg BoIS,56,Allsvenskan
Macarthur,351,A-League Men
Crewe Alexandra,61,League Two
Charlotte,39,Major League Soccer
Forest Green Rovers,61,League Two
Paderborn,20,2. Bundesliga
Rapid Bucuresti,330,Liga I
Cerro Porteño,337,Primera División
Daegu,83,K League 1
Al Ain,2013,Pro League
Bayer 04 Leverkusen,19,Bundesliga
Alcorcón,54,La Liga 2
Guaraní,337,Primera División
AFC Wimbledon,61,League Two
Hansa Rostock,20,2. Bundesliga
Bolívar,2017,División de Fútbol Profesional
Almería,53,La Liga
Magallanes,335,Primera Division
Värnamo,56,Allsvenskan
Reggiana,32,Serie B
Odd,41,Eliteserien
FC Volendam,10,Eredivisie
Varberg BoIS,56,Allsvenskan
Al Taawon,350,Pro League
Ruch Chorzów,66,Ekstraklasa
Al Taawon,350,Pro League
Brommapojkarna,56,Allsvenskan
Halmstad,56,Allsvenskan
Banfield,353,Liga Profesional de Fútbol
Degerfors,56,Allsvenskan
Shrewsbury Town,60,League One
Austria Lustenau,80,Bundesliga
Reggiana,32,Serie B
Tranmere Rovers,61,League Two
Haugesund,41,Eliteserien
Malmö FF,56,Allsvenskan
Águilas Doradas,336,Categoría Primera A
Exeter City,60,League One
FC Bayern München,19,Bundesliga
Kasımpaşa,68,Süper Lig
Grasshopper,189,Super League
Stade Brestois 29,16,Ligue 1
Al Raed,350,Pro League
Belgrano,353,Liga Profesional de Fútbol
St. Mirren,50,Premiership
FC Augsburg,19,Bundesliga
Doncaster Rovers,61,League Two
Eldense,54,La Liga 2
Guingamp,17,Ligue 2
Dalian Professional,2012,Super League
Roma,31,Serie A
Dynamo Kyiv,332,Premier League
Hvidovre,1,Superliga
Amiens SC,17,Ligue 2
Morecambe,61,League Two
Beijing Guoan,2012,Super League
FC Utrecht,10,Eredivisie
Amiens SC,17,Ligue 2
Karlsruher SC,20,2. Bundesliga
Famalicão,308,Primeira Liga
Dynamo Kyiv,332,Premier League
Unterhaching,2076,3. Liga
Seoul,83,K League 1
St Patrick's,65,Premier Division
Portimonense,308,Primeira Liga
Trabzonspor,68,Süper Lig
Motherwell,50,Premiership
Cambridge United,60,League One
Gangwon,83,K League 1
Monaco,16,Ligue 1
Bristol City,14,Championship
Stade Lausanne-Ouchy,189,Super League
Petrolul 52,330,Liga I
Patronato,353,Liga Profesional de Fútbol
St. Johnstone,50,Premiership
Doncaster Rovers,61,League Two
Reading,60,League One
Atlanta United,39,Major League Soccer
Hartberg,80,Bundesliga
Academia Puerto Cabello,2019,Primera Division
Sunderland,14,Championship
Alianza Lima,2020,Primera Division
VfB Lübeck,2076,3. Liga
Metropolitanos,2019,Primera Division
FC Augsburg,19,Bundesliga
Celta de Vigo,53,La Liga
Al Ahli Jeddah,350,Pro League
Middlesbrough,14,Championship
Bengaluru,2149,Super League
Morecambe,61,League Two
Estudiantes Mérida,2019,Primera Division
Southampton,14,Championship
Aucas,2018,Liga Pro
Abha,350,Pro League
Leeds United,14,Championship
Racing Santander,54,La Liga 2
Unterhaching,2076,3. Liga
New York City,39,Major League Soccer
Austria Lustenau,80,Bundesliga
Waldhof Mannheim,2076,3. Liga
Central Coast Mariners,351,A-League Men
Philadelphia Union,39,Major League Soccer
Olimpia,337,Primera División
Viking,41,Eliteserien
Southampton,14,Championship
Monagas,2019,Primera Division
Puszcza Niepołomice,66,Ekstraklasa
Notts County,61,League Two
Odisha FC,2149,Super League
Bastia,17,Ligue 2
Huddersfield Town,14,Championship
Dallas,39,Major League Soccer
Oțelul Galați,330,Liga I
Erzgebirge Aue,2076,3. Liga
Al Taawon,350,Pro League
Śląsk Wrocław,66,Ekstraklasa
Walsall,61,League Two
Swansea City,14,Championship
Delfin,2018,Liga Pro
Club Brugge,4,Pro League
AFC Wimbledon,61,League Two
Burton Albion,60,League One
Delfin,2018,Liga Pro
Universitatea Craiova,330,Liga I
Metropolitanos,2019,Primera Division
Aucas,2018,Liga Pro
Drogheda United,65,Premier Division
Barracas Central,353,Liga Profesional de Fútbol
Halmstad,56,Allsvenskan
Bastia,17,Ligue 2
Shelbourne,65,Premier Division
Sporting Gijón,54,La Liga 2
Adana Demirspor,68,Süper Lig
Exeter City,60,League One
Fiorentina,31,Serie A
Western United,351,A-League Men
Kerala Blasters,2149,Super League
Sturm Graz,80,Bundesliga
Universitatea Craiova,330,Liga I
Al Ittihad,350,Pro League
Empoli,31,Serie A
Inter,31,Serie A
Toronto,39,Major League Soccer
LA Galaxy,39,Major League Soccer
Walsall,61,League Two
Austria Klagenfurt,80,Bundesliga
Colón,353,Liga Profesional de Fútbol
NorthEast United,2149,Super League
Harrogate Town,61,League Two
Damac,350,Pro League
Gil Vicente,308,Primeira Liga
Amorebieta,54,La Liga 2
1860 München,2076,3. Liga
Jahn Regensburg,2076,3. Liga
Sporting Cristal,2020,Primera Division
Tottenham Hotspur,13,Premier League
Tranmere Rovers,61,League Two
Pendikspor,68,Süper Lig
Shanghai Port,2012,Super League
Hull City,14,Championship
St. Mirren,50,Premiership
Estudiantes,353,Liga Profesional de Fútbol
Sturm Graz,80,Bundesliga
Colorado Rapids,39,Major League Soccer
Atlético Tucumán,353,Liga Profesional de Fútbol
Eldense,54,La Liga 2
Mechelen,4,Pro League
Newport County,61,League Two
Ternana,32,Serie B
Al Raed,350,Pro League
Huesca,54,La Liga 2
Rosenborg,41,Eliteserien
Preußen Münster,2076,3. Liga
Daegu,83,K League 1
Halmstad,56,Allsvenskan
Suwon Bluewings,83,K League 1
Strasbourg,16,Ligue 1
Valenciennes,17,Ligue 2
Derry City,65,Premier Division
West Bromwich Albion,14,Championship
Vitória SC,308,Primeira Liga
Viking,41,Eliteserien
Halmstad,56,Allsvenskan
Cincinnati,39,Major League Soccer
Carlisle United,60,League One
Watford,14,Championship
Unterhaching,2076,3. Liga
Al Riyadh,350,Pro League
Las Palmas,53,La Liga
Catanzaro,32,Serie B
Varberg BoIS,56,Allsvenskan
Leeds United,14,Championship
Fulham,13,Premier League
Hammarby,56,Allsvenskan
Celta de Vigo,53,La Liga
Sporting Braga,308,Primeira Liga
Roma,31,Serie A
Gil Vicente,308,Primeira Liga
Darmstadt 98,19,Bundesliga
Estudiantes,353,Liga Profesional de Fútbol
Sporting CP,308,Primeira Liga
WSG Tirol,80,Bundesliga
Wuhan Three Towns,2012,Super League
Alanyaspor,68,Süper Lig
Estudiantes,353,Liga Profesional de Fútbol
Sutton United,61,League Two
Al Ettifaq,350,Pro League
Stockport County,61,League Two
Lecce,31,Serie A
Metropolitanos,2019,Primera Division
Oriente Petrolero,2017,División de Fútbol Profesional
Universitatea Cluj,330,Liga I
Pau,17,Ligue 2
FC Utrecht,10,Eredivisie
Burton Albion,60,League One
Suwon Bluewings,83,K League 1
Derry City,65,Premier Division
Borussia Dortmund II,2076,3. Liga
Dundalk,65,Premier Division
Charlton Athletic,60,League One
Instituto,353,Liga Profesional de Fútbol
Al Ittihad,350,Pro League
Defensor Sporting,338,Primera División
Philadelphia Union,39,Major League Soccer
Columbus Crew,39,Major League Soccer
Dalian Professional,2012,Super League
Bologna,31,Serie A
Belgrano,353,Liga Profesional de Fútbol
Portimonense,308,Primeira Liga
Rayo Vallecano,53,La Liga
Al Fateh,350,Pro League
Abha,350,Pro League
Sandhausen,2076,3. Liga
Toronto,39,Major League Soccer
Colón,353,Liga Profesional de Fútbol
Burton Albion,60,League One
Al Nassr,350,Pro League
Rosenborg,41,Eliteserien
Al Khaleej,350,Pro League
Brescia,32,Serie B
Sandefjord,41,Eliteserien
Doncaster Rovers,61,League Two
Crewe Alexandra,61,League Two
Al Okhdood,350,Pro League
Belgrano,353,Liga Profesional de Fútbol
Sparta Rotterdam,10,Eredivisie
Guingamp,17,Ligue 2
Caen,17,Ligue 2
Modena,32,Serie B
Tacuary,337,Primera División
Colchester United,61,League Two
Ternana,32,Serie B
Blackburn Rovers,14,Championship
Blackburn Rovers,14,Championship
Tranmere Rovers,61,League Two
Inter Miami,39,Major League Soccer
Sparta Rotterdam,10,Eredivisie
Defensa y Justicia,353,Liga Profesional de Fútbol
Botoşani,330,Liga I
Ross County,50,Premiership
Sint-Truiden,4,Pro League
Jeju United,83,K League 1
Guaraní,337,Primera División
Zhejiang,2012,Super League
Holstein Kiel,20,2. Bundesliga
Suwon Bluewings,83,K League 1
Hamburger SV,20,2. Bundesliga
Shamrock Rovers,65,Premier Division
Chengdu Rongcheng,2012,Super League
FC Utrecht,10,Eredivisie
Osasuna,53,La Liga
Mirandés,54,La Liga 2
Real Sociedad,53,La Liga
Universitatea Cluj,330,Liga I
Freiburg II,2076,3. Liga
Portimonense,308,Primeira Liga
Suwon Bluewings,83,K League 1
Seoul,83,K League 1
AIK,56,Allsvenskan
SpVgg Greuther Fürth,20,2. Bundesliga
Estoril,308,Primeira Liga
Excelsior,10,Eredivisie
West Ham United,13,Premier League
Racing Club,353,Liga Profesional de Fútbol
Derby County,60,League One
Shakhtar Donetsk,332,Premier League
Freiburg II,2076,3. Liga
Boavista,308,Primeira Liga
Hvidovre,1,Superliga
Catanzaro,32,Serie B
Hearts,50,Premiership
Mjällby,56,Allsvenskan
Haugesund,41,Eliteserien
Lecce,31,Serie A
Dunkerque,17,Ligue 2
Valenciennes,17,Ligue 2
Northampton Town,60,League One
Deportivo Alavés,53,La Liga
FeralpiSalò,32,Serie B
New York City,39,Major League Soccer
Cangzhou Mighty Lions,2012,Super League
Salford City,61,League Two
Defensa y Justicia,353,Liga Profesional de Fútbol
Brighton & Hove Albion,13,Premier League
Nottingham Forest,13,Premier League
Paderborn,20,2. Bundesliga
Sutton United,61,League Two
Roma,31,Serie A
Sporting Gijón,54,La Liga 2
Grimsby Town,61,League Two
Tromsø,41,Eliteserien
Central Cordoba SdE,353,Liga Profesional de Fútbol
Pohang Steelers,83,K League 1
Antwerp,4,Pro League
Newcastle Jets,351,A-League Men
Crewe Alexandra,61,League Two
Nantong Zhiyun,2012,Super League
Notts County,61,League Two
Shamrock Rovers,65,Premier Division
Brommapojkarna,56,Allsvenskan
Casa Pia,308,Primeira Liga
Harrogate Town,61,League Two
Macarthur,351,A-League Men
Crawley Town,61,League Two
Stal Mielec,66,Ekstraklasa
Universitario,2020,Primera Division
Newport County,61,League Two
Incheon United,83,K League 1
Shamrock Rovers,65,Premier Division
Lecce,31,Serie A
CSM Politehnica Iași,330,Liga I
Sutton United,61,League Two
Cracovia Kraków,66,Ekstraklasa
UTA Arad,330,Liga I
Sarpsborg 08,41,Eliteserien
New England,39,Major League Soccer
FC Volendam,10,Eredivisie
Daegu,83,K League 1
Girona,53,La Liga
Barrow,61,League Two
Kilmarnock,50,Premiership
Angers SCO,17,Ligue 2
Colo-Colo,335,Primera Division
Western United,351,A-League Men
Barracas Central,353,Liga Profesional de Fútbol
Malmö FF,56,Allsvenskan
Waldhof Mannheim,2076,3. Liga
Haugesund,41,Eliteserien
Southampton,14,Championship
AFC Wimbledon,61,League Two
Fortuna Düsseldorf,20,2. Bundesliga
Real Betis,53,La Liga
Forest Green Rovers,61,League Two
Barrow,61,League Two
Dynamo Kyiv,332,Premier League
WSG Tirol,80,Bundesliga
Bristol City,14,Championship
UTA Arad,330,Liga I
Hartberg,80,Bundesliga
Exeter City,60,League One
Walsall,61,League Two
Doncaster Rovers,61,League Two
VfB Lübeck,2076,3. Liga
Brommapojkarna,56,Allsvenskan
Ross County,50,Premiership
Harrogate Town,61,League Two
Shanghai Shenhua,2012,Super League
Angers SCO,17,Ligue 2
Dynamo Kyiv,332,Premier League
Heracles Almelo,10,Eredivisie
Unterhaching,2076,3. Liga
Dinamo Bucureşti,330,Liga I
Aberdeen,50,Premiership
Mjällby,56,Allsvenskan
Charlton Athletic,60,League One
Brescia,32,Serie B
Shandong Taishan,2012,Super League
Norwich City,14,Championship
Argentinos Juniors,353,Liga Profesional de Fútbol
Charlton Athletic,60,League One
Korona Kielce,66,Ekstraklasa
AFC Wimbledon,61,League Two
Cracovia Kraków,66,Ekstraklasa
Ross County,50,Premiership
Puszcza Niepołomice,66,Ekstraklasa
Kilmarnock,50,Premiership
Fatih Karagümrük,68,Süper Lig
Gimnasia La Plata,353,Liga Profesional de Fútbol
Borussia Mönchengladbach,19,Bundesliga
Carlisle United,60,League One
AFC Wimbledon,61,League Two
Crawley Town,61,League Two
Accrington Stanley,61,League Two
Gillingham,61,League Two
RKC Waalwijk,10,Eredivisie
ATK Mohun Bagan,2149,Super League
Reading,60,League One
Vitória SC,308,Primeira Liga
Levante,54,La Liga 2
Livingston,50,Premiership
Tianjin Jinmen Tiger,2012,Super League
Norrköping,56,Allsvenskan
Dundalk,65,Premier Division
West Ham United,13,Premier League
Pau,17,Ligue 2
Radomiak Radom,66,Ekstraklasa
Vålerenga,41,Eliteserien
Grasshopper,189,Super League
Estoril,308,Primeira Liga
Al Fateh,350,Pro League
Al Wahda,350,Pro League
PEC Zwolle,10,Eredivisie
Burton Albion,60,League One
Como,32,Serie B
Vålerenga,41,Eliteserien
Macarthur,351,A-League Men
Dynamo Dresden,2076,3. Liga
Auxerre,17,Ligue 2
Guingamp,17,Ligue 2
Pau,17,Ligue 2
Deportes Tolima,336,Categoría Primera A
Central Coast Mariners,351,A-League Men
Tigre,353,Liga Profesional de Fútbol
FSV Mainz 05,19,Bundesliga
St. Gallen,189,Super League
Sligo Rovers,65,Premier Division
Perth Glory,351,A-League Men
Genoa,31,Serie A
Deportivo Alavés,53,La Liga
Atlético Madrid,53,La Liga
Doncaster Rovers,61,League Two
Morecambe,61,League Two
WSG Tirol,80,Bundesliga
Vitesse,10,Eredivisie
Sheffield United,13,Premier League
Boavista,308,Primeira Liga
PEC Zwolle,10,Eredivisie
Walsall,61,League Two
Delfin,2018,Liga Pro
Newcastle United,13,Premier League
Fleetwood Town,60,League One
Halmstad,56,Allsvenskan
Union Saint-Gilloise,4,Pro League
Meizhou Hakka,2012,Super League
St Patrick's,65,Premier Division
Ross County,50,Premiership
Dynamo Kyiv,332,Premier League
Servette,189,Super League
Cobresal,335,Primera Division
Caracas,2019,Primera Division
Perth Glory,351,A-League Men
Schalke 04,20,2. Bundesliga
FC Volendam,10,Eredivisie
Puszcza Niepołomice,66,Ekstraklasa
Cracovia Kraków,66,Ekstraklasa
Piast Gliwice,66,Ekstraklasa
Beijing Guoan,2012,Super League
Notts County,61,League Two
Nacional,338,Primera División
Bristol Rovers,60,League One
Al Hilal,350,Pro League
Toulouse,16,Ligue 1
Daejeon Citizen,83,K League 1
HJK,322,Veikkausliiga
Wellington Phoenix,351,A-League Men
Burgos,54,La Liga 2
Huesca,54,La Liga 2
Rosenborg,41,Eliteserien
VfL Wolfsburg,19,Bundesliga
Ross County,50,Premiership
FC Köln,19,Bundesliga
Vitesse,10,Eredivisie
Al Fateh,350,Pro League
Sandefjord,41,Eliteserien
Holstein Kiel,20,2. Bundesliga
Central Coast Mariners,351,A-League Men
General Caballero JLM,337,Primera División
Tranmere Rovers,61,League Two
West Bromwich Albion,14,Championship
Magdeburg,20,2. Bundesliga
César Vallejo,2020,Primera Division
Quevilly Rouen,17,Ligue 2
Mansfield Town,61,League Two
Shanghai Shenhua,2012,Super League
Abha,350,Pro League
Odd,41,Eliteserien
Al Ittihad,350,Pro League
Preußen Münster,2076,3. Liga
Harrogate Town,61,League Two
Haugesund,41,Eliteserien
Newport County,61,League Two
İstanbulspor,68,Süper Lig
Hallescher FC,2076,3. Liga
Doncaster Rovers,61,League Two
Reading,60,League One
Millwall,14,Championship
RKC Waalwijk,10,Eredivisie
Guaraní,337,Primera División
Vancouver Whitecaps,39,Major League Soccer
Banfield,353,Liga Profesional de Fútbol
Oriente Petrolero,2017,División de Fútbol Profesional
Sirius,56,Allsvenskan
Morecambe,61,League Two
Defensor Sporting,338,Primera División
Huesca,54,La Liga 2
Gangwon,83,K League 1
Sutton United,61,League Two
Defensor Sporting,338,Primera División
Zagłębie Lubin,66,Ekstraklasa
Seoul,83,K League 1
Grimsby Town,61,League Two
Viktoria Köln,2076,3. Liga
Guabirá,2017,División de Fútbol Profesional
VfL Bochum 1848,19,Bundesliga
Valencia,53,La Liga
Chelsea,13,Premier League
SSC Farul,330,Liga I
Borussia Dortmund II,2076,3. Liga
Shelbourne,65,Premier Division
AGF,1,Superliga
Shandong Taishan,2012,Super League
Jeonbuk Motors,83,K League 1
Wrexham,61,League Two
Villarreal,53,La Liga
Grimsby Town,61,League Two
Bohemians,65,Premier Division
Palestino,335,Primera Division
Blooming,2017,División de Fútbol Profesional
Minnesota United,39,Major League Soccer
Fleetwood Town,60,League One
Meizhou Hakka,2012,Super League
Shelbourne,65,Premier Division
Stade Lausanne-Ouchy,189,Super League
Ulm,2076,3. Liga
Wolfsberger AC,80,Bundesliga
Austria Wien,80,Bundesliga
Barrow,61,League Two
WSG Tirol,80,Bundesliga
Al Khaleej,350,Pro League
NEC,10,Eredivisie
Sporting Cristal,2020,Primera Division
Zhejiang,2012,Super League
Notts County,61,League Two
Ulm,2076,3. Liga
Rizespor,68,Süper Lig
Crawley Town,61,League Two
Raków Częstochowa,66,Ekstraklasa
Tianjin Jinmen Tiger,2012,Super League
Sutton United,61,League Two
ATK Mohun Bagan,2149,Super League
ATK Mohun Bagan,2149,Super League
RKC Waalwijk,10,Eredivisie
Brisbane Roar,351,A-League Men
Dynamo Dresden,2076,3. Liga
Oriente Petrolero,2017,División de Fútbol Profesional
Goa,2149,Super League
Meizhou Hakka,2012,Super League
Al Hazem,350,Pro League
Al Khaleej,350,Pro League
Dundee,50,Premiership
Shrewsbury Town,60,League One
Columbus Crew,39,Major League Soccer
Western Sydney Wanderers,351,A-League Men
Union Saint-Gilloise,4,Pro League
Standard Liège,4,Pro League
HJK,322,Veikkausliiga
FC Bayern München,19,Bundesliga
Newport County,61,League Two
Newell's Old Boys,353,Liga Profesional de Fútbol
Wrexham,61,League Two
Wellington Phoenix,351,A-League Men
Wrexham,61,League Two
Sarmiento,353,Liga Profesional de Fútbol
Concarneau,17,Ligue 2
Hibernian,50,Premiership
Derry City,65,Premier Division
Damac,350,Pro League
Sirius,56,Allsvenskan
Sarpsborg 08,41,Eliteserien
Zhejiang,2012,Super League
Al Shabab,350,Pro League
Instituto,353,Liga Profesional de Fútbol
Suwon Bluewings,83,K League 1
Aalesund,41,Eliteserien
Bohemians,65,Premier Division
Hallescher FC,2076,3. Liga
,,
DSC Arminia Bielefeld,2076,3. Liga
Sporting Kansas City,39,Major League Soccer
Newport County,61,League Two
Brommapojkarna,56,Allsvenskan
Adana Demirspor,68,Süper Lig
Pisa,32,Serie B
Puszcza Niepołomice,66,Ekstraklasa
TSG Hoffenheim,19,Bundesliga
Roma,31,Serie A
Al Taawon,350,Pro League
Hannover 96,20,2. Bundesliga
Villarreal II,54,La Liga 2
Palestino,335,Primera Division
Brisbane Roar,351,A-League Men
Bari 1908,32,Serie B
Bradford City,61,League Two
Wuhan Three Towns,2012,Super League
Chelsea,13,Premier League
Hvidovre,1,Superliga
Annecy,17,Ligue 2
Elche,54,La Liga 2
Mechelen,4,Pro League
Pohang Steelers,83,K League 1
Al Ain,2013,Pro League
Villarreal II,54,La Liga 2
Grasshopper,189,Super League
Independiente Medellín,336,Categoría Primera A
OH Leuven,4,Pro League
Bohemians,65,Premier Division
New York City,39,Major League Soccer
Ross County,50,Premiership
Pau,17,Ligue 2
Arsenal de Sarandi,353,Liga Profesional de Fútbol
Crawley Town,61,League Two
Kortrijk,4,Pro League
Colchester United,61,League Two
Caen,17,Ligue 2
FC Utrecht,10,Eredivisie
Sutton United,61,League Two
Al Raed,350,Pro League
Ascoli,32,Serie B
Arsenal,13,Premier League
Sandefjord,41,Eliteserien
Doncaster Rovers,61,League Two
Lecco,32,Serie B
Valencia,53,La Liga
Cork City,65,Premier Division
Westerlo,4,Pro League
Ulsan,83,K League 1
Shanghai Shenhua,2012,Super League
Heidenheim,19,Bundesliga
Luzern,189,Super League
Trabzonspor,68,Süper Lig
Sandefjord,41,Eliteserien
Suwon Bluewings,83,K League 1
General Caballero JLM,337,Primera División
Tromsø,41,Eliteserien
IFK Göteborg,56,Allsvenskan
Auxerre,17,Ligue 2
Henan,2012,Super League
Concarneau,17,Ligue 2
Adelaide United,351,A-League Men
AFC Wimbledon,61,League Two
RKC Waalwijk,10,Eredivisie
Alanyaspor,68,Süper Lig
Palermo,32,Serie B
Crystal Palace,13,Premier League
Sirius,56,Allsvenskan
Fortuna Sittard,10,Eredivisie
NEC,10,Eredivisie
Slavia Praha,319,First League
Houston Dynamo,39,Major League Soccer
Värnamo,56,Allsvenskan
Sutton United,61,League Two
ŁKS Łódź,66,Ekstraklasa
Daejeon Citizen,83,K League 1
Bohemians,65,Premier Division
Wolverhampton Wanderers,13,Premier League
Melgar,2020,Primera Division
Accrington Stanley,61,League Two
Gwangju,83,K League 1
Racing Santander,54,La Liga 2
Tacuary,337,Primera División
Voluntari,330,Liga I
Al Tai,350,Pro League
General Caballero JLM,337,Primera División
Strømsgodset,41,Eliteserien
Newcastle Jets,351,A-League Men
Al Riyadh,350,Pro League
Cangzhou Mighty Lions,2012,Super League
Rot-Weiss Essen,2076,3. Liga
Exeter City,60,League One
CSM Politehnica Iași,330,Liga I
Al Ittihad,350,Pro League
Djurgården,56,Allsvenskan
Gaziantep F.K.,68,Süper Lig
Brommapojkarna,56,Allsvenskan
St. Johnstone,50,Premiership
Newell's Old Boys,353,Liga Profesional de Fútbol
Colchester United,61,League Two
Atlético Tucumán,353,Liga Profesional de Fútbol
ŁKS Łódź,66,Ekstraklasa
ŁKS Łódź,66,Ekstraklasa
Suwon,83,K League 1
ATK Mohun Bagan,2149,Super League
FC Twente,10,Eredivisie
Al Tai,350,Pro League
Sligo Rovers,65,Premier Division
Harrogate Town,61,League Two
Notts County,61,League Two
Forest Green Rovers,61,League Two
Nordsjælland,1,Superliga
Damac,350,Pro League
Kasımpaşa,68,Süper Lig
FC Volendam,10,Eredivisie
Stabæk,41,Eliteserien
Hammarby,56,Allsvenskan
Newcastle Jets,351,A-League Men
Magallanes,335,Primera Division
Crawley Town,61,League Two
Sydney FC,351,A-League Men
Unterhaching,2076,3. Liga
Osasuna,53,La Liga
Newcastle Jets,351,A-League Men
ŁKS Łódź,66,Ekstraklasa
Millonarios,336,Categoría Primera A
Chengdu Rongcheng,2012,Super League
Wehen Wiesbaden,20,2. Bundesliga
Puszcza Niepołomice,66,Ekstraklasa
Morecambe,61,League Two
SC Heerenveen,10,Eredivisie
Port Vale,60,League One
Doncaster Rovers,61,League Two
Annecy,17,Ligue 2
Shrewsbury Town,60,League One
Vitória SC,308,Primeira Liga
St Patrick's,65,Premier Division
Amorebieta,54,La Liga 2
Vitória SC,308,Primeira Liga
Bordeaux,17,Ligue 2
Al Tai,350,Pro League
Cercle Brugge,4,Pro League
Changchun Yatai,2012,Super League
St Patrick's,65,Premier Division
Sportivo Ameliano,337,Primera División
Walsall,61,League Two
Cangzhou Mighty Lions,2012,Super League
Rosario Central,353,Liga Profesional de Fútbol
Alanyaspor,68,Süper Lig
Holstein Kiel,20,2. Bundesliga
FeralpiSalò,32,Serie B
Kalmar,56,Allsvenskan
St. Pauli,20,2. Bundesliga
St. Johnstone,50,Premiership
Wycombe Wanderers,60,League One
Hammarby,56,Allsvenskan
OB,1,Superliga
Tianjin Jinmen Tiger,2012,Super League
Halmstad,56,Allsvenskan
Seattle Sounders,39,Major League Soccer
Beşiktaş,68,Süper Lig
Meizhou Hakka,2012,Super League
Los Angeles FC,39,Major League Soccer
Silkeborg,1,Superliga
Racing Santander,54,La Liga 2
Aston Villa,13,Premier League
Shelbourne,65,Premier Division
Erzgebirge Aue,2076,3. Liga
Valenciennes,17,Ligue 2
Aucas,2018,Liga Pro
Deportivo Cuenca,2018,Liga Pro
Sutton United,61,League Two
Dinamo Bucureşti,330,Liga I
Bohemians,65,Premier Division
FC Union Berlin,19,Bundesliga
Degerfors,56,Allsvenskan
Shenzhen,2012,Super League
Al Hazem,350,Pro League
Tigre,353,Liga Profesional de Fútbol
VfB Stuttgart,19,Bundesliga
Ross County,50,Premiership
Grimsby Town,61,League Two
Suwon,83,K League 1
Chengdu Rongcheng,2012,Super League
FC Union Berlin,19,Bundesliga
Salford City,61,League Two
Viking,41,Eliteserien
Abha,350,Pro League
Bradford City,61,League Two
Ingolstadt,2076,3. Liga
Accrington Stanley,61,League Two
Milan,31,Serie A
Ross County,50,Premiership
Olympique Lyonnais,16,Ligue 1
Milton Keynes Dons,61,League Two
Galatasaray,68,Süper Lig
Valenciennes,17,Ligue 2
West Ham United,13,Premier League
Barrow,61,League Two
Zhejiang,2012,Super League
Unterhaching,2076,3. Liga
Minnesota United,39,Major League Soccer
Dundalk,65,Premier Division
Real Zaragoza,54,La Liga 2
Philadelphia Union,39,Major League Soccer
Cerro Porteño,337,Primera División
Northampton Town,60,League One
LA Galaxy,39,Major League Soccer
Barcelona Guayaquil,2018,Liga Pro
Swindon Town,61,League Two
FC Volendam,10,Eredivisie
Südtirol,32,Serie B
Doncaster Rovers,61,League Two
TSG Hoffenheim,19,Bundesliga
Accrington Stanley,61,League Two
Notts County,61,League Two
Atlanta United,39,Major League Soccer
Le Havre,16,Ligue 1
Sirius,56,Allsvenskan
Sturm Graz,80,Bundesliga
Puszcza Niepołomice,66,Ekstraklasa
Charlton Athletic,60,League One
Bohemians,65,Premier Division
Caen,17,Ligue 2
VfB Stuttgart,19,Bundesliga
Notts County,61,League Two
Los Angeles FC,39,Major League Soccer
Bohemians,65,Premier Division
Charlotte,39,Major League Soccer
Heidenheim,19,Bundesliga
Kerala Blasters,2149,Super League
San Lorenzo,353,Liga Profesional de Fútbol
Ingolstadt,2076,3. Liga
FSV Mainz 05,19,Bundesliga
Universidad Católica,335,Primera Division
Accrington Stanley,61,League Two
Seattle Sounders,39,Major League Soccer
Al Riyadh,350,Pro League
Samsunspor,68,Süper Lig
Tianjin Jinmen Tiger,2012,Super League
Millwall,14,Championship
Molde,41,Eliteserien
Bengaluru,2149,Super League
Colorado Rapids,39,Major League Soccer
Schalke 04,20,2. Bundesliga
Swindon Town,61,League Two
Columbus Crew,39,Major League Soccer
Austria Wien,80,Bundesliga
Sutton United,61,League Two
Aalesund,41,Eliteserien
AS Eupen,4,Pro League
Sutton United,61,League Two
Shelbourne,65,Premier Division
Osasuna,53,La Liga
Al Hilal,350,Pro League
NEC,10,Eredivisie
Nantes,16,Ligue 1
Livingston,50,Premiership
Inter Miami,39,Major League Soccer
Lecco,32,Serie B
Goa,2149,Super League
Hull City,14,Championship
FSV Mainz 05,19,Bundesliga
Al Riyadh,350,Pro League
Getafe,53,La Liga
PSV,10,Eredivisie
Wigan Athletic,60,League One
Swindon Town,61,League Two
Botoşani,330,Liga I
Strømsgodset,41,Eliteserien
Western Sydney Wanderers,351,A-League Men
Annecy,17,Ligue 2
Blau-Weiß Linz,80,Bundesliga
Sirius,56,Allsvenskan
Hertha BSC,20,2. Bundesliga
Al Ain,2013,Pro League
Estudiantes,353,Liga Profesional de Fútbol
Inter Miami,39,Major League Soccer
Brentford,13,Premier League
Tranmere Rovers,61,League Two
Hallescher FC,2076,3. Liga
AFC Wimbledon,61,League Two
Lyngby,1,Superliga
Ajaccio,17,Ligue 2
Morecambe,61,League Two
Harrogate Town,61,League Two
Arsenal,13,Premier League
Abha,350,Pro League
Dallas,39,Major League Soccer
Al Tai,350,Pro League
Leganés,54,La Liga 2
AFC Bournemouth,13,Premier League
Werder Bremen,19,Bundesliga
Tigre,353,Liga Profesional de Fútbol
Värnamo,56,Allsvenskan
Guabirá,2017,División de Fútbol Profesional
Milton Keynes Dons,61,League Two
Gangwon,83,K League 1
Dundalk,65,Premier Division
Genoa,31,Serie A
Freiburg II,2076,3. Liga
Instituto,353,Liga Profesional de Fútbol
Stockport County,61,League Two
FC Twente,10,Eredivisie
Werder Bremen,19,Bundesliga
Al Taawon,350,Pro League
Shelbourne,65,Premier Division
Viborg,1,Superliga
Macarthur,351,A-League Men
Morecambe,61,League Two
SpVgg Greuther Fürth,20,2. Bundesliga
Chicago Fire,39,Major League Soccer
Ulm,2076,3. Liga
Lillestrøm,41,Eliteserien
Al Hazem,350,Pro League
Burnley,13,Premier League
Heidenheim,19,Bundesliga
Crawley Town,61,League Two
Tigre,353,Liga Profesional de Fútbol
Mumbai City,2149,Super League
Fatih Karagümrük,68,Süper Lig
Freiburg II,2076,3. Liga
Le Havre,16,Ligue 1
Tigre,353,Liga Profesional de Fútbol
Mumbai City,2149,Super League
Tromsø,41,Eliteserien
Eintracht Frankfurt,19,Bundesliga
New England,39,Major League Soccer
Sligo Rovers,65,Premier Division
Almere City,10,Eredivisie
Hajduk Split,317,Hrvatska nogometna liga
Gillingham,61,League Two
Sandhausen,2076,3. Liga
Holstein Kiel,20,2. Bundesliga
Galatasaray,68,Süper Lig
Manchester United,13,Premier League
Heidenheim,19,Bundesliga
Sligo Rovers,65,Premier Division
Tranmere Rovers,61,League Two
Hvidovre,1,Superliga
Meizhou Hakka,2012,Super League
Al Tai,350,Pro League
Blau-Weiß Linz,80,Bundesliga
Walsall,61,League Two
Lincoln City,60,League One
Almere City,10,Eredivisie
Dundee,50,Premiership
Dundee,50,Premiership
Newport County,61,League Two
Raków Częstochowa,66,Ekstraklasa
Excelsior,10,Eredivisie
Shelbourne,65,Premier Division
Defensa y Justicia,353,Liga Profesional de Fútbol
Doncaster Rovers,61,League Two
Meizhou Hakka,2012,Super League
Waldhof Mannheim,2076,3. Liga
Doncaster Rovers,61,League Two
FC Union Berlin,19,Bundesliga
Sydney FC,351,A-League Men
Newport County,61,League Two
Al Ettifaq,350,Pro League
Shelbourne,65,Premier Division
Suwon,83,K League 1
Tromsø,41,Eliteserien
Newcastle Jets,351,A-League Men
Cork City,65,Premier Division
Bolívar,2017,División de Fútbol Profesional
Eintracht Frankfurt,19,Bundesliga
Dundee,50,Premiership
Hartberg,80,Bundesliga
Parma,32,Serie B
Vizela,308,Primeira Liga
Nantong Zhiyun,2012,Super League
Jeju United,83,K League 1
FC Twente,10,Eredivisie
Botoşani,330,Liga I
Crystal Palace,13,Premier League
PEC Zwolle,10,Eredivisie
Al Fateh,350,Pro League
Lugano,189,Super League
St. Johnstone,50,Premiership
St. Mirren,50,Premiership
Liverpool,13,Premier League
FSV Mainz 05,19,Bundesliga
Antwerp,4,Pro League
Eintracht Frankfurt,19,Bundesliga
Estoril,308,Primeira Liga
Villarreal II,54,La Liga 2
West Ham United,13,Premier League
Laval,17,Ligue 2
The Strongest,2017,División de Fútbol Profesional
Colchester United,61,League Two
Perth Glory,351,A-League Men
Changchun Yatai,2012,Super League
Hannover 96,20,2. Bundesliga
Al Fayha,350,Pro League
Pogoń Szczecin,66,Ekstraklasa
Everton,13,Premier League
Adelaide United,351,A-League Men
Sportivo Ameliano,337,Primera División
Al Taawon,350,Pro League
Jagiellonia Białystok,66,Ekstraklasa
Degerfors,56,Allsvenskan
Norrköping,56,Allsvenskan
Al Fayha,350,Pro League
Águilas Doradas,336,Categoría Primera A
Heidenheim,19,Bundesliga
Alcorcón,54,La Liga 2
LA Galaxy,39,Major League Soccer
Valenciennes,17,Ligue 2
Seoul,83,K League 1
Elfsborg,56,Allsvenskan
Rheindorf Altach,80,Bundesliga
Morecambe,61,League Two
Newcastle Jets,351,A-League Men
Lausanne Sport,189,Super League
Bradford City,61,League Two
Vitesse,10,Eredivisie
Paris,17,Ligue 2
Vitesse,10,Eredivisie
East Bengal,2149,Super League
Peterborough United,60,League One
Blau-Weiß Linz,80,Bundesliga
Amiens SC,17,Ligue 2
Holstein Kiel,20,2. Bundesliga
Dalian Professional,2012,Super League
AFC Wimbledon,61,League Two
Walsall,61,League Two
Al Ahli Jeddah,350,Pro League
Konyaspor,68,Süper Lig
Saint Louis City,39,Major League Soccer
San Jose Earthquakes,39,Major League Soccer
Śląsk Wrocław,66,Ekstraklasa
Gaziantep F.K.,68,Süper Lig
Deportes Tolima,336,Categoría Primera A
Shandong Taishan,2012,Super League
Lyngby,1,Superliga
Arsenal,13,Premier League
Ajaccio,17,Ligue 2
Leyton Orient,60,League One
Damac,350,Pro League
Newell's Old Boys,353,Liga Profesional de Fútbol
Standard Liège,4,Pro League
Notts County,61,League Two
Morecambe,61,League Two
Cosenza,32,Serie B
Blackburn Rovers,14,Championship
Pohang Steelers,83,K League 1
Śląsk Wrocław,66,Ekstraklasa
Motherwell,50,Premiership
FC Volendam,10,Eredivisie
St Patrick's,65,Premier Division
St Patrick's,65,Premier Division
Adelaide United,351,A-League Men
Boavista,308,Primeira Liga
Bengaluru,2149,Super League
Motherwell,50,Premiership
Boavista,308,Primeira Liga
Adana Demirspor,68,Süper Lig
Ascoli,32,Serie B
Boavista,308,Primeira Liga
Accrington Stanley,61,League Two
Bayer 04 Leverkusen,19,Bundesliga
AFC Wimbledon,61,League Two
Charlotte,39,Major League Soccer
RB Leipzig,19,Bundesliga
Fulham,13,Premier League
Morecambe,61,League Two
Burton Albion,60,League One
Erzgebirge Aue,2076,3. Liga
Waldhof Mannheim,2076,3. Liga
Grimsby Town,61,League Two
Derry City,65,Premier Division
Wuhan Three Towns,2012,Super League
Slavia Praha,319,First League
Central Coast Mariners,351,A-League Men
Central Cordoba SdE,353,Liga Profesional de Fútbol
Tranmere Rovers,61,League Two
Stabæk,41,Eliteserien
Doncaster Rovers,61,League Two
Dundalk,65,Premier Division
SC Heerenveen,10,Eredivisie
Incheon United,83,K League 1
İstanbulspor,68,Süper Lig
Newell's Old Boys,353,Liga Profesional de Fútbol
Al Fayha,350,Pro League
PEC Zwolle,10,Eredivisie
HJK,322,Veikkausliiga
Daejeon Citizen,83,K League 1
CF Montréal,39,Major League Soccer
Hermannstadt,330,Liga I
Atlético Tucumán,353,Liga Profesional de Fútbol
St. Pauli,20,2. Bundesliga
Changchun Yatai,2012,Super League
Crawley Town,61,League Two
Tacuary,337,Primera División
Tromsø,41,Eliteserien
Henan,2012,Super League
Arsenal de Sarandi,353,Liga Profesional de Fútbol
Daegu,83,K League 1
Orlando City,39,Major League Soccer
Valenciennes,17,Ligue 2
DC United,39,Major League Soccer
Abha,350,Pro League
West Ham United,13,Premier League
Al Taawon,350,Pro League
Real Sociedad,53,La Liga
Al Shabab,350,Pro League
Austria Klagenfurt,80,Bundesliga
Racing Santander,54,La Liga 2
Jamshedpur,2149,Super League
Shrewsbury Town,60,League One
Wrexham,61,League Two
Macarthur,351,A-League Men
Lugano,189,Super League
Drogheda United,65,Premier Division
Pisa,32,Serie B
Sarmiento,353,Liga Profesional de Fútbol
Luzern,189,Super League
Inter,31,Serie A
Lincoln City,60,League One
Nashville SC,39,Major League Soccer
Goa,2149,Super League
Valencia,53,La Liga
Charlton Athletic,60,League One
Al Fayha,350,Pro League
Lillestrøm,41,Eliteserien
Śląsk Wrocław,66,Ekstraklasa
Los Angeles FC,39,Major League Soccer
Derry City,65,Premier Division
Newcastle Jets,351,A-League Men
Derry City,65,Premier Division
Valencia,53,La Liga
Union Saint-Gilloise,4,Pro League
Genk,4,Pro League
Newport County,61,League Two
St. Pauli,20,2. Bundesliga
Derry City,65,Premier Division
Kerala Blasters,2149,Super League
Fleetwood Town,60,League One
Rayo Vallecano,53,La Liga
Heracles Almelo,10,Eredivisie
Gillingham,61,League Two
Dundee,50,Premiership
Gent,4,Pro League
Modena,32,Serie B
Al Nassr,350,Pro League
Elversberg,20,2. Bundesliga
Varberg BoIS,56,Allsvenskan
OH Leuven,4,Pro League
Harrogate Town,61,League Two
Vålerenga,41,Eliteserien
Cambridge United,60,League One
Al Hazem,350,Pro League
Yverdon Sport,189,Super League
Kerala Blasters,2149,Super League
Tromsø,41,Eliteserien
Salford City,61,League Two
Manchester United,13,Premier League
Lillestrøm,41,Eliteserien
Bradford City,61,League Two
Dynamo Dresden,2076,3. Liga
Adelaide United,351,A-League Men
Jamshedpur,2149,Super League
Notts County,61,League Two
Beijing Guoan,2012,Super League
Amiens SC,17,Ligue 2
Hansa Rostock,20,2. Bundesliga
AGF,1,Superliga
Cercle Brugge,4,Pro League
Universitatea Cluj,330,Liga I
Vålerenga,41,Eliteserien
Brann,41,Eliteserien
Cercle Brugge,4,Pro League
Everton,13,Premier League
Eintracht Frankfurt,19,Bundesliga
Spezia,32,Serie B
Brighton & Hove Albion,13,Premier League
Strasbourg,16,Ligue 1
Newell's Old Boys,353,Liga Profesional de Fútbol
SC Heerenveen,10,Eredivisie
Rizespor,68,Süper Lig
Accrington Stanley,61,League Two
Śląsk Wrocław,66,Ekstraklasa
Jeonbuk Motors,83,K League 1
Leganés,54,La Liga 2
Colchester United,61,League Two
Al Wahda,350,Pro League
Brisbane Roar,351,A-League Men
Crewe Alexandra,61,League Two
New York RB,39,Major League Soccer
Al Ain,2013,Pro League
Port Vale,60,League One
Adelaide United,351,A-League Men
Concarneau,17,Ligue 2
Darmstadt 98,19,Bundesliga
Macarthur,351,A-League Men
Al Ain,2013,Pro League
Central Cordoba SdE,353,Liga Profesional de Fútbol
NEC,10,Eredivisie
Oțelul Galați,330,Liga I
Grenoble Foot 38,17,Ligue 2
Al Riyadh,350,Pro League
Sirius,56,Allsvenskan
Elfsborg,56,Allsvenskan
Real Salt Lake,39,Major League Soccer
Tromsø,41,Eliteserien
Motherwell,50,Premiership
Vålerenga,41,Eliteserien
Strømsgodset,41,Eliteserien
Yverdon Sport,189,Super League
Haugesund,41,Eliteserien
Leyton Orient,60,League One
Sutton United,61,League Two
Accrington Stanley,61,League Two
Liverpool,338,Primera División
Grasshopper,189,Super League
Servette,189,Super League
Livingston,50,Premiership
Nürnberg,20,2. Bundesliga
Newcastle Jets,351,A-League Men
Hermannstadt,330,Liga I
Chennaiyin,2149,Super League
Dundee,50,Premiership
Südtirol,32,Serie B
Walsall,61,League Two
FC Volendam,10,Eredivisie
Laval,17,Ligue 2
Notts County,61,League Two
Sheffield United,13,Premier League
Al Khaleej,350,Pro League
Ingolstadt,2076,3. Liga
FCSB,330,Liga I
Western United,351,A-League Men
Drogheda United,65,Premier Division
Melbourne Victory,351,A-League Men
Modena,32,Serie B
Goa,2149,Super League
Racing Santander,54,La Liga 2
Getafe,53,La Liga
Mjällby,56,Allsvenskan
Rosenborg,41,Eliteserien
AFC Wimbledon,61,League Two
Macarthur,351,A-League Men
Al Wahda,350,Pro League
Hammarby,56,Allsvenskan
Luton Town,13,Premier League
Perth Glory,351,A-League Men
Deportivo Cuenca,2018,Liga Pro
Ajaccio,17,Ligue 2
Exeter City,60,League One
Paris,17,Ligue 2
Brisbane Roar,351,A-League Men
Udinese,31,Serie A
Hamburger SV,20,2. Bundesliga
Seoul,83,K League 1
Tranmere Rovers,61,League Two
Delfin,2018,Liga Pro
Viktoria Köln,2076,3. Liga
Colchester United,61,League Two
Al Fateh,350,Pro League
Rapid Bucuresti,330,Liga I
Lillestrøm,41,Eliteserien
Laval,17,Ligue 2
Shelbourne,65,Premier Division
Notts County,61,League Two
Bengaluru,2149,Super League
Galatasaray,68,Süper Lig
Preston North End,14,Championship
Blackpool,60,League One
Bohemians,65,Premier Division
HJK,322,Veikkausliiga
Freiburg II,2076,3. Liga
Bohemians,65,Premier Division
Alcorcón,54,La Liga 2
Sirius,56,Allsvenskan
Al Wahda,350,Pro League
San Jose Earthquakes,39,Major League Soccer
FC Cartagena,54,La Liga 2
Austria Lustenau,80,Bundesliga
Mjällby,56,Allsvenskan
Harrogate Town,61,League Two
New York City,39,Major League Soccer
Varberg BoIS,56,Allsvenskan
Sporting Cristal,2020,Primera Division
Brescia,32,Serie B
Freiburg II,2076,3. Liga
Anderlecht,4,Pro League
Viktoria Köln,2076,3. Liga
NEC,10,Eredivisie
Le Havre,16,Ligue 1
Sporting Kansas City,39,Major League Soccer
Drogheda United,65,Premier Division
Unterhaching,2076,3. Liga
Ingolstadt,2076,3. Liga
Lillestrøm,41,Eliteserien
Al Okhdood,350,Pro League
Estrela Amadora,308,Primeira Liga
Adelaide United,351,A-League Men
Drogheda United,65,Premier Division
Ankaragücü,68,Süper Lig
New York City,39,Major League Soccer
Zagłębie Lubin,66,Ekstraklasa
Carlisle United,60,League One
Bari 1908,32,Serie B
Forest Green Rovers,61,League Two
Harrogate Town,61,League Two
Bradford City,61,League Two
Defensor Sporting,338,Primera División
Häcken,56,Allsvenskan
Independiente Medellín,336,Categoría Primera A
Hammarby,56,Allsvenskan
Wycombe Wanderers,60,League One
Defensor Sporting,338,Primera División
Crystal Palace,13,Premier League
Elfsborg,56,Allsvenskan
Everton,13,Premier League
Cork City,65,Premier Division
Bolívar,2017,División de Fútbol Profesional
Shelbourne,65,Premier Division
Hansa Rostock,20,2. Bundesliga
Puszcza Niepołomice,66,Ekstraklasa
Al Riyadh,350,Pro League
Accrington Stanley,61,League Two
Monagas,2019,Primera Division
Heracles Almelo,10,Eredivisie
East Bengal,2149,Super League
Universidad Católica,335,Primera Division
Valenciennes,17,Ligue 2
OB,1,Superliga
Drogheda United,65,Premier Division
Defensor Sporting,338,Primera División
Universidad Católica,335,Primera Division
Crawley Town,61,League Two
Mansfield Town,61,League Two
Al Tai,350,Pro League
Charlotte,39,Major League Soccer
Petrolul 52,330,Liga I
Al Okhdood,350,Pro League
AZ Alkmaar,10,Eredivisie
Orlando City,39,Major League Soccer
Adelaide United,351,A-League Men
Puszcza Niepołomice,66,Ekstraklasa
Central Coast Mariners,351,A-League Men
Paderborn,20,2. Bundesliga
Hammarby,56,Allsvenskan
Academia Puerto Cabello,2019,Primera Division
Abha,350,Pro League
AS Eupen,4,Pro League
Wolverhampton Wanderers,13,Premier League
Sandefjord,41,Eliteserien
Getafe,53,La Liga
Wycombe Wanderers,60,League One
Saint-Étienne,17,Ligue 2
Meizhou Hakka,2012,Super League
AFC Wimbledon,61,League Two
Chengdu Rongcheng,2012,Super League
İstanbulspor,68,Süper Lig
St. Mirren,50,Premiership
Guaraní,337,Primera División
Ulm,2076,3. Liga
Molde,41,Eliteserien
Sparta Rotterdam,10,Eredivisie
AFC Bournemouth,13,Premier League
Jagiellonia Białystok,66,Ekstraklasa
Olimpia,337,Primera División
Hearts,50,Premiership
Lausanne Sport,189,Super League
Brisbane Roar,351,A-League Men
Monza,31,Serie A
Sivasspor,68,Süper Lig
FSV Mainz 05,19,Bundesliga
Frosinone,31,Serie A
Olimpia,337,Primera División
OB,1,Superliga
Melbourne City,351,A-League Men
Osasuna,53,La Liga
Al Fayha,350,Pro League
Seattle Sounders,39,Major League Soccer
Fulham,13,Premier League
Walsall,61,League Two
FC Utrecht,10,Eredivisie
Blackburn Rovers,14,Championship
Qingdao Hainiu,2012,Super League
Union Saint-Gilloise,4,Pro League
Fulham,13,Premier League
Varberg BoIS,56,Allsvenskan
Nürnberg,20,2. Bundesliga
Jeju United,83,K League 1
Amiens SC,17,Ligue 2
Danubio,338,Primera División
Nantong Zhiyun,2012,Super League
Rodez,17,Ligue 2
Ascoli,32,Serie B
Wrexham,61,League Two
Bengaluru,2149,Super League
Viborg,1,Superliga
Sparta Rotterdam,10,Eredivisie
Kayserispor,68,Süper Lig
Olimpia,337,Primera División
Deportivo Cuenca,2018,Liga Pro
New York RB,39,Major League Soccer
Sligo Rovers,65,Premier Division
Ruch Chorzów,66,Ekstraklasa
Lech Poznań,66,Ekstraklasa
Palermo,32,Serie B
Hyderabad,2149,Super League
Mumbai City,2149,Super League
East Bengal,2149,Super League
Burgos,54,La Liga 2
Chelsea,13,Premier League
FC Twente,10,Eredivisie
Leganés,54,La Liga 2
Danubio,338,Primera División
Westerlo,4,Pro League
Sparta Rotterdam,10,Eredivisie
Almere City,10,Eredivisie
Udinese,31,Serie A
PEC Zwolle,10,Eredivisie
Brann,41,Eliteserien
Abha,350,Pro League
Troyes,17,Ligue 2
SD Eibar,54,La Liga 2
Cork City,65,Premier Division
Qingdao Hainiu,2012,Super League
St Patrick's,65,Premier Division
Rapid Wien,80,Bundesliga
Botoşani,330,Liga I
Cheltenham Town,60,League One
Go Ahead Eagles,10,Eredivisie
Swindon Town,61,League Two
Elfsborg,56,Allsvenskan
Independiente Medellín,336,Categoría Primera A
1860 München,2076,3. Liga
Rheindorf Altach,80,Bundesliga
Feyenoord,10,Eredivisie
Huracán,353,Liga Profesional de Fútbol
Grimsby Town,61,League Two
Cracovia Kraków,66,Ekstraklasa
APOEL,318,1. Division
Odd,41,Eliteserien
Osasuna,53,La Liga
Sligo Rovers,65,Premier Division
Sandhausen,2076,3. Liga
Cangzhou Mighty Lions,2012,Super League
Sligo Rovers,65,Premier Division
Crawley Town,61,League Two
Manchester United,13,Premier League
Odisha FC,2149,Super League
Lugano,189,Super League
Clermont,16,Ligue 1
Nantong Zhiyun,2012,Super League
Varberg BoIS,56,Allsvenskan
Perth Glory,351,A-League Men
U Craiova 1948,330,Liga I
Pisa,32,Serie B
Orlando City,39,Major League Soccer
Austria Lustenau,80,Bundesliga
Derry City,65,Premier Division
Preußen Münster,2076,3. Liga
Ternana,32,Serie B
Halmstad,56,Allsvenskan
FC Volendam,10,Eredivisie
Brisbane Roar,351,A-League Men
Norrköping,56,Allsvenskan
Elfsborg,56,Allsvenskan
Qingdao Hainiu,2012,Super League
Lazio,31,Serie A
HJK,322,Veikkausliiga
CF Montréal,39,Major League Soccer
Nacional,338,Primera División
Oriente Petrolero,2017,División de Fútbol Profesional
Servette,189,Super League
Independiente del Valle,2018,Liga Pro
Punjab,2149,Super League
Tianjin Jinmen Tiger,2012,Super League
Grimsby Town,61,League Two
Crewe Alexandra,61,League Two
Plymouth Argyle,14,Championship
IFK Göteborg,56,Allsvenskan
Lugano,189,Super League
FC Cartagena,54,La Liga 2
St. Mirren,50,Premiership
Caracas,2019,Primera Division
Sydney FC,351,A-League Men
Freiburg II,2076,3. Liga
Oriente Petrolero,2017,División de Fútbol Profesional
Hermannstadt,330,Liga I
Seoul,83,K League 1
Derry City,65,Premier Division
Tranmere Rovers,61,League Two
Daejeon Citizen,83,K League 1
Paris,17,Ligue 2
Jeju United,83,K League 1
Nordsjælland,1,Superliga
Brisbane Roar,351,A-League Men
Getafe,53,La Liga
Al Raed,350,Pro League
Minnesota United,39,Major League Soccer
Sheffield United,13,Premier League
Sunderland,14,Championship
Libertad,337,Primera División
Al Riyadh,350,Pro League
Randers,1,Superliga
Fulham,13,Premier League
Chengdu Rongcheng,2012,Super League
Dalian Professional,2012,Super League
Tromsø,41,Eliteserien
Notts County,61,League Two
Notts County,61,League Two
LA Galaxy,39,Major League Soccer
Odd,41,Eliteserien
Unterhaching,2076,3. Liga
Brommapojkarna,56,Allsvenskan
Borussia Dortmund II,2076,3. Liga
Cosenza,32,Serie B
Arsenal,13,Premier League
Guabirá,2017,División de Fútbol Profesional
Morecambe,61,League Two
Dundalk,65,Premier Division
Henan,2012,Super League
1860 München,2076,3. Liga
Unterhaching,2076,3. Liga
Grasshopper,189,Super League
,,
Ross County,50,Premiership
Al Raed,350,Pro League
Jagiellonia Białystok,66,Ekstraklasa
Universidad Católica,335,Primera Division
Atlanta United,39,Major League Soccer
Huddersfield Town,14,Championship
Hallescher FC,2076,3. Liga
Rosenborg,41,Eliteserien
Rayo Vallecano,53,La Liga
Tianjin Jinmen Tiger,2012,Super League
Junior,336,Categoría Primera A
Drogheda United,65,Premier Division
Dalian Professional,2012,Super League
Central Coast Mariners,351,A-League Men
Fulham,13,Premier League
Paris,17,Ligue 2
Central Coast Mariners,351,A-League Men
Crawley Town,61,League Two
Oțelul Galați,330,Liga I
East Bengal,2149,Super League
Notts County,61,League Two
Reggiana,32,Serie B
Sporting Charleroi,4,Pro League
Vålerenga,41,Eliteserien
Atalanta,31,Serie A
Palestino,335,Primera Division
Shenzhen,2012,Super League
Nürnberg,20,2. Bundesliga
Sint-Truiden,4,Pro League
Lecce,31,Serie A
Los Angeles FC,39,Major League Soccer
Antalyaspor,68,Süper Lig
Tacuary,337,Primera División
Al Wahda,350,Pro League
Ross County,50,Premiership
East Bengal,2149,Super League
Tacuary,337,Primera División
Basel,189,Super League
SSC Farul,330,Liga I
Orlando City,39,Major League Soccer
Odd,41,Eliteserien
Angers SCO,17,Ligue 2
Al Fateh,350,Pro League
Cork City,65,Premier Division
Alanyaspor,68,Süper Lig
Angers SCO,17,Ligue 2
Daejeon Citizen,83,K League 1
Leicester City,14,Championship
Valenciennes,17,Ligue 2
Shamrock Rovers,65,Premier Division
Qingdao Hainiu,2012,Super League
Colón,353,Liga Profesional de Fútbol
Minnesota United,39,Major League Soccer
AGF,1,Superliga
APOEL,318,1. Division
Vejle,1,Superliga
Villarreal II,54,La Liga 2
Macarthur,351,A-League Men
Randers,1,Superliga
Macarthur,351,A-League Men
CF Montréal,39,Major League Soccer
Melgar,2020,Primera Division
Libertad,337,Primera División
Norwich City,14,Championship
APOEL,318,1. Division
Odisha FC,2149,Super League
Adana Demirspor,68,Süper Lig
St. Johnstone,50,Premiership
Goa,2149,Super League
Jagiellonia Białystok,66,Ekstraklasa
Cambridge United,60,League One
Bohemians,65,Premier Division
Walsall,61,League Two
Luton Town,13,Premier League
Danubio,338,Primera División
Brescia,32,Serie B
Quevilly Rouen,17,Ligue 2
Saint-Étienne,17,Ligue 2
Adelaide United,351,A-League Men
Rot-Weiss Essen,2076,3. Liga
Verl,2076,3. Liga
Gangwon,83,K League 1
Cangzhou Mighty Lions,2012,Super League
Millwall,14,Championship
Damac,350,Pro League
Sandefjord,41,Eliteserien
Al Ahli Jeddah,350,Pro League
Odisha FC,2149,Super League
LA Galaxy,39,Major League Soccer
Al Taawon,350,Pro League
AIK,56,Allsvenskan
Sutton United,61,League Two
Drogheda United,65,Premier Division
Oțelul Galați,330,Liga I
Quevilly Rouen,17,Ligue 2
Norwich City,14,Championship
Forest Green Rovers,61,League Two
Newcastle United,13,Premier League
Al Shabab,350,Pro League
Sarpsborg 08,41,Eliteserien
AGF,1,Superliga
Newport County,61,League Two
AIK,56,Allsvenskan
Hammarby,56,Allsvenskan
Newcastle Jets,351,A-League Men
St. Johnstone,50,Premiership
CSM Politehnica Iași,330,Liga I
CF Montréal,39,Major League Soccer
AFC Wimbledon,61,League Two
Abha,350,Pro League
Sporting Charleroi,4,Pro League
Gwangju,83,K League 1
LASK Linz,80,Bundesliga
Toronto,39,Major League Soccer
Magdeburg,20,2. Bundesliga
Värnamo,56,Allsvenskan
Varberg BoIS,56,Allsvenskan
East Bengal,2149,Super League
Brann,41,Eliteserien
Abha,350,Pro League
Fleetwood Town,60,League One
Häcken,56,Allsvenskan
Jamshedpur,2149,Super League
Gwangju,83,K League 1
CF Montréal,39,Major League Soccer
Piast Gliwice,66,Ekstraklasa
Milton Keynes Dons,61,League Two
Los Angeles FC,39,Major League Soccer
Stade Lausanne-Ouchy,189,Super League
SpVgg Greuther Fürth,20,2. Bundesliga
Aalesund,41,Eliteserien
DSC Arminia Bielefeld,2076,3. Liga
Lecce,31,Serie A
Winterthur,189,Super League
St. Pauli,20,2. Bundesliga
Sparta Rotterdam,10,Eredivisie
Wycombe Wanderers,60,League One
Seattle Sounders,39,Major League Soccer
Karlsruher SC,20,2. Bundesliga
Reading,60,League One
Freiburg II,2076,3. Liga
LA Galaxy,39,Major League Soccer
Bradford City,61,League Two
Shanghai Shenhua,2012,Super League
Newell's Old Boys,353,Liga Profesional de Fútbol
Sporting Kansas City,39,Major League Soccer
Concarneau,17,Ligue 2
Oțelul Galați,330,Liga I
Emelec,2018,Liga Pro
Mumbai City,2149,Super League
Western Sydney Wanderers,351,A-League Men
Sirius,56,Allsvenskan
Al Tai,350,Pro League
Varberg BoIS,56,Allsvenskan
Galatasaray,68,Süper Lig
Kilmarnock,50,Premiership
Radomiak Radom,66,Ekstraklasa
Sparta Rotterdam,10,Eredivisie
Sarpsborg 08,41,Eliteserien
Ternana,32,Serie B
Cittadella,32,Serie B
Barnsley,60,League One
Drogheda United,65,Premier Division
Goa,2149,Super League
Getafe,53,La Liga
Kerala Blasters,2149,Super League
Qingdao Hainiu,2012,Super League
SSC Farul,330,Liga I
Adelaide United,351,A-League Men
Perth Glory,351,A-League Men
Kilmarnock,50,Premiership
Al Ettifaq,350,Pro League
Eintracht Frankfurt,19,Bundesliga
Suwon Bluewings,83,K League 1
Libertad,337,Primera División
Genoa,31,Serie A
Everton,13,Premier League
Gaziantep F.K.,68,Süper Lig
Goa,2149,Super League
Hartberg,80,Bundesliga
Wellington Phoenix,351,A-League Men
Aalesund,41,Eliteserien
Preston North End,14,Championship
Aalesund,41,Eliteserien
Dunkerque,17,Ligue 2
Fleetwood Town,60,League One
Deportivo Cuenca,2018,Liga Pro
Fortuna Düsseldorf,20,2. Bundesliga
Damac,350,Pro League
West Ham United,13,Premier League
FC Andorra,54,La Liga 2
Seoul,83,K League 1
Inter Miami,39,Major League Soccer
Lyngby,1,Superliga
Wolfsberger AC,80,Bundesliga
West Ham United,13,Premier League
Colchester United,61,League Two
Odisha FC,2149,Super League
Danubio,338,Primera División
Juventus,31,Serie A
Karlsruher SC,20,2. Bundesliga
Swansea City,14,Championship
Austria Wien,80,Bundesliga
Tranmere Rovers,61,League Two
Al Okhdood,350,Pro League
Cork City,65,Premier Division
Vizela,308,Primeira Liga
Crewe Alexandra,61,League Two
Stal Mielec,66,Ekstraklasa
Sportivo Ameliano,337,Primera División
Suwon,83,K League 1
Sydney FC,351,A-League Men
Hannover 96,20,2. Bundesliga
Universitatea Cluj,330,Liga I
San Jose Earthquakes,39,Major League Soccer
Clermont,16,Ligue 1
St Patrick's,65,Premier Division
Columbus Crew,39,Major League Soccer
Morecambe,61,League Two
Union Saint-Gilloise,4,Pro League
SSC Farul,330,Liga I
East Bengal,2149,Super League
Galatasaray,68,Süper Lig
İstanbul Başakşehir,68,Süper Lig
Kerala Blasters,2149,Super League
Galatasaray,68,Süper Lig
Kerala Blasters,2149,Super League
Al Hazem,350,Pro League
Beşiktaş,68,Süper Lig
Excelsior,10,Eredivisie
Morecambe,61,League Two
Al Wahda,350,Pro League
Valenciennes,17,Ligue 2
Wigan Athletic,60,League One
Al Wahda,350,Pro League
Blooming,2017,División de Fútbol Profesional
RB Leipzig,19,Bundesliga
Blooming,2017,División de Fútbol Profesional
Kayserispor,68,Süper Lig
Malmö FF,56,Allsvenskan
Qingdao Hainiu,2012,Super League
Sportivo Ameliano,337,Primera División
CFR Cluj,330,Liga I
Varberg BoIS,56,Allsvenskan
İstanbul Başakşehir,68,Süper Lig
Accrington Stanley,61,League Two
Austria Wien,80,Bundesliga
Trabzonspor,68,Süper Lig
Al Ain,2013,Pro League
Barrow,61,League Two
Western Sydney Wanderers,351,A-League Men
Dallas,39,Major League Soccer
Swindon Town,61,League Two
Mechelen,4,Pro League
Caracas,2019,Primera Division
AIK,56,Allsvenskan
DSC Arminia Bielefeld,2076,3. Liga
Newport County,61,League Two
Silkeborg,1,Superliga
Warta Poznań,66,Ekstraklasa
Odisha FC,2149,Super League
Young Boys,189,Super League
Coventry City,14,Championship
Liverpool,338,Primera División
UCD,65,Premier Division
East Bengal,2149,Super League
SpVgg Greuther Fürth,20,2. Bundesliga
Seattle Sounders,39,Major League Soccer
Dinamo Bucureşti,330,Liga I
Deportivo Cuenca,2018,Liga Pro
Crawley Town,61,League Two
Brøndby,1,Superliga
Bodø / Glimt,41,Eliteserien
Widzew Łódź,66,Ekstraklasa
Chennaiyin,2149,Super League
Getafe,53,La Liga
Al Tai,350,Pro League
Shamrock Rovers,65,Premier Division
Sarpsborg 08,41,Eliteserien
Randers,1,Superliga
Adelaide United,351,A-League Men
Suwon,83,K League 1
Shenzhen,2012,Super League
Real Salt Lake,39,Major League Soccer
Getafe,53,La Liga
Fleetwood Town,60,League One
Halmstad,56,Allsvenskan
Hvidovre,1,Superliga
Reading,60,League One
Elfsborg,56,Allsvenskan
Al Okhdood,350,Pro League
Palestino,335,Primera Division
Melbourne City,351,A-League Men
Wolfsberger AC,80,Bundesliga
Basel,189,Super League
Sutton United,61,League Two
SC Heerenveen,10,Eredivisie
Kerala Blasters,2149,Super League
ŁKS Łódź,66,Ekstraklasa
Sparta Rotterdam,10,Eredivisie
St. Pauli,20,2. Bundesliga
Damac,350,Pro League
Newcastle United,13,Premier League
Nashville SC,39,Major League Soccer
Go Ahead Eagles,10,Eredivisie
FC Bayern München,19,Bundesliga
Bari 1908,32,Serie B
Unterhaching,2076,3. Liga
Bastia,17,Ligue 2
Drogheda United,65,Premier Division
Monagas,2019,Primera Division
Al Ain,2013,Pro League
CSM Politehnica Iași,330,Liga I
Celta de Vigo,53,La Liga
Jagiellonia Białystok,66,Ekstraklasa
Drogheda United,65,Premier Division
New England,39,Major League Soccer
Al Riyadh,350,Pro League
Aston Villa,13,Premier League
Dinamo Bucureşti,330,Liga I
Barrow,61,League Two
Qingdao Hainiu,2012,Super League
Jahn Regensburg,2076,3. Liga
Rizespor,68,Süper Lig
Guaraní,337,Primera División
Sutton United,61,League Two
Hammarby,56,Allsvenskan
Macarthur,351,A-League Men
Al Wahda,350,Pro League
TSG Hoffenheim,19,Bundesliga
Rot-Weiss Essen,2076,3. Liga
Reading,60,League One
Basel,189,Super League
AFC Bournemouth,13,Premier League
Silkeborg,1,Superliga
WSG Tirol,80,Bundesliga
Queens Park Rangers,14,Championship
Birmingham City,14,Championship
Randers,1,Superliga
Genoa,31,Serie A
Shelbourne,65,Premier Division
IFK Göteborg,56,Allsvenskan
Chengdu Rongcheng,2012,Super League
Valenciennes,17,Ligue 2
Odisha FC,2149,Super League
Brighton & Hove Albion,13,Premier League
Palestino,335,Primera Division
Pohang Steelers,83,K League 1
Al Raed,350,Pro League
Ulsan,83,K League 1
HJK,322,Veikkausliiga
Erzgebirge Aue,2076,3. Liga
Borussia Dortmund II,2076,3. Liga
Oțelul Galați,330,Liga I
AIK,56,Allsvenskan
Cobresal,335,Primera Division
Auxerre,17,Ligue 2
Fleetwood Town,60,League One
WSG Tirol,80,Bundesliga
Swindon Town,61,League Two
SC Heerenveen,10,Eredivisie
Inter Miami,39,Major League Soccer
Inter Miami,39,Major League Soccer
Salford City,61,League Two
San Jose Earthquakes,39,Major League Soccer
Deportes Tolima,336,Categoría Primera A
Troyes,17,Ligue 2
Viking,41,Eliteserien
Winterthur,189,Super League
VfB Lübeck,2076,3. Liga
Quevilly Rouen,17,Ligue 2
St Patrick's,65,Premier Division
Erzgebirge Aue,2076,3. Liga
Oxford United,60,League One
Forest Green Rovers,61,League Two
İstanbulspor,68,Süper Lig
Al Taawon,350,Pro League
Newcastle United,13,Premier League
IFK Göteborg,56,Allsvenskan
Colchester United,61,League Two
Wolfsberger AC,80,Bundesliga
FC Twente,10,Eredivisie
Beşiktaş,68,Süper Lig
Sligo Rovers,65,Premier Division
SD Eibar,54,La Liga 2
Ingolstadt,2076,3. Liga
UCD,65,Premier Division
Vitesse,10,Eredivisie
Carlisle United,60,League One
Mjällby,56,Allsvenskan
Walsall,61,League Two
Sparta Rotterdam,10,Eredivisie
Heracles Almelo,10,Eredivisie
Sutton United,61,League Two
RWDM,4,Pro League
Al Fayha,350,Pro League
Wolverhampton Wanderers,13,Premier League
Meizhou Hakka,2012,Super League
Leyton Orient,60,League One
Colchester United,61,League Two
Peterborough United,60,League One
WSG Tirol,80,Bundesliga
Randers,1,Superliga
Cork City,65,Premier Division
Drogheda United,65,Premier Division
Clermont,16,Ligue 1
İstanbulspor,68,Süper Lig
Cork City,65,Premier Division
New York City,39,Major League Soccer
UTA Arad,330,Liga I
Melgar,2020,Primera Division
Werder Bremen,19,Bundesliga
Hartberg,80,Bundesliga
Shelbourne,65,Premier Division
Sparta Rotterdam,10,Eredivisie
Karlsruher SC,20,2. Bundesliga
Jamshedpur,2149,Super League
Reggiana,32,Serie B
Sint-Truiden,4,Pro League
Standard Liège,4,Pro League
Viktoria Köln,2076,3. Liga
Goa,2149,Super League
Cangzhou Mighty Lions,2012,Super League
Jeonbuk Motors,83,K League 1
Preston North End,14,Championship
Quevilly Rouen,17,Ligue 2
Arsenal,13,Premier League
Mjällby,56,Allsvenskan
Bengaluru,2149,Super League
Malmö FF,56,Allsvenskan
Al Hazem,350,Pro League
Shelbourne,65,Premier Division
Swansea City,14,Championship
Värnamo,56,Allsvenskan
Lech Poznań,66,Ekstraklasa
Austin,39,Major League Soccer
Värnamo,56,Allsvenskan
Charlotte,39,Major League Soccer
Al Tai,350,Pro League
Auxerre,17,Ligue 2
Ingolstadt,2076,3. Liga
Heracles Almelo,10,Eredivisie
Sint-Truiden,4,Pro League
Auxerre,17,Ligue 2
Tranmere Rovers,61,League Two
Derby County,60,League One
Macarthur,351,A-League Men
Stockport County,61,League Two
Brøndby,1,Superliga
Pohang Steelers,83,K League 1
Minnesota United,39,Major League Soccer
Strømsgodset,41,Eliteserien
Kayserispor,68,Süper Lig
Freiburg II,2076,3. Liga
Zürich,189,Super League
Jahn Regensburg,2076,3. Liga
Concarneau,17,Ligue 2
ŁKS Łódź,66,Ekstraklasa
Dalian Professional,2012,Super League
Oxford United,60,League One
Milton Keynes Dons,61,League Two
Unterhaching,2076,3. Liga
Swindon Town,61,League Two
Kaiserslautern,20,2. Bundesliga
Al Wahda,350,Pro League
Pogoń Szczecin,66,Ekstraklasa
Cheltenham Town,60,League One
Changchun Yatai,2012,Super League
NorthEast United,2149,Super League
Standard Liège,4,Pro League
Oriente Petrolero,2017,División de Fútbol Profesional
Cracovia Kraków,66,Ekstraklasa
ATK Mohun Bagan,2149,Super League
Celtic,50,Premiership
Al Shabab,350,Pro League
Grenoble Foot 38,17,Ligue 2
Goa,2149,Super League
Tianjin Jinmen Tiger,2012,Super League
UCD,65,Premier Division
Jamshedpur,2149,Super League
Angers SCO,17,Ligue 2
Morecambe,61,League Two
Adana Demirspor,68,Süper Lig
Odisha FC,2149,Super League
Damac,350,Pro League
Elfsborg,56,Allsvenskan
Ascoli,32,Serie B
Odisha FC,2149,Super League
Austria Klagenfurt,80,Bundesliga
Dundalk,65,Premier Division
Changchun Yatai,2012,Super League
Cerro Porteño,337,Primera División
Servette,189,Super League
Servette,189,Super League
ŁKS Łódź,66,Ekstraklasa
St. Johnstone,50,Premiership
Cangzhou Mighty Lions,2012,Super League
HamKam,41,Eliteserien
Rapid Wien,80,Bundesliga
East Bengal,2149,Super League
Hvidovre,1,Superliga
Suwon Bluewings,83,K League 1
Morecambe,61,League Two
Accrington Stanley,61,League Two
Changchun Yatai,2012,Super League
Salford City,61,League Two
Aalesund,41,Eliteserien
Haugesund,41,Eliteserien
LA Galaxy,39,Major League Soccer
Newcastle Jets,351,A-League Men
Al Riyadh,350,Pro League
Molde,41,Eliteserien
Haugesund,41,Eliteserien
DSC Arminia Bielefeld,2076,3. Liga
Viborg,1,Superliga
Suwon Bluewings,83,K League 1
Shanghai Shenhua,2012,Super League
UCD,65,Premier Division
Korona Kielce,66,Ekstraklasa
Gangwon,83,K League 1
Wuhan Three Towns,2012,Super League
Shandong Taishan,2012,Super League
West Ham United,13,Premier League
1860 München,2076,3. Liga
Vancouver Whitecaps,39,Major League Soccer
Toronto,39,Major League Soccer
Sydney FC,351,A-League Men
NorthEast United,2149,Super League
Karlsruher SC,20,2. Bundesliga
Freiburg II,2076,3. Liga
Blooming,2017,División de Fútbol Profesional
Portland Timbers,39,Major League Soccer
Al Khaleej,350,Pro League
Borussia Dortmund II,2076,3. Liga
U Craiova 1948,330,Liga I
Cremonese,32,Serie B
Walsall,61,League Two
Trabzonspor,68,Süper Lig
St. Johnstone,50,Premiership
Wuhan Three Towns,2012,Super League
Al Okhdood,350,Pro League
Shanghai Port,2012,Super League
Antalyaspor,68,Süper Lig
Qingdao Hainiu,2012,Super League
IFK Göteborg,56,Allsvenskan
Sarpsborg 08,41,Eliteserien
Ipswich Town,14,Championship
Colchester United,61,League Two
Hartberg,80,Bundesliga
Tromsø,41,Eliteserien
Las Palmas,53,La Liga
Crawley Town,61,League Two
Tianjin Jinmen Tiger,2012,Super League
Carlisle United,60,League One
Sirius,56,Allsvenskan
Hearts,50,Premiership
Shenzhen,2012,Super League
Central Coast Mariners,351,A-League Men
Viktoria Köln,2076,3. Liga
St Patrick's,65,Premier Division
St Patrick's,65,Premier Division
Jamshedpur,2149,Super League
Al Tai,350,Pro League
Crawley Town,61,League Two
Cork City,65,Premier Division
Al Raed,350,Pro League
İstanbulspor,68,Süper Lig
Oxford United,60,League One
Wolfsberger AC,80,Bundesliga
Farense,308,Primeira Liga
Unterhaching,2076,3. Liga
Notts County,61,League Two
Shamrock Rovers,65,Premier Division
Preußen Münster,2076,3. Liga
Bengaluru,2149,Super League
Nottingham Forest,13,Premier League
Osnabrück,20,2. Bundesliga
West Ham United,13,Premier League
Nottingham Forest,13,Premier League
Górnik Zabrze,66,Ekstraklasa
Coventry City,14,Championship
Estoril,308,Primeira Liga
Voluntari,330,Liga I
Troyes,17,Ligue 2
Varberg BoIS,56,Allsvenskan
Bastia,17,Ligue 2
Cobresal,335,Primera Division
Stockport County,61,League Two
Al Fayha,350,Pro League
Estudiantes Mérida,2019,Primera Division
Caracas,2019,Primera Division
Lyngby,1,Superliga
Abha,350,Pro League
Almere City,10,Eredivisie
Accrington Stanley,61,League Two
Al Riyadh,350,Pro League
Ruch Chorzów,66,Ekstraklasa
Troyes,17,Ligue 2
Qingdao Hainiu,2012,Super League
Al Okhdood,350,Pro League
Bohemians,65,Premier Division
Chicago Fire,39,Major League Soccer
Rotherham United,14,Championship
Coventry City,14,Championship
Pohang Steelers,83,K League 1
Blooming,2017,División de Fútbol Profesional
Cork City,65,Premier Division
Blooming,2017,División de Fútbol Profesional
Dynamo Dresden,2076,3. Liga
Korona Kielce,66,Ekstraklasa
Jahn Regensburg,2076,3. Liga
LA Galaxy,39,Major League Soccer
Beijing Guoan,2012,Super League
HJK,322,Veikkausliiga
Al Khaleej,350,Pro League
Sligo Rovers,65,Premier Division
Rot-Weiss Essen,2076,3. Liga
CFR Cluj,330,Liga I
Sturm Graz,80,Bundesliga
Western Sydney Wanderers,351,A-League Men
Genoa,31,Serie A
Gillingham,61,League Two
Crewe Alexandra,61,League Two
Guaraní,337,Primera División
Waldhof Mannheim,2076,3. Liga
Al Taawon,350,Pro League
Cercle Brugge,4,Pro League
Borussia Dortmund II,2076,3. Liga
Al Raed,350,Pro League
Leyton Orient,60,League One
Adelaide United,351,A-League Men
Brescia,32,Serie B
Odd,41,Eliteserien
Anderlecht,4,Pro League
Kerala Blasters,2149,Super League
Korona Kielce,66,Ekstraklasa
Austin,39,Major League Soccer
Stal Mielec,66,Ekstraklasa
Go Ahead Eagles,10,Eredivisie
Forest Green Rovers,61,League Two
Winterthur,189,Super League
NorthEast United,2149,Super League
Brommapojkarna,56,Allsvenskan
Zhejiang,2012,Super League
Haugesund,41,Eliteserien
Amiens SC,17,Ligue 2
Macarthur,351,A-League Men
Al Wahda,350,Pro League
Al Nassr,350,Pro League
Liverpool,338,Primera División
Mechelen,4,Pro League
Barnsley,60,League One
Millwall,14,Championship
RKC Waalwijk,10,Eredivisie
Viktoria Köln,2076,3. Liga
DC United,39,Major League Soccer
DSC Arminia Bielefeld,2076,3. Liga
Sandefjord,41,Eliteserien
Cork City,65,Premier Division
Sarpsborg 08,41,Eliteserien
Dallas,39,Major League Soccer
Al Riyadh,350,Pro League
Viborg,1,Superliga
Al Tai,350,Pro League
Cincinnati,39,Major League Soccer
Abha,350,Pro League
Fleetwood Town,60,League One
FC Köln,19,Bundesliga
Erzgebirge Aue,2076,3. Liga
Burgos,54,La Liga 2
Qingdao Hainiu,2012,Super League
Bohemians,65,Premier Division
UCD,65,Premier Division
Heracles Almelo,10,Eredivisie
Viking,41,Eliteserien
Toronto,39,Major League Soccer
Alanyaspor,68,Süper Lig
Western Sydney Wanderers,351,A-League Men
Torino,31,Serie A
Drogheda United,65,Premier Division
Melbourne City,351,A-League Men
Western United,351,A-League Men
Changchun Yatai,2012,Super League
Sampdoria,32,Serie B
Jahn Regensburg,2076,3. Liga
Changchun Yatai,2012,Super League
Al Wahda,350,Pro League
Incheon United,83,K League 1
Barnsley,60,League One
Jeju United,83,K League 1
Chengdu Rongcheng,2012,Super League
Beijing Guoan,2012,Super League
Wolverhampton Wanderers,13,Premier League
Preston North End,14,Championship
Al Ittihad,350,Pro League
Sheffield Wednesday,14,Championship
Deportivo Táchira,2019,Primera Division
Zürich,189,Super League
Tromsø,41,Eliteserien
HJK,322,Veikkausliiga
Excelsior,10,Eredivisie
Chennaiyin,2149,Super League
Blau-Weiß Linz,80,Bundesliga
Perth Glory,351,A-League Men
Al Fateh,350,Pro League
Cangzhou Mighty Lions,2012,Super League
Jamshedpur,2149,Super League
Saint Louis City,39,Major League Soccer
Wuhan Three Towns,2012,Super League
Sligo Rovers,65,Premier Division
Kasımpaşa,68,Süper Lig
Brann,41,Eliteserien
Damac,350,Pro League
Wigan Athletic,60,League One
Ingolstadt,2076,3. Liga
Kalmar,56,Allsvenskan
Hermannstadt,330,Liga I
Al Raed,350,Pro League
Grimsby Town,61,League Two
Ipswich Town,14,Championship
Bohemians,65,Premier Division
Vitesse,10,Eredivisie
Sarmiento,353,Liga Profesional de Fútbol
Shanghai Shenhua,2012,Super League
Newport County,61,League Two
SpVgg Greuther Fürth,20,2. Bundesliga
Legia Warszawa,66,Ekstraklasa
Huddersfield Town,14,Championship
Zagłębie Lubin,66,Ekstraklasa
Newcastle United,13,Premier League
Henan,2012,Super League
Hatayspor,68,Süper Lig
Värnamo,56,Allsvenskan
Odisha FC,2149,Super League
Luton Town,13,Premier League
Hatayspor,68,Süper Lig
Verl,2076,3. Liga
Nantong Zhiyun,2012,Super League
Stabæk,41,Eliteserien
Al Okhdood,350,Pro League
Sheffield United,13,Premier League
Perth Glory,351,A-League Men
Meizhou Hakka,2012,Super League
Oțelul Galați,330,Liga I
Derry City,65,Premier Division
SC Heerenveen,10,Eredivisie
Universidad Católica,335,Primera Division
Silkeborg,1,Superliga
Zhejiang,2012,Super League
Rheindorf Altach,80,Bundesliga
Meizhou Hakka,2012,Super League
Odisha FC,2149,Super League
Crawley Town,61,League Two
Queens Park Rangers,14,Championship
Shelbourne,65,Premier Division
Luzern,189,Super League
Wolfsberger AC,80,Bundesliga
Monagas,2019,Primera Division
Austria Klagenfurt,80,Bundesliga
PEC Zwolle,10,Eredivisie
Spezia,32,Serie B
Colorado Rapids,39,Major League Soccer
OB,1,Superliga
Jeonbuk Motors,83,K League 1
Accrington Stanley,61,League Two
Saint-Étienne,17,Ligue 2
Cangzhou Mighty Lions,2012,Super League
Südtirol,32,Serie B
Crystal Palace,13,Premier League
Preußen Münster,2076,3. Liga
Minnesota United,39,Major League Soccer
Puszcza Niepołomice,66,Ekstraklasa
Queens Park Rangers,14,Championship
East Bengal,2149,Super League
Adelaide United,351,A-League Men
Sligo Rovers,65,Premier Division
Morecambe,61,League Two
Petrolul 52,330,Liga I
Sligo Rovers,65,Premier Division
Zürich,189,Super League
Estudiantes Mérida,2019,Primera Division
Cangzhou Mighty Lions,2012,Super League
Al Hazem,350,Pro League
İstanbul Başakşehir,68,Süper Lig
Qingdao Hainiu,2012,Super League
Al Khaleej,350,Pro League
Silkeborg,1,Superliga
Lech Poznań,66,Ekstraklasa
Widzew Łódź,66,Ekstraklasa
Philadelphia Union,39,Major League Soccer
Dundalk,65,Premier Division
Bari 1908,32,Serie B
Charlotte,39,Major League Soccer
Lech Poznań,66,Ekstraklasa
Cincinnati,39,Major League Soccer
Incheon United,83,K League 1
Brommapojkarna,56,Allsvenskan
Grasshopper,189,Super League
SD Eibar,54,La Liga 2
Sint-Truiden,4,Pro League
Chennaiyin,2149,Super League
Cittadella,32,Serie B
Perth Glory,351,A-League Men
Sporting Cristal,2020,Primera Division
Servette,189,Super League
Cork City,65,Premier Division
Pohang Steelers,83,K League 1
Cittadella,32,Serie B
Kerala Blasters,2149,Super League
Eintracht Braunschweig,20,2. Bundesliga
Cambridge United,60,League One
Strømsgodset,41,Eliteserien
Minnesota United,39,Major League Soccer
Cracovia Kraków,66,Ekstraklasa
Yverdon Sport,189,Super League
Los Angeles FC,39,Major League Soccer
Preußen Münster,2076,3. Liga
Oțelul Galați,330,Liga I
Konyaspor,68,Süper Lig
Gillingham,61,League Two
NorthEast United,2149,Super League
Chennaiyin,2149,Super League
Chennaiyin,2149,Super League
St. Johnstone,50,Premiership
Peterborough United,60,League One
Vålerenga,41,Eliteserien
Sparta Rotterdam,10,Eredivisie
AIK,56,Allsvenskan
Brisbane Roar,351,A-League Men
Henan,2012,Super League
UCD,65,Premier Division
Central Coast Mariners,351,A-League Men
Lyngby,1,Superliga
Lugano,189,Super League
Western Sydney Wanderers,351,A-League Men
Al Hazem,350,Pro League
Stade Lausanne-Ouchy,189,Super League
Damac,350,Pro League
Aberdeen,50,Premiership
Guingamp,17,Ligue 2
Parma,32,Serie B
Barnsley,60,League One
Lillestrøm,41,Eliteserien
Changchun Yatai,2012,Super League
The Strongest,2017,División de Fútbol Profesional
Tromsø,41,Eliteserien
Zagłębie Lubin,66,Ekstraklasa
Al Okhdood,350,Pro League
Ross County,50,Premiership
Crawley Town,61,League Two
Radomiak Radom,66,Ekstraklasa
Al Wahda,350,Pro League
Venezia,32,Serie B
Tromsø,41,Eliteserien
Brann,41,Eliteserien
Punjab,2149,Super League
Lillestrøm,41,Eliteserien
Seattle Sounders,39,Major League Soccer
Sligo Rovers,65,Premier Division
Al Fateh,350,Pro League
Al Ettifaq,350,Pro League
Stoke City,14,Championship
Valenciennes,17,Ligue 2
Central Coast Mariners,351,A-League Men
Western United,351,A-League Men
Cobresal,335,Primera Division
Stabæk,41,Eliteserien
Aalesund,41,Eliteserien
Fleetwood Town,60,League One
Luzern,189,Super League
Celtic,50,Premiership
Karlsruher SC,20,2. Bundesliga
Motherwell,50,Premiership
Gillingham,61,League Two
Wolverhampton Wanderers,13,Premier League
Cork City,65,Premier Division
Chennaiyin,2149,Super League
Molde,41,Eliteserien
Widzew Łódź,66,Ekstraklasa
Odisha FC,2149,Super League
Bologna,31,Serie A
Värnamo,56,Allsvenskan
Jamshedpur,2149,Super League
Shrewsbury Town,60,League One
Harrogate Town,61,League Two
Sheffield Wednesday,14,Championship
NorthEast United,2149,Super League
ŁKS Łódź,66,Ekstraklasa
AIK,56,Allsvenskan
Central Coast Mariners,351,A-League Men
Burgos,54,La Liga 2
Al Ain,2013,Pro League
Crawley Town,61,League Two
Elfsborg,56,Allsvenskan
Mjällby,56,Allsvenskan
Sportivo Ameliano,337,Primera División
SD Eibar,54,La Liga 2
Watford,14,Championship
Colorado Rapids,39,Major League Soccer
Al Riyadh,350,Pro League
Kortrijk,4,Pro League
Goa,2149,Super League
Brøndby,1,Superliga
Hermannstadt,330,Liga I
Cardiff City,14,Championship
APOEL,318,1. Division
Jeonbuk Motors,83,K League 1
Westerlo,4,Pro League
Randers,1,Superliga
Sunderland,14,Championship
Venezia,32,Serie B
Napoli,31,Serie A
Oriente Petrolero,2017,División de Fútbol Profesional
Palestino,335,Primera Division
Dallas,39,Major League Soccer
Preston North End,14,Championship
Burton Albion,60,League One
Piast Gliwice,66,Ekstraklasa
Atlanta United,39,Major League Soccer
SSC Farul,330,Liga I
Carlisle United,60,League One
Atlanta United,39,Major League Soccer
SSC Farul,330,Liga I
Sydney FC,351,A-League Men
Carlisle United,60,League One
Fortuna Düsseldorf,20,2. Bundesliga
Lausanne Sport,189,Super League
Nantong Zhiyun,2012,Super League
Perth Glory,351,A-League Men
Suwon,83,K League 1
Haugesund,41,Eliteserien
Strømsgodset,41,Eliteserien
Al Okhdood,350,Pro League
Al Fateh,350,Pro League
Cercle Brugge,4,Pro League
Odd,41,Eliteserien
Seattle Sounders,39,Major League Soccer
HamKam,41,Eliteserien
Adelaide United,351,A-League Men
Unterhaching,2076,3. Liga
Austria Wien,80,Bundesliga
Al Wahda,350,Pro League
Meizhou Hakka,2012,Super League
Leyton Orient,60,League One
Fatih Karagümrük,68,Süper Lig
CFR Cluj,330,Liga I
Crawley Town,61,League Two
Samsunspor,68,Süper Lig
Lyngby,1,Superliga
PEC Zwolle,10,Eredivisie
Crewe Alexandra,61,League Two
Damac,350,Pro League
Sunderland,14,Championship
Central Coast Mariners,351,A-League Men
UCD,65,Premier Division
Nordsjælland,1,Superliga
Watford,14,Championship
Millwall,14,Championship
DSC Arminia Bielefeld,2076,3. Liga
Harrogate Town,61,League Two
Bolívar,2017,División de Fútbol Profesional
Wellington Phoenix,351,A-League Men
Birmingham City,14,Championship
Jamshedpur,2149,Super League
Eintracht Braunschweig,20,2. Bundesliga
Cardiff City,14,Championship
Cork City,65,Premier Division
Elfsborg,56,Allsvenskan
Al Raed,350,Pro League
Mumbai City,2149,Super League
Harrogate Town,61,League Two
Lugano,189,Super League
Odd,41,Eliteserien
Jeju United,83,K League 1
Sarpsborg 08,41,Eliteserien
Jeju United,83,K League 1
Bodø / Glimt,41,Eliteserien
Hyderabad,2149,Super League
NorthEast United,2149,Super League
Lillestrøm,41,Eliteserien
Go Ahead Eagles,10,Eredivisie
Coventry City,14,Championship
Stabæk,41,Eliteserien
Queens Park Rangers,14,Championship
WSG Tirol,80,Bundesliga
Viborg,1,Superliga
Alianza Lima,2020,Primera Division
Bolívar,2017,División de Fútbol Profesional
Abha,350,Pro League
Tianjin Jinmen Tiger,2012,Super League
Cangzhou Mighty Lions,2012,Super League
Dundalk,65,Premier Division
Mumbai City,2149,Super League
SSC Farul,330,Liga I
Al Taawon,350,Pro League
Goa,2149,Super League
Nantong Zhiyun,2012,Super League
Bohemians,65,Premier Division
Inter Miami,39,Major League Soccer
Jamshedpur,2149,Super League
Nantong Zhiyun,2012,Super League
Antalyaspor,68,Süper Lig
Independiente Medellín,336,Categoría Primera A
IFK Göteborg,56,Allsvenskan
Stabæk,41,Eliteserien
Górnik Zabrze,66,Ekstraklasa
Al Ettifaq,350,Pro League
Southampton,14,Championship
Melbourne Victory,351,A-League Men
Nashville SC,39,Major League Soccer
Swansea City,14,Championship
Atlanta United,39,Major League Soccer
Charlotte,39,Major League Soccer
Varberg BoIS,56,Allsvenskan
Blau-Weiß Linz,80,Bundesliga
Nantong Zhiyun,2012,Super League
AIK,56,Allsvenskan
Changchun Yatai,2012,Super League
Leyton Orient,60,League One
Libertad,337,Primera División
Aalesund,41,Eliteserien
Molde,41,Eliteserien
Al Khaleej,350,Pro League
NorthEast United,2149,Super League
Brighton & Hove Albion,13,Premier League
Al Ahli Jeddah,350,Pro League
Preston North End,14,Championship
Górnik Zabrze,66,Ekstraklasa
Livingston,50,Premiership
UTA Arad,330,Liga I
Young Boys,189,Super League
Brann,41,Eliteserien
Norrköping,56,Allsvenskan
Alianza Lima,2020,Primera Division
Orlando City,39,Major League Soccer
Rheindorf Altach,80,Bundesliga
Viborg,1,Superliga
Legia Warszawa,66,Ekstraklasa
Al Hazem,350,Pro League
Southampton,14,Championship
Värnamo,56,Allsvenskan
Lincoln City,60,League One
Halmstad,56,Allsvenskan
Al Fayha,350,Pro League
Fleetwood Town,60,League One
Odd,41,Eliteserien
Sint-Truiden,4,Pro League
St. Gallen,189,Super League
Degerfors,56,Allsvenskan
SpVgg Greuther Fürth,20,2. Bundesliga
Al Tai,350,Pro League
CF Montréal,39,Major League Soccer
Shelbourne,65,Premier Division
Sheffield United,13,Premier League
AS Eupen,4,Pro League
Sutton United,61,League Two
Cerro Porteño,337,Primera División
Western United,351,A-League Men
Dallas,39,Major League Soccer
Varberg BoIS,56,Allsvenskan
ATK Mohun Bagan,2149,Super League
Ulm,2076,3. Liga
Orlando City,39,Major League Soccer
UCD,65,Premier Division
Tranmere Rovers,61,League Two
Cork City,65,Premier Division
Haugesund,41,Eliteserien
Zhejiang,2012,Super League
Wellington Phoenix,351,A-League Men
Odisha FC,2149,Super League
Laval,17,Ligue 2
Wycombe Wanderers,60,League One
Goa,2149,Super League
Korona Kielce,66,Ekstraklasa
Goa,2149,Super League
Al Shabab,350,Pro League
Dalian Professional,2012,Super League
Cork City,65,Premier Division
HamKam,41,Eliteserien
Al Riyadh,350,Pro League
Raków Częstochowa,66,Ekstraklasa
Jagiellonia Białystok,66,Ekstraklasa
Mansfield Town,61,League Two
FC Bayern München,19,Bundesliga
Shenzhen,2012,Super League
Värnamo,56,Allsvenskan
Kasımpaşa,68,Süper Lig
Brommapojkarna,56,Allsvenskan
Queens Park Rangers,14,Championship
Al Taawon,350,Pro League
Odisha FC,2149,Super League
Daejeon Citizen,83,K League 1
Shrewsbury Town,60,League One
København,1,Superliga
Brommapojkarna,56,Allsvenskan
Jamshedpur,2149,Super League
UCD,65,Premier Division
Hammarby,56,Allsvenskan
Crewe Alexandra,61,League Two
Philadelphia Union,39,Major League Soccer
Odisha FC,2149,Super League
Sandefjord,41,Eliteserien
Blooming,2017,División de Fútbol Profesional
Radomiak Radom,66,Ekstraklasa
Saarbrücken,2076,3. Liga
Viborg,1,Superliga
Strømsgodset,41,Eliteserien
Kayserispor,68,Süper Lig
FeralpiSalò,32,Serie B
Zürich,189,Super League
Jamshedpur,2149,Super League
Sandefjord,41,Eliteserien
New York RB,39,Major League Soccer
Viborg,1,Superliga
Mansfield Town,61,League Two
Gangwon,83,K League 1
Al Shabab,350,Pro League
WSG Tirol,80,Bundesliga
Dalian Professional,2012,Super League
Aalesund,41,Eliteserien
ATK Mohun Bagan,2149,Super League
Henan,2012,Super League
1860 München,2076,3. Liga
Elfsborg,56,Allsvenskan
Al Taawon,350,Pro League
Norrköping,56,Allsvenskan
Swansea City,14,Championship
Brommapojkarna,56,Allsvenskan
Lillestrøm,41,Eliteserien
UCD,65,Premier Division
Philadelphia Union,39,Major League Soccer
Coventry City,14,Championship
Drogheda United,65,Premier Division
Ulsan,83,K League 1
Sampdoria,32,Serie B
Peterborough United,60,League One
Brann,41,Eliteserien
Southampton,14,Championship
Spezia,32,Serie B
Ascoli,32,Serie B
Brann,41,Eliteserien
Drogheda United,65,Premier Division
NorthEast United,2149,Super League
Kerala Blasters,2149,Super League
Shandong Taishan,2012,Super League
Aalesund,41,Eliteserien
Aalesund,41,Eliteserien
Zagłębie Lubin,66,Ekstraklasa
Beijing Guoan,2012,Super League
Colorado Rapids,39,Major League Soccer
Kayserispor,68,Süper Lig
Varberg BoIS,56,Allsvenskan
Häcken,56,Allsvenskan
Jamshedpur,2149,Super League
Vålerenga,41,Eliteserien
Fortuna Düsseldorf,20,2. Bundesliga
Bengaluru,2149,Super League
Salford City,61,League Two
Jamshedpur,2149,Super League
Fortuna Düsseldorf,20,2. Bundesliga
Shenzhen,2012,Super League
Kerala Blasters,2149,Super League
Vejle,1,Superliga
AFC Wimbledon,61,League Two
Lecco,32,Serie B
U Craiova 1948,330,Liga I
Verl,2076,3. Liga
Viking,41,Eliteserien
Lillestrøm,41,Eliteserien
Kalmar,56,Allsvenskan
Rot-Weiss Essen,2076,3. Liga
St. Johnstone,50,Premiership
Voluntari,330,Liga I
Voluntari,330,Liga I
Wehen Wiesbaden,20,2. Bundesliga
Oriente Petrolero,2017,División de Fútbol Profesional
Charlotte,39,Major League Soccer
Crawley Town,61,League Two
Huddersfield Town,14,Championship
Goa,2149,Super League
Al Ain,2013,Pro League
Shandong Taishan,2012,Super League
Real Salt Lake,39,Major League Soccer
Odd,41,Eliteserien
Silkeborg,1,Superliga
Hearts,50,Premiership
Hannover 96,20,2. Bundesliga
Sutton United,61,League Two
Modena,32,Serie B
Pogoń Szczecin,66,Ekstraklasa
Punjab,2149,Super League
Modena,32,Serie B
Melbourne City,351,A-League Men
East Bengal,2149,Super League
SpVgg Greuther Fürth,20,2. Bundesliga
UCD,65,Premier Division
OB,1,Superliga
Al Fayha,350,Pro League
IFK Göteborg,56,Allsvenskan
Verl,2076,3. Liga
Swansea City,14,Championship
Peterborough United,60,League One
Incheon United,83,K League 1
Fortuna Düsseldorf,20,2. Bundesliga
Real Salt Lake,39,Major League Soccer
Bristol Rovers,60,League One
Lecce,31,Serie A
Drogheda United,65,Premier Division
St. Gallen,189,Super League
UCD,65,Premier Division
Cardiff City,14,Championship
Chennaiyin,2149,Super League
Degerfors,56,Allsvenskan
Watford,14,Championship
Newport County,61,League Two
Chennaiyin,2149,Super League
Viktoria Köln,2076,3. Liga
İstanbul Başakşehir,68,Süper Lig
Al Raed,350,Pro League
Samsunspor,68,Süper Lig
Voluntari,330,Liga I
Antalyaspor,68,Süper Lig
DC United,39,Major League Soccer
UCD,65,Premier Division
Al Nassr,350,Pro League
Erzgebirge Aue,2076,3. Liga
UCD,65,Premier Division
Orlando City,39,Major League Soccer
Kayserispor,68,Süper Lig
Al Fayha,350,Pro League
Reading,60,League One
Petrolul 52,330,Liga I
UCD,65,Premier Division
Crewe Alexandra,61,League Two
Viking,41,Eliteserien
Melbourne Victory,351,A-League Men
Randers,1,Superliga
APOEL,318,1. Division
Widzew Łódź,66,Ekstraklasa
Jagiellonia Białystok,66,Ekstraklasa
Accrington Stanley,61,League Two
HJK,322,Veikkausliiga
Tranmere Rovers,61,League Two
DSC Arminia Bielefeld,2076,3. Liga
Young Boys,189,Super League
Sivasspor,68,Süper Lig
Verl,2076,3. Liga
Suwon Bluewings,83,K League 1
Young Boys,189,Super League
Kalmar,56,Allsvenskan
Elfsborg,56,Allsvenskan
West Bromwich Albion,14,Championship
Aston Villa,13,Premier League
Mansfield Town,61,League Two
Viking,41,Eliteserien
Hyderabad,2149,Super League
Sirius,56,Allsvenskan
Silkeborg,1,Superliga
Crawley Town,61,League Two
Nordsjælland,1,Superliga
Austria Klagenfurt,80,Bundesliga
Monagas,2019,Primera Division
Millwall,14,Championship
Universitatea Cluj,330,Liga I
Toronto,39,Major League Soccer
HamKam,41,Eliteserien
New York RB,39,Major League Soccer
Blackpool,60,League One
Zürich,189,Super League
Cagliari,31,Serie A
Drogheda United,65,Premier Division
Genoa,31,Serie A
Lecco,32,Serie B
Brisbane Roar,351,A-League Men
Pisa,32,Serie B
Sampdoria,32,Serie B
Luzern,189,Super League
Sampdoria,32,Serie B
Jamshedpur,2149,Super League
Brisbane Roar,351,A-League Men
Sandefjord,41,Eliteserien
Hamburger SV,20,2. Bundesliga
Barnsley,60,League One
Guaraní,337,Primera División
Sydney FC,351,A-League Men
West Bromwich Albion,14,Championship
Samsunspor,68,Süper Lig
Guaraní,337,Primera División
Hull City,14,Championship
Metropolitanos,2019,Primera Division
Zürich,189,Super League
Strømsgodset,41,Eliteserien
Cambridge United,60,League One
Dundalk,65,Premier Division
Nordsjælland,1,Superliga
Monagas,2019,Primera Division
Al Hazem,350,Pro League
Mumbai City,2149,Super League
Al Ettifaq,350,Pro League
Degerfors,56,Allsvenskan
Stabæk,41,Eliteserien
Rheindorf Altach,80,Bundesliga
Adana Demirspor,68,Süper Lig
Tromsø,41,Eliteserien
Yverdon Sport,189,Super League
Warta Poznań,66,Ekstraklasa
Bristol City,14,Championship
Ascoli,32,Serie B
SpVgg Greuther Fürth,20,2. Bundesliga
Forest Green Rovers,61,League Two
Houston Dynamo,39,Major League Soccer
Newcastle Jets,351,A-League Men
Gangwon,83,K League 1
HamKam,41,Eliteserien
Wuhan Three Towns,2012,Super League
UCD,65,Premier Division
Hartberg,80,Bundesliga
Cracovia Kraków,66,Ekstraklasa
Middlesbrough,14,Championship
Aalesund,41,Eliteserien
Philadelphia Union,39,Major League Soccer
Tianjin Jinmen Tiger,2012,Super League
Dundalk,65,Premier Division
Zhejiang,2012,Super League
Accrington Stanley,61,League Two
Fleetwood Town,60,League One
Al Tai,350,Pro League
Wigan Athletic,60,League One
Abha,350,Pro League
Dundalk,65,Premier Division
Sarpsborg 08,41,Eliteserien
Zhejiang,2012,Super League
Cork City,65,Premier Division
Rapid Bucuresti,330,Liga I
Mumbai City,2149,Super League
Ruch Chorzów,66,Ekstraklasa
Tromsø,41,Eliteserien
København,1,Superliga
Mechelen,4,Pro League
Punjab,2149,Super League
Wellington Phoenix,351,A-League Men
Chennaiyin,2149,Super League
Al Fateh,350,Pro League
Norrköping,56,Allsvenskan
East Bengal,2149,Super League
Henan,2012,Super League
ATK Mohun Bagan,2149,Super League
Nantong Zhiyun,2012,Super League
Sydney FC,351,A-League Men
Sint-Truiden,4,Pro League
Bengaluru,2149,Super League
Parma,32,Serie B
Kasımpaşa,68,Süper Lig
Vejle,1,Superliga
Shamrock Rovers,65,Premier Division
Haugesund,41,Eliteserien
Milton Keynes Dons,61,League Two
Nantong Zhiyun,2012,Super League
Haugesund,41,Eliteserien
Houston Dynamo,39,Major League Soccer
Middlesbrough,14,Championship
Melbourne Victory,351,A-League Men
Cittadella,32,Serie B
Lech Poznań,66,Ekstraklasa
Chennaiyin,2149,Super League
Śląsk Wrocław,66,Ekstraklasa
Chennaiyin,2149,Super League
Sepsi,330,Liga I
Śląsk Wrocław,66,Ekstraklasa
Daejeon Citizen,83,K League 1
Saarbrücken,2076,3. Liga
Wehen Wiesbaden,20,2. Bundesliga
Punjab,2149,Super League
Central Coast Mariners,351,A-League Men
Odd,41,Eliteserien
Gillingham,61,League Two
Degerfors,56,Allsvenskan
Real Salt Lake,39,Major League Soccer
Grimsby Town,61,League Two
Lech Poznań,66,Ekstraklasa
Fenerbahçe,68,Süper Lig
Columbus Crew,39,Major League Soccer
New York RB,39,Major League Soccer
NorthEast United,2149,Super League
Parma,32,Serie B
AFC Wimbledon,61,League Two
Macarthur,351,A-League Men
Varberg BoIS,56,Allsvenskan
Bristol Rovers,60,League One
Shanghai Shenhua,2012,Super League
Tranmere Rovers,61,League Two
U Craiova 1948,330,Liga I
Punjab,2149,Super League
Norrköping,56,Allsvenskan
Milton Keynes Dons,61,League Two
Cambridge United,60,League One
Daegu,83,K League 1
Servette,189,Super League
Hvidovre,1,Superliga
Western Sydney Wanderers,351,A-League Men
Vejle,1,Superliga
Al Shabab,350,Pro League
Al Taawon,350,Pro League
Varberg BoIS,56,Allsvenskan
Bristol City,14,Championship
New York City,39,Major League Soccer
Varberg BoIS,56,Allsvenskan
Viktoria Köln,2076,3. Liga
Kerala Blasters,2149,Super League
Värnamo,56,Allsvenskan
Gillingham,61,League Two
Häcken,56,Allsvenskan
Wuhan Three Towns,2012,Super League
Salford City,61,League Two
Verl,2076,3. Liga
ATK Mohun Bagan,2149,Super League
Northampton Town,60,League One
Al Nassr,350,Pro League
Hyderabad,2149,Super League
Grimsby Town,61,League Two
Orlando City,39,Major League Soccer
Vålerenga,41,Eliteserien
Harrogate Town,61,League Two
Bohemians,65,Premier Division
Milton Keynes Dons,61,League Two
Korona Kielce,66,Ekstraklasa
Korona Kielce,66,Ekstraklasa
Häcken,56,Allsvenskan
Reggiana,32,Serie B
Al Fateh,350,Pro League
Sydney FC,351,A-League Men
Guabirá,2017,División de Fútbol Profesional
Milton Keynes Dons,61,League Two
Melbourne City,351,A-League Men
Cork City,65,Premier Division
Sporting Kansas City,39,Major League Soccer
Meizhou Hakka,2012,Super League
Punjab,2149,Super League
Dynamo Dresden,2076,3. Liga
Como,32,Serie B
Caracas,2019,Primera Division
Odd,41,Eliteserien
Konyaspor,68,Süper Lig
Jagiellonia Białystok,66,Ekstraklasa
Kerala Blasters,2149,Super League
Cittadella,32,Serie B
Western Sydney Wanderers,351,A-League Men
Sunderland,14,Championship
Punjab,2149,Super League
Portland Timbers,39,Major League Soccer
Sydney FC,351,A-League Men
Bari 1908,32,Serie B
Empoli,31,Serie A
Macarthur,351,A-League Men
Qingdao Hainiu,2012,Super League
Qingdao Hainiu,2012,Super League
Cincinnati,39,Major League Soccer
East Bengal,2149,Super League
UCD,65,Premier Division
Stoke City,14,Championship
Jahn Regensburg,2076,3. Liga
Erzgebirge Aue,2076,3. Liga
Malmö FF,56,Allsvenskan
Watford,14,Championship
Chengdu Rongcheng,2012,Super League
Melbourne City,351,A-League Men
AIK,56,Allsvenskan
Odd,41,Eliteserien
Austin,39,Major League Soccer
OB,1,Superliga
Young Boys,189,Super League
Incheon United,83,K League 1
ŁKS Łódź,66,Ekstraklasa
Peterborough United,60,League One
Värnamo,56,Allsvenskan
Suwon Bluewings,83,K League 1
Bristol City,14,Championship
Leyton Orient,60,League One
DC United,39,Major League Soccer
Western United,351,A-League Men
Al Wahda,350,Pro League
Deportivo Cuenca,2018,Liga Pro
Jeju United,83,K League 1
Hyderabad,2149,Super League
Hyderabad,2149,Super League
Dundalk,65,Premier Division
Pogoń Szczecin,66,Ekstraklasa
Milton Keynes Dons,61,League Two
Dallas,39,Major League Soccer
Goa,2149,Super League
Hyderabad,2149,Super League
Accrington Stanley,61,League Two
Coventry City,14,Championship
Brisbane Roar,351,A-League Men
Nordsjælland,1,Superliga
Punjab,2149,Super League
Harrogate Town,61,League Two
Melbourne City,351,A-League Men
Zagłębie Lubin,66,Ekstraklasa
Henan,2012,Super League
Al Okhdood,350,Pro League
Jamshedpur,2149,Super League
Botoşani,330,Liga I
Punjab,2149,Super League
Dundalk,65,Premier Division
Jagiellonia Białystok,66,Ekstraklasa
Brisbane Roar,351,A-League Men
Sandefjord,41,Eliteserien
Nordsjælland,1,Superliga
Sandefjord,41,Eliteserien
DC United,39,Major League Soccer
Punjab,2149,Super League
Guaraní,337,Primera División
Salford City,61,League Two
Bengaluru,2149,Super League
Al Hazem,350,Pro League
Dalian Professional,2012,Super League
Al Riyadh,350,Pro League
Chennaiyin,2149,Super League
Real Salt Lake,39,Major League Soccer
Jamshedpur,2149,Super League
Gaziantep F.K.,68,Süper Lig
Degerfors,56,Allsvenskan
Melbourne Victory,351,A-League Men
Crawley Town,61,League Two
Watford,14,Championship
Piast Gliwice,66,Ekstraklasa
Henan,2012,Super League
Grimsby Town,61,League Two
Al Ettifaq,350,Pro League
Blackpool,60,League One
Daegu,83,K League 1
Jeju United,83,K League 1
Cork City,65,Premier Division
East Bengal,2149,Super League
Austria Lustenau,80,Bundesliga
Colorado Rapids,39,Major League Soccer
Al Ittihad,350,Pro League
Jamshedpur,2149,Super League
Crewe Alexandra,61,League Two
Sporting Kansas City,39,Major League Soccer
Kerala Blasters,2149,Super League
Chennaiyin,2149,Super League
Mechelen,4,Pro League
Melbourne City,351,A-League Men
Tranmere Rovers,61,League Two
Kalmar,56,Allsvenskan
Norwich City,14,Championship
Basel,189,Super League
Cangzhou Mighty Lions,2012,Super League
Abha,350,Pro League
Blackpool,60,League One
Punjab,2149,Super League
Punjab,2149,Super League
Sarpsborg 08,41,Eliteserien
Wellington Phoenix,351,A-League Men
Wellington Phoenix,351,A-League Men
Al Fayha,350,Pro League
Shamrock Rovers,65,Premier Division
Hibernian,50,Premiership
Fleetwood Town,60,League One
Bohemians,65,Premier Division
Pohang Steelers,83,K League 1
Daegu,83,K League 1
Kasımpaşa,68,Süper Lig
HJK,322,Veikkausliiga
Kerala Blasters,2149,Super League
NorthEast United,2149,Super League
Jahn Regensburg,2076,3. Liga
NorthEast United,2149,Super League
Piast Gliwice,66,Ekstraklasa
Al Khaleej,350,Pro League
Colorado Rapids,39,Major League Soccer
Punjab,2149,Super League
Colorado Rapids,39,Major League Soccer
Modena,32,Serie B
Cangzhou Mighty Lions,2012,Super League
Central Coast Mariners,351,A-League Men
Bengaluru,2149,Super League
Lyngby,1,Superliga
Hyderabad,2149,Super League
İstanbulspor,68,Süper Lig
Daejeon Citizen,83,K League 1
General Caballero JLM,337,Primera División
AFC Wimbledon,61,League Two
Port Vale,60,League One
Suwon,83,K League 1
Cork City,65,Premier Division
Ruch Chorzów,66,Ekstraklasa
Seattle Sounders,39,Major League Soccer
Kerala Blasters,2149,Super League
Antwerp,4,Pro League
St Patrick's,65,Premier Division
Swindon Town,61,League Two
Spezia,32,Serie B
Rotherham United,14,Championship
Bengaluru,2149,Super League
Blackpool,60,League One
Western Sydney Wanderers,351,A-League Men
Mumbai City,2149,Super League
New York City,39,Major League Soccer
Al Taawon,350,Pro League
Hvidovre,1,Superliga
Reggiana,32,Serie B
Al Ettifaq,350,Pro League
Vejle,1,Superliga
Newcastle Jets,351,A-League Men
Fleetwood Town,60,League One
Punjab,2149,Super League
Swindon Town,61,League Two
Sunderland,14,Championship
Sandefjord,41,Eliteserien
Norrköping,56,Allsvenskan
Sydney FC,351,A-League Men
Hermannstadt,330,Liga I
Dundalk,65,Premier Division
ATK Mohun Bagan,2149,Super League
Al Ittihad,350,Pro League
Nantong Zhiyun,2012,Super League
Al Ettifaq,350,Pro League
Odisha FC,2149,Super League
Sutton United,61,League Two
Cork City,65,Premier Division
UCD,65,Premier Division
Al Shabab,350,Pro League
Al Hilal,350,Pro League
Sepsi,330,Liga I
Colorado Rapids,39,Major League Soccer
Livingston,50,Premiership
Pendikspor,68,Süper Lig
Randers,1,Superliga
Macarthur,351,A-League Men
Universitatea Cluj,330,Liga I
Pendikspor,68,Süper Lig
Cheltenham Town,60,League One
Mumbai City,2149,Super League
Suwon,83,K League 1
Henan,2012,Super League
Caracas,2019,Primera Division
Western United,351,A-League Men
Winterthur,189,Super League
Suwon Bluewings,83,K League 1
Wuhan Three Towns,2012,Super League
Hull City,14,Championship
Plymouth Argyle,14,Championship
Pohang Steelers,83,K League 1
Jahn Regensburg,2076,3. Liga
Rotherham United,14,Championship
Cincinnati,39,Major League Soccer
Al Fayha,350,Pro League
Al Okhdood,350,Pro League
Melbourne City,351,A-League Men
Perth Glory,351,A-League Men
Changchun Yatai,2012,Super League
Stevenage,60,League One
Dundalk,65,Premier Division
Al Wahda,350,Pro League
Western United,351,A-League Men
Adelaide United,351,A-League Men
Nashville SC,39,Major League Soccer
Austria Lustenau,80,Bundesliga
Austria Lustenau,80,Bundesliga
Bodø / Glimt,41,Eliteserien
Seoul,83,K League 1
Seoul,83,K League 1
Forest Green Rovers,61,League Two
Milton Keynes Dons,61,League Two
Blackpool,60,League One
Abha,350,Pro League
Jamshedpur,2149,Super League
Seattle Sounders,39,Major League Soccer
Blackburn Rovers,14,Championship
Mjällby,56,Allsvenskan
UCD,65,Premier Division
UCD,65,Premier Division
UCD,65,Premier Division
Perth Glory,351,A-League Men
Orlando City,39,Major League Soccer
Houston Dynamo,39,Major League Soccer
Orlando City,39,Major League Soccer
Mjällby,56,Allsvenskan
Goa,2149,Super League
Shrewsbury Town,60,League One
Swindon Town,61,League Two
Shrewsbury Town,60,League One
Halmstad,56,Allsvenskan
Al Ittihad,350,Pro League
Melbourne City,351,A-League Men
Wellington Phoenix,351,A-League Men
Chengdu Rongcheng,2012,Super League
Mumbai City,2149,Super League
Elfsborg,56,Allsvenskan
Stabæk,41,Eliteserien
DC United,39,Major League Soccer
Barrow,61,League Two
Al Shabab,350,Pro League
Qingdao Hainiu,2012,Super League
Widzew Łódź,66,Ekstraklasa
Barrow,61,League Two
Hyderabad,2149,Super League
Melbourne Victory,351,A-League Men
Nashville SC,39,Major League Soccer
Bristol City,14,Championship
Norwich City,14,Championship
UCD,65,Premier Division
Lyngby,1,Superliga
Shrewsbury Town,60,League One
Notts County,61,League Two
Dundalk,65,Premier Division
Hull City,14,Championship
Chennaiyin,2149,Super League
Barnsley,60,League One
Austin,39,Major League Soccer
Kortrijk,4,Pro League
Perth Glory,351,A-League Men
Salernitana,31,Serie A
Al Raed,350,Pro League
Al Okhdood,350,Pro League
Sporting Kansas City,39,Major League Soccer
Philadelphia Union,39,Major League Soccer
Lausanne Sport,189,Super League
Meizhou Hakka,2012,Super League
Górnik Zabrze,66,Ekstraklasa
Mansfield Town,61,League Two
Wuhan Three Towns,2012,Super League
Dundee,50,Premiership
Kerala Blasters,2149,Super League
Meizhou Hakka,2012,Super League
Norrköping,56,Allsvenskan
Kerala Blasters,2149,Super League
Bolton Wanderers,60,League One
Punjab,2149,Super League
Drogheda United,65,Premier Division
Dallas,39,Major League Soccer
Punjab,2149,Super League
Hartberg,80,Bundesliga
Tranmere Rovers,61,League Two
Odisha FC,2149,Super League
Lazio,31,Serie A
Sarpsborg 08,41,Eliteserien
Universitatea Cluj,330,Liga I
NorthEast United,2149,Super League
Daegu,83,K League 1
OB,1,Superliga
AFC Wimbledon,61,League Two
Sligo Rovers,65,Premier Division
Al Riyadh,350,Pro League
Ulsan,83,K League 1
Al Ahli Jeddah,350,Pro League
Lincoln City,60,League One
Al Ittihad,350,Pro League
Bristol City,14,Championship
Shrewsbury Town,60,League One
Accrington Stanley,61,League Two
Saarbrücken,2076,3. Liga
Al Raed,350,Pro League
Sandefjord,41,Eliteserien
U Craiova 1948,330,Liga I
Warta Poznań,66,Ekstraklasa
Perth Glory,351,A-League Men
Daejeon Citizen,83,K League 1
Bradford City,61,League Two
Brescia,32,Serie B
Daejeon Citizen,83,K League 1
Hyderabad,2149,Super League
Hvidovre,1,Superliga
Odisha FC,2149,Super League
Hvidovre,1,Superliga
NorthEast United,2149,Super League
Gangwon,83,K League 1
Qingdao Hainiu,2012,Super League
Kasımpaşa,68,Süper Lig
SSC Farul,330,Liga I
Sligo Rovers,65,Premier Division
Saarbrücken,2076,3. Liga
Burton Albion,60,League One
Cambridge United,60,League One
Goa,2149,Super League
Como,32,Serie B
Dalian Professional,2012,Super League
Daegu,83,K League 1
Western United,351,A-League Men
Punjab,2149,Super League
Western United,351,A-League Men
Piast Gliwice,66,Ekstraklasa
Newport County,61,League Two
Port Vale,60,League One
Wuhan Three Towns,2012,Super League
Ternana,32,Serie B
Abha,350,Pro League
New York City,39,Major League Soccer
Daejeon Citizen,83,K League 1
Columbus Crew,39,Major League Soccer
Crewe Alexandra,61,League Two
Mjällby,56,Allsvenskan
Newport County,61,League Two
Newport County,61,League Two
Central Coast Mariners,351,A-League Men
Exeter City,60,League One
Odisha FC,2149,Super League
Al Ettifaq,350,Pro League
Oriente Petrolero,2017,División de Fútbol Profesional
Al Nassr,350,Pro League
UCD,65,Premier Division
Shenzhen,2012,Super League
Colorado Rapids,39,Major League Soccer
Sandefjord,41,Eliteserien
Colorado Rapids,39,Major League Soccer
Stevenage,60,League One
Perth Glory,351,A-League Men
Hvidovre,1,Superliga
Melbourne City,351,A-League Men
Dalian Professional,2012,Super League
Jamshedpur,2149,Super League
Bohemians,65,Premier Division
Cork City,65,Premier Division
Wolfsberger AC,80,Bundesliga
Reggiana,32,Serie B
Tianjin Jinmen Tiger,2012,Super League
Cincinnati,39,Major League Soccer
Al Fayha,350,Pro League
Chennaiyin,2149,Super League
Kalmar,56,Allsvenskan
Chengdu Rongcheng,2012,Super League
Odisha FC,2149,Super League
Drogheda United,65,Premier Division
Cheltenham Town,60,League One
Derry City,65,Premier Division
Changchun Yatai,2012,Super League
Incheon United,83,K League 1
Sandefjord,41,Eliteserien
NorthEast United,2149,Super League
Academia Puerto Cabello,2019,Primera Division
Dundalk,65,Premier Division
Stevenage,60,League One
Al Tai,350,Pro League
Sporting Kansas City,39,Major League Soccer
Melbourne Victory,351,A-League Men
Jamshedpur,2149,Super League
Dalian Professional,2012,Super League
Jamshedpur,2149,Super League
Al Khaleej,350,Pro League
ATK Mohun Bagan,2149,Super League
Western United,351,A-League Men
Mumbai City,2149,Super League
East Bengal,2149,Super League
Port Vale,60,League One
Bradford City,61,League Two
East Bengal,2149,Super League
Shenzhen,2012,Super League
New York RB,39,Major League Soccer
Blau-Weiß Linz,80,Bundesliga
St Patrick's,65,Premier Division
Voluntari,330,Liga I
Al Fateh,350,Pro League
Radomiak Radom,66,Ekstraklasa
Nashville SC,39,Major League Soccer
Sporting Charleroi,4,Pro League
Bengaluru,2149,Super League
Wellington Phoenix,351,A-League Men
Shamrock Rovers,65,Premier Division
Gangwon,83,K League 1
Shamrock Rovers,65,Premier Division
East Bengal,2149,Super League
Chicago Fire,39,Major League Soccer
Rizespor,68,Süper Lig
Shenzhen,2012,Super League
Kayserispor,68,Süper Lig
Al Ahli Jeddah,350,Pro League
Mumbai City,2149,Super League
Hyderabad,2149,Super League
East Bengal,2149,Super League
Zhejiang,2012,Super League
St Patrick's,65,Premier Division
Al Okhdood,350,Pro League
Austria Klagenfurt,80,Bundesliga
Jamshedpur,2149,Super League
Punjab,2149,Super League
Kerala Blasters,2149,Super League
Drogheda United,65,Premier Division
Crewe Alexandra,61,League Two
Daegu,83,K League 1
Punjab,2149,Super League
Wrexham,61,League Two
Al Ahli Jeddah,350,Pro League
Toronto,39,Major League Soccer
Wuhan Three Towns,2012,Super League
Al Ahli Jeddah,350,Pro League
Tianjin Jinmen Tiger,2012,Super League
Bengaluru,2149,Super League
NorthEast United,2149,Super League
Nantong Zhiyun,2012,Super League
Punjab,2149,Super League
Al Okhdood,350,Pro League
Gangwon,83,K League 1
Burton Albion,60,League One
İstanbulspor,68,Süper Lig
Beijing Guoan,2012,Super League
Stevenage,60,League One
Minnesota United,39,Major League Soccer
Al Taawon,350,Pro League
Hyderabad,2149,Super League
Hyderabad,2149,Super League
Shanghai Shenhua,2012,Super League
Real Salt Lake,39,Major League Soccer
St Patrick's,65,Premier Division
Qingdao Hainiu,2012,Super League
Al Taawon,350,Pro League
Cincinnati,39,Major League Soccer
Walsall,61,League Two
New York City,39,Major League Soccer
Grimsby Town,61,League Two
Grimsby Town,61,League Two
Shenzhen,2012,Super League
Al Khaleej,350,Pro League
Al Raed,350,Pro League
Shelbourne,65,Premier Division
Hyderabad,2149,Super League
UCD,65,Premier Division
Suwon,83,K League 1
Cangzhou Mighty Lions,2012,Super League
Charlotte,39,Major League Soccer
Salford City,61,League Two
Al Raed,350,Pro League
Crewe Alexandra,61,League Two
Charlotte,39,Major League Soccer
Al Khaleej,350,Pro League
Salford City,61,League Two
Shanghai Port,2012,Super League
Lyngby,1,Superliga
Bengaluru,2149,Super League
Morecambe,61,League Two
Plymouth Argyle,14,Championship
UCD,65,Premier Division
Brisbane Roar,351,A-League Men
ATK Mohun Bagan,2149,Super League
Tianjin Jinmen Tiger,2012,Super League
Perth Glory,351,A-League Men
Cardiff City,14,Championship
Aston Villa,13,Premier League
Cardiff City,14,Championship
Crewe Alexandra,61,League Two
Punjab,2149,Super League
Mumbai City,2149,Super League
New York RB,39,Major League Soccer
New York RB,39,Major League Soccer
Cork City,65,Premier Division
Milton Keynes Dons,61,League Two
Derry City,65,Premier Division
East Bengal,2149,Super League
East Bengal,2149,Super League
Stevenage,60,League One
Western United,351,A-League Men
Chicago Fire,39,Major League Soccer
Changchun Yatai,2012,Super League
Voluntari,330,Liga I
Western Sydney Wanderers,351,A-League Men
Vancouver Whitecaps,39,Major League Soccer
Odisha FC,2149,Super League
Bengaluru,2149,Super League
Cincinnati,39,Major League Soccer
Sporting Kansas City,39,Major League Soccer
Kerala Blasters,2149,Super League
Henan,2012,Super League
Western United,351,A-League Men
Al Riyadh,350,Pro League
Central Coast Mariners,351,A-League Men
Gaziantep F.K.,68,Süper Lig
Central Coast Mariners,351,A-League Men
Morecambe,61,League Two
Sepsi,330,Liga I
NorthEast United,2149,Super League
Houston Dynamo,39,Major League Soccer
NorthEast United,2149,Super League
Cangzhou Mighty Lions,2012,Super League
Elversberg,20,2. Bundesliga
Nashville SC,39,Major League Soccer
Damac,350,Pro League
Dalian Professional,2012,Super League
Shanghai Shenhua,2012,Super League
Swindon Town,61,League Two
NorthEast United,2149,Super League
Zhejiang,2012,Super League
Sydney FC,351,A-League Men
Minnesota United,39,Major League Soccer
Spezia,32,Serie B
Pisa,32,Serie B
Cangzhou Mighty Lions,2012,Super League
ATK Mohun Bagan,2149,Super League
Nantong Zhiyun,2012,Super League
Wuhan Three Towns,2012,Super League
Daegu,83,K League 1
Wuhan Three Towns,2012,Super League
Shenzhen,2012,Super League
Empoli,31,Serie A
Ulsan,83,K League 1
Gangwon,83,K League 1
Goa,2149,Super League
Suwon,83,K League 1
Elversberg,20,2. Bundesliga
Melbourne Victory,351,A-League Men
Hyderabad,2149,Super League
Saint Louis City,39,Major League Soccer
Hyderabad,2149,Super League
Hyderabad,2149,Super League
Al Riyadh,350,Pro League
Tianjin Jinmen Tiger,2012,Super League
Henan,2012,Super League
UCD,65,Premier Division
Zhejiang,2012,Super League
Drogheda United,65,Premier Division
Derry City,65,Premier Division
Suwon,83,K League 1
Al Okhdood,350,Pro League
Daegu,83,K League 1
DC United,39,Major League Soccer
Al Okhdood,350,Pro League
Petrolul 52,330,Liga I
Sporting Kansas City,39,Major League Soccer
İstanbul Başakşehir,68,Süper Lig
Hyderabad,2149,Super League
Dallas,39,Major League Soccer
Beijing Guoan,2012,Super League
Plymouth Argyle,14,Championship
Pohang Steelers,83,K League 1
Tianjin Jinmen Tiger,2012,Super League
Mumbai City,2149,Super League
UCD,65,Premier Division
Cheltenham Town,60,League One
Spezia,32,Serie B
Pohang Steelers,83,K League 1
Al Fayha,350,Pro League
Chennaiyin,2149,Super League
Chennaiyin,2149,Super League
Sligo Rovers,65,Premier Division
Changchun Yatai,2012,Super League
Cangzhou Mighty Lions,2012,Super League
Mumbai City,2149,Super League
UCD,65,Premier Division
Toronto,39,Major League Soccer
DC United,39,Major League Soccer
Philadelphia Union,39,Major League Soccer
NorthEast United,2149,Super League
Toronto,39,Major League Soccer
Shanghai Shenhua,2012,Super League
Daegu,83,K League 1
Chicago Fire,39,Major League Soccer
Shenzhen,2012,Super League
Wuhan Three Towns,2012,Super League
Sydney FC,351,A-League Men
Hyderabad,2149,Super League
ATK Mohun Bagan,2149,Super League
ATK Mohun Bagan,2149,Super League
Beijing Guoan,2012,Super League
Qingdao Hainiu,2012,Super League
Nantong Zhiyun,2012,Super League
Salford City,61,League Two
Daegu,83,K League 1
Bengaluru,2149,Super League
Punjab,2149,Super League
NorthEast United,2149,Super League
NorthEast United,2149,Super League
Hyderabad,2149,Super League
Hyderabad,2149,Super League
Bengaluru,2149,Super League
Derry City,65,Premier Division
Hyderabad,2149,Super League
Orlando City,39,Major League Soccer
Shanghai Shenhua,2012,Super League
Shenzhen,2012,Super League
Henan,2012,Super League
New York City,39,Major League Soccer
Bohemians,65,Premier Division
East Bengal,2149,Super League
Sandhausen,2076,3. Liga
Chennaiyin,2149,Super League
Tianjin Jinmen Tiger,2012,Super League
Chengdu Rongcheng,2012,Super League
Real Salt Lake,39,Major League Soccer
Bengaluru,2149,Super League
Dalian Professional,2012,Super League
Bengaluru,2149,Super League
Dalian Professional,2012,Super League
Odisha FC,2149,Super League
Orlando City,39,Major League Soccer
Daegu,83,K League 1
Cangzhou Mighty Lions,2012,Super League
Philadelphia Union,39,Major League Soccer
Real Salt Lake,39,Major League Soccer
Shenzhen,2012,Super League
Wuhan Three Towns,2012,Super League
Henan,2012,Super League
Meizhou Hakka,2012,Super League
Zhejiang,2012,Super League
Hyderabad,2149,Super League
Shenzhen,2012,Super League
Nashville SC,39,Major League Soccer
Drogheda United,65,Premier Division
ATK Mohun Bagan,2149,Super League
Motherwell,50,Premiership
Jamshedpur,2149,Super League
Cork City,65,Premier Division
Shenzhen,2012,Super League
Drogheda United,65,Premier Division
Mumbai City,2149,Super League
Zhejiang,2012,Super League
NorthEast United,2149,Super League
